mal_id,title_english,type,source,episodes,duration,rating,score,scored_by,rank,popularity,members,favorites,year,demographics,studios,genres,themes
1,Cowboy Bebop,TV,Original,26,24,R - 17+ (violence & profanity),8.75,1062212,49,41,2057323,89639,1998,[],['Sunrise'],"['Action', 'Award Winning', 'Sci-Fi']","['Adult Cast', 'Space']"
5,Cowboy Bebop: The Movie,Movie,Original,1,115,R - 17+ (violence & profanity),8.38,232423,240,659,412138,1785,,[],['Bones'],"['Action', 'Sci-Fi']","['Adult Cast', 'Space']"
6,Trigun,TV,Manga,26,24,PG-13 - Teens 13 or older,8.22,401751,424,266,834750,17659,1998,['Shounen'],['Madhouse'],"['Action', 'Adventure', 'Sci-Fi']",['Adult Cast']
7,Witch Hunter Robin,TV,Original,26,25,PG-13 - Teens 13 or older,7.26,46713,3603,1993,129851,712,2002,[],['Sunrise'],"['Action', 'Drama', 'Mystery', 'Supernatural']",['Detective']
8,Beet the Vandel Buster,TV,Manga,52,23,PG - Children,7.05,7355,4849,5888,17035,18,2004,['Shounen'],['Toei Animation'],"['Action', 'Adventure', 'Fantasy']",[]
15,,TV,Manga,145,23,PG-13 - Teens 13 or older,7.92,93825,891,1421,196237,2128,2005,['Shounen'],['Gallop'],['Sports'],['Team Sports']
16,Honey and Clover,TV,Manga,24,23,PG-13 - Teens 13 or older,7.99,87398,766,984,285807,4205,2005,['Josei'],['J.C.Staff'],"['Comedy', 'Drama', 'Romance']","['Adult Cast', 'Love Polygon', 'Visual Arts']"
17,,TV,Manga,52,23,PG-13 - Teens 13 or older,7.62,14460,1736,4894,27143,243,2002,['Shounen'],['Nippon Animation'],['Sports'],['Team Sports']
18,,TV,Manga,24,27,PG-13 - Teens 13 or older,8.18,119942,483,1303,215607,1440,2004,['Seinen'],['A.C.G.T.'],"['Action', 'Drama']",['Racing']
19,Monster,TV,Manga,74,24,R+ - Mild Nudity,8.89,512370,26,115,1329606,62093,2004,['Seinen'],['Madhouse'],"['Drama', 'Mystery', 'Suspense']","['Adult Cast', 'Psychological']"
20,Naruto,TV,Manga,220,23,PG-13 - Teens 13 or older,8.02,2142819,726,9,3118601,86513,2002,['Shounen'],['Studio Pierrot'],"['Action', 'Adventure', 'Fantasy']",['Martial Arts']
21,One Piece,TV,Manga,,24,PG-13 - Teens 13 or older,8.73,1530897,55,17,2681729,252104,1999,['Shounen'],['Toei Animation'],"['Action', 'Adventure', 'Fantasy']",[]
22,The Prince of Tennis,TV,Manga,178,22,PG-13 - Teens 13 or older,7.86,88996,1051,1412,198063,3076,2001,['Shounen'],['Trans Arts'],['Sports'],['School']
23,,TV,Manga,12,23,PG - Children,6.69,1903,7029,9116,5718,7,2004,['Shounen'],['Toei Animation'],['Sports'],['Combat Sports']
24,School Rumble,TV,Manga,26,23,PG-13 - Teens 13 or older,7.89,155148,977,806,345410,5408,2004,['Shounen'],['Studio Comet'],"['Comedy', 'Romance']","['Gag Humor', 'Love Polygon', 'School']"
25,Desert Punk,TV,Manga,24,24,R - 17+ (violence & profanity),7.37,58213,2911,1762,152047,880,2004,['Seinen'],['Gonzo'],"['Action', 'Adventure', 'Comedy', 'Sci-Fi', 'Ecchi']",[]
26,Texhnolyze,TV,Original,22,23,R+ - Mild Nudity,7.77,64222,1276,969,290663,5708,2003,[],['Madhouse'],"['Avant Garde', 'Drama', 'Mystery', 'Sci-Fi', 'Suspense']","['Adult Cast', 'Organized Crime', 'Psychological']"
27,Trinity Blood,TV,Light novel,24,24,R - 17+ (violence & profanity),7.3,84348,3334,1396,200626,1428,2005,[],['Gonzo'],"['Action', 'Fantasy', 'Sci-Fi']",['Vampire']
28,Yakitate!! Japan,TV,Manga,69,24,PG-13 - Teens 13 or older,7.91,43354,931,2318,105369,951,2004,['Shounen'],['Sunrise'],"['Comedy', 'Gourmet']",[]
29,,TV,Manga,26,24,PG-13 - Teens 13 or older,7.58,8803,1912,5016,25596,207,2004,['Seinen'],['Studio Deen'],"['Action', 'Drama', 'Sci-Fi']","['Adult Cast', 'Historical', 'Military', 'Time Travel']"
30,Neon Genesis Evangelion,TV,Original,26,24,PG-13 - Teens 13 or older,8.37,1215095,259,44,2029741,117883,1995,[],"['Gainax', 'Tatsunoko Production']","['Avant Garde', 'Award Winning', 'Drama', 'Sci-Fi', 'Suspense']","['Mecha', 'Psychological']"
31,Neon Genesis Evangelion: Death & Rebirth,Movie,Original,1,104,R - 17+ (violence & profanity),7.5,155042,2272,1001,280725,813,,[],"['Gainax', 'Production I.G', 'Tatsunoko Production']","['Drama', 'Sci-Fi', 'Suspense']","['Mecha', 'Psychological']"
32,Neon Genesis Evangelion: The End of Evangelion,Movie,Original,1,86,R+ - Mild Nudity,8.57,697250,128,178,1043501,32509,,[],"['Gainax', 'Production I.G']","['Avant Garde', 'Drama', 'Sci-Fi', 'Suspense']","['Mecha', 'Psychological']"
33,Berserk,TV,Manga,25,23,R+ - Mild Nudity,8.61,413789,110,304,767371,31689,1997,['Seinen'],['OLM'],"['Action', 'Adventure', 'Drama', 'Fantasy', 'Horror']","['Gore', 'Military', 'Psychological']"
43,Ghost in the Shell,Movie,Manga,1,82,R+ - Mild Nudity,8.27,362482,355,337,705198,14357,,['Seinen'],['Production I.G'],"['Award Winning', 'Mystery', 'Sci-Fi', 'Suspense']","['Adult Cast', 'Detective', 'Mecha', 'Psychological']"
44,Samurai X: Trust and Betrayal,OVA,Manga,4,29,R - 17+ (violence & profanity),8.7,144750,68,959,293053,6457,,['Shounen'],['Studio Deen'],"['Action', 'Drama', 'Romance']","['Adult Cast', 'Historical', 'Samurai']"
45,Rurouni Kenshin,TV,Manga,94,25,PG-13 - Teens 13 or older,8.28,248489,349,486,525548,10413,1996,['Shounen'],"['Gallop', 'Studio Deen']","['Action', 'Comedy', 'Romance']","['Historical', 'Samurai']"
46,Samurai X: The Motion Picture,Movie,Manga,1,90,R - 17+ (violence & profanity),7.56,28793,1988,3404,55543,97,,['Shounen'],['Gallop'],['Drama'],"['Historical', 'Samurai']"
47,Akira,Movie,Manga,1,124,R+ - Mild Nudity,8.16,564328,501,209,956113,14983,,['Seinen'],['Tokyo Movie Shinsha'],"['Action', 'Horror', 'Sci-Fi']","['Gore', 'Military', 'Super Power']"
48,.hack//Sign,TV,Original,26,24,PG-13 - Teens 13 or older,6.96,88122,5341,1429,195092,1503,2002,[],['Bee Train'],"['Adventure', 'Fantasy', 'Mystery']",['Video Game']
49,Oh! My Goddess,OVA,Manga,5,30,PG-13 - Teens 13 or older,7.32,28671,3157,3299,58852,264,,['Seinen'],['AIC'],"['Comedy', 'Romance', 'Supernatural']",[]
50,Ah! My Goddess,TV,Manga,24,24,PG-13 - Teens 13 or older,7.33,80860,3087,1624,169893,1175,2005,['Seinen'],['AIC'],"['Comedy', 'Romance', 'Supernatural']",[]
51,Angel Sanctuary,OVA,Manga,3,29,R+ - Mild Nudity,6.24,27916,9718,3506,52685,186,,['Shoujo'],['HAL Film Maker'],"['Action', 'Drama', 'Romance', 'Supernatural']",['Reincarnation']
52,Battle Doll Angelic Layer,TV,Manga,26,24,PG-13 - Teens 13 or older,7.29,30348,3364,3184,63016,332,2001,['Shounen'],['Bones'],"['Award Winning', 'Comedy', 'Drama', 'Sci-Fi']",['Strategy Game']
53,Ai Yori Aoshi,TV,Manga,24,23,PG-13 - Teens 13 or older,7.11,55952,4517,2155,117377,475,2002,['Seinen'],['J.C.Staff'],"['Comedy', 'Drama', 'Romance']",['Harem']
54,,Movie,Manga,1,105,R - 17+ (violence & profanity),7.05,42906,4845,2795,78398,191,,[],['Digital Frontier'],['Sci-Fi'],"['Mecha', 'Military']"
55,,TV,Game,26,22,R - 17+ (violence & profanity),6.65,6885,7241,5698,18465,16,1999,[],['Bee Train'],"['Action', 'Adventure', 'Fantasy', 'Horror', 'Sci-Fi']",[]
56,,TV,Original,13,23,R - 17+ (violence & profanity),5.96,7475,11169,5606,19375,20,2003,[],['Bee Train'],"['Adventure', 'Fantasy', 'Sci-Fi']",[]
57,Beck: Mongolian Chop Squad,TV,Manga,26,24,R - 17+ (violence & profanity),8.29,151557,326,728,376802,9240,2004,['Shounen'],['Madhouse'],['Drama'],['Music']
58,Blue Gender,TV,Original,26,23,R+ - Mild Nudity,7.06,32698,4800,2568,89744,455,1999,[],['AIC'],"['Adventure', 'Drama', 'Horror', 'Sci-Fi']","['Gore', 'Mecha', 'Military', 'Space', 'Survival']"
59,Chobits,TV,Manga,26,24,PG-13 - Teens 13 or older,7.4,265866,2741,497,515317,4382,2002,['Seinen'],['Madhouse'],"['Comedy', 'Drama', 'Romance', 'Sci-Fi', 'Ecchi']",[]
60,Chrono Crusade,TV,Manga,24,23,R - 17+ (violence & profanity),7.61,107866,1759,1191,238291,1970,2003,['Shounen'],['Gonzo'],"['Action', 'Romance', 'Supernatural']","['Historical', 'Mythology']"
61,D.N.Angel,TV,Manga,26,23,PG-13 - Teens 13 or older,7.17,101765,4147,1446,192225,1301,2003,['Shoujo'],['Xebec'],"['Action', 'Comedy', 'Fantasy', 'Romance']",['School']
62,D.C.~Da Capo~,TV,Visual novel,26,23,PG-13 - Teens 13 or older,6.75,32077,6595,2767,79636,199,2003,[],"['feel.', 'Zexcs']","['Drama', 'Romance']",['Harem']
63,DearS,TV,Manga,12,23,R+ - Mild Nudity,6.56,82771,7791,1711,157356,373,2004,['Shounen'],['Daume'],"['Comedy', 'Romance', 'Sci-Fi', 'Ecchi']",[]
64,Rozen Maiden,TV,Manga,12,24,PG-13 - Teens 13 or older,7.42,102170,2645,1282,220135,2143,2004,['Seinen'],['Nomad'],"['Action', 'Drama', 'Supernatural']",[]
65,Rozen Maiden: Träumend,TV,Manga,12,24,PG-13 - Teens 13 or older,7.63,61916,1716,2224,111667,495,2005,['Seinen'],['Nomad'],"['Action', 'Drama', 'Supernatural']",[]
66,Azumanga Daioh: The Animation,TV,4-koma manga,26,24,PG-13 - Teens 13 or older,8.08,184136,625,631,427485,9435,2002,[],['J.C.Staff'],['Comedy'],"['CGDCT', 'Gag Humor', 'School']"
67,Basilisk,TV,Manga,24,24,R - 17+ (violence & profanity),7.54,82197,2057,1376,203971,1469,2005,['Seinen'],['Gonzo'],"['Action', 'Drama', 'Romance']","['Adult Cast', 'Gore', 'Historical', 'Martial Arts', 'Samurai']"
68,Black Cat,TV,Manga,23,24,PG-13 - Teens 13 or older,7.32,133852,3158,994,283448,1856,2005,['Shounen'],['Gonzo'],"['Action', 'Adventure', 'Sci-Fi']",['Super Power']
69,,TV,Original,25,24,PG-13 - Teens 13 or older,6.44,3462,8517,6781,11953,15,2005,[],['Sunrise'],"['Action', 'Fantasy', 'Sci-Fi']",['Military']
71,Full Metal Panic!,TV,Light novel,24,24,R - 17+ (violence & profanity),7.59,251965,1842,478,531909,4499,2002,[],['Gonzo'],['Comedy'],"['Mecha', 'Military']"
72,Full Metal Panic? Fumoffu,TV,Light novel,12,24,PG-13 - Teens 13 or older,8.02,181981,719,907,312132,3023,2003,[],['Kyoto Animation'],"['Action', 'Comedy']","['Gag Humor', 'School']"
73,Full Metal Panic! The Second Raid,TV,Light novel,13,24,R - 17+ (violence & profanity),7.92,154060,892,1032,273905,1310,2005,[],['Kyoto Animation'],[],"['Mecha', 'Military']"
74,Gakuen Alice,TV,Manga,26,25,G - All Ages,7.67,54463,1551,2285,107251,1516,2004,['Shoujo'],['Group TAC'],['Comedy'],"['School', 'Super Power']"
75,Fafner,TV,Original,25,24,PG-13 - Teens 13 or older,7.33,16567,3148,3483,53368,278,2004,[],['Xebec'],"['Drama', 'Sci-Fi']","['Mecha', 'Military']"
76,Magical Girl Lyrical Nanoha,TV,Original,13,25,PG-13 - Teens 13 or older,7.44,44650,2544,2226,111461,1093,2004,[],['Seven Arcs'],"['Action', 'Comedy', 'Drama']",['Mahou Shoujo']
77,Magical Girl Lyrical Nanoha A's,TV,Original,13,25,PG-13 - Teens 13 or older,7.98,35929,792,2995,69974,1025,2005,[],['Seven Arcs'],"['Action', 'Comedy', 'Drama']",['Mahou Shoujo']
79,Shuffle!,TV,Visual novel,24,24,R+ - Mild Nudity,7.01,139914,5127,954,293592,1524,2005,[],['asread.'],"['Comedy', 'Fantasy', 'Romance', 'Ecchi']","['Harem', 'School', 'Urban Fantasy']"
80,Mobile Suit Gundam,TV,Original,43,24,PG-13 - Teens 13 or older,7.79,69040,1214,1758,152297,2742,1979,[],['Sunrise'],"['Drama', 'Sci-Fi']","['Mecha', 'Military', 'Space']"
81,Mobile Suit Gundam: The 08th MS Team,OVA,Original,12,24,PG-13 - Teens 13 or older,8.01,52061,735,2485,94700,1230,,[],['Sunrise'],"['Drama', 'Romance', 'Sci-Fi']","['Mecha', 'Military']"
82,Mobile Suit Gundam 0080: War in the Pocket,OVA,Original,6,27,PG-13 - Teens 13 or older,8.04,39336,695,2974,70904,1236,,[],['Sunrise'],"['Drama', 'Sci-Fi']","['Mecha', 'Military', 'Space']"
83,Mobile Suit Gundam: The 08th MS Team - Miller's Report,Movie,Original,1,52,PG-13 - Teens 13 or older,6.73,7349,6752,6173,15044,6,,[],['Sunrise'],"['Drama', 'Romance', 'Sci-Fi']","['Mecha', 'Military']"
84,Mobile Suit Gundam 0083: Stardust Memory,OVA,Original,13,28,PG-13 - Teens 13 or older,7.25,29529,3641,3520,52389,282,,[],['Sunrise'],"['Drama', 'Romance', 'Sci-Fi']","['Mecha', 'Military', 'Space']"
85,Mobile Suit Zeta Gundam,TV,Original,50,24,PG-13 - Teens 13 or older,7.93,45531,864,2591,88435,2734,1985,[],['Sunrise'],"['Drama', 'Romance', 'Sci-Fi']","['Mecha', 'Military', 'Space']"
86,Mobile Suit Gundam ZZ,TV,Original,47,24,PG-13 - Teens 13 or older,6.77,26289,6504,3542,51802,227,1986,[],['Sunrise'],"['Comedy', 'Drama', 'Sci-Fi']","['Mecha', 'Military', 'Space']"
87,Mobile Suit Gundam: Char's Counterattack,Movie,Novel,1,119,PG-13 - Teens 13 or older,7.73,35581,1375,3267,59638,618,,[],['Sunrise'],"['Drama', 'Sci-Fi']","['Mecha', 'Military', 'Space']"
88,Mobile Suit Gundam F91,Movie,Original,1,120,PG-13 - Teens 13 or older,6.61,20653,7505,4193,38127,91,,[],['Sunrise'],"['Drama', 'Sci-Fi']","['Mecha', 'Military', 'Space']"
89,Mobile Suit Victory Gundam,TV,Original,51,24,PG-13 - Teens 13 or older,6.83,13265,6108,4509,32604,177,1993,[],['Sunrise'],"['Drama', 'Sci-Fi']","['Mecha', 'Military', 'Space']"
90,Mobile Suit Gundam Wing,TV,Original,49,24,PG-13 - Teens 13 or older,7.67,95273,1573,1610,171986,2481,1995,[],['Sunrise'],"['Drama', 'Sci-Fi']","['Mecha', 'Military', 'Space']"
91,Mobile Suit Gundam Wing: Endless Waltz,OVA,Original,3,30,PG-13 - Teens 13 or older,7.77,29591,1275,3529,52102,182,,[],['Sunrise'],"['Award Winning', 'Drama', 'Sci-Fi']","['Mecha', 'Military', 'Space']"
92,After War Gundam X,TV,Original,39,24,PG-13 - Teens 13 or older,7.44,18134,2540,4043,40883,249,1996,[],['Sunrise'],"['Adventure', 'Drama', 'Sci-Fi']","['Mecha', 'Space']"
93,Mobile Suit Gundam SEED,TV,Original,50,24,R - 17+ (violence & profanity),7.74,102541,1334,1497,185797,3752,2002,[],['Sunrise'],"['Award Winning', 'Drama', 'Romance', 'Sci-Fi']","['Mecha', 'Military', 'Space']"
94,Mobile Suit Gundam SEED Destiny,TV,Original,50,24,R - 17+ (violence & profanity),7.17,69847,4168,2156,117313,1161,2004,[],['Sunrise'],"['Drama', 'Romance', 'Sci-Fi']","['Mecha', 'Military', 'Space']"
95,∀ Gundam,TV,Original,50,24,PG-13 - Teens 13 or older,7.88,19980,1001,3379,56169,1273,1999,[],['Sunrise'],"['Adventure', 'Award Winning', 'Drama', 'Romance', 'Sci-Fi']","['Mecha', 'Military', 'Space']"
96,Mobile Fighter G Gundam,TV,Original,49,24,PG-13 - Teens 13 or older,7.63,40595,1708,2844,76002,1144,1994,[],['Sunrise'],"['Drama', 'Romance', 'Sci-Fi']","['Mecha', 'Space']"
97,Last Exile,TV,Original,26,24,PG-13 - Teens 13 or older,7.79,74455,1215,1478,188674,1955,2003,[],['Gonzo'],"['Action', 'Adventure', 'Sci-Fi']",[]
98,My-Hime,TV,Original,26,23,PG-13 - Teens 13 or older,7.42,53903,2638,2089,122469,1155,2004,[],['Sunrise'],"['Action', 'Girls Love']","['Mahou Shoujo', 'School']"
99,My-Otome,TV,Original,26,23,PG-13 - Teens 13 or older,7.32,26636,3187,3443,54627,314,2005,[],['Sunrise'],"['Comedy', 'Drama', 'Fantasy']",[]
100,Prétear: The New Legend of Snow White,TV,Manga,13,23,PG-13 - Teens 13 or older,7.19,30685,4059,3008,69379,467,2001,['Shoujo'],['HAL Film Maker'],"['Drama', 'Romance']","['Mahou Shoujo', 'Reverse Harem']"
101,Air,TV,Visual novel,12,24,PG-13 - Teens 13 or older,7.28,159406,3402,903,313455,2788,2005,[],['Kyoto Animation'],"['Drama', 'Romance', 'Supernatural']",[]
102,"Babe, My Love",TV,Manga,26,25,PG-13 - Teens 13 or older,7.45,55531,2475,2277,107913,565,2004,['Shoujo'],['TMS Entertainment'],"['Comedy', 'Drama', 'Romance']",['Childcare']
103,Red Riding Hood Chacha,TV,Manga,74,24,G - All Ages,7.57,6544,1917,5731,18233,116,1994,['Shoujo'],['Gallop'],"['Adventure', 'Comedy', 'Romance']",['Mahou Shoujo']
104,"Ceres, Celestial Legend",TV,Manga,24,21,R - 17+ (violence & profanity),7.19,28921,4022,3070,66792,498,2000,['Shoujo'],['Studio Pierrot'],"['Adventure', 'Drama', 'Horror', 'Romance', 'Supernatural']","['Psychological', 'Reincarnation']"
105,Boys Be...,TV,Manga,13,23,PG-13 - Teens 13 or older,6.47,10269,8332,4987,25874,49,2000,['Shounen'],['HAL Film Maker'],"['Comedy', 'Romance']",['School']
106,Hana Yori Dango,TV,Manga,51,24,PG-13 - Teens 13 or older,7.61,27458,1771,3054,67671,843,1996,['Shoujo'],['Toei Animation'],"['Drama', 'Romance']","['Love Polygon', 'School']"
107,Jing: King of Bandits,TV,Manga,13,24,PG-13 - Teens 13 or older,7.24,15563,3735,4065,40497,213,2002,['Shounen'],['Studio Deen'],"['Adventure', 'Comedy', 'Fantasy', 'Sci-Fi']",[]
108,Jing: King of Bandits - Seventh Heaven,OVA,Manga,3,28,PG-13 - Teens 13 or older,7.24,5784,3733,6390,13767,27,,['Shounen'],['Studio Deen'],"['Adventure', 'Comedy', 'Fantasy']",['Psychological']
109,Burst Angel,TV,Original,24,23,PG-13 - Teens 13 or older,6.81,32819,6218,2830,76722,243,2004,[],['Gonzo'],"['Adventure', 'Sci-Fi']",['Mecha']
110,Cooking Master Boy,TV,Manga,52,23,PG-13 - Teens 13 or older,7.59,8846,1838,5353,21878,125,1997,['Shounen'],['Nippon Animation'],"['Action', 'Comedy', 'Drama', 'Gourmet']",[]
111,Corrector Yui,TV,Original,52,25,G - All Ages,7.04,8038,4910,5576,19574,107,1999,[],['Nippon Animation'],"['Adventure', 'Comedy', 'Sci-Fi']",[]
112,The Cosmopolitan Prayers,TV,Original,8,17,PG-13 - Teens 13 or older,5.01,3738,14320,7309,9981,4,2004,[],"['Imagin', 'Studio Live']","['Action', 'Adventure', 'Comedy', 'Fantasy', 'Sci-Fi', 'Ecchi']",['Super Power']
113,Stellvia,TV,Original,26,23,PG-13 - Teens 13 or older,7.42,10599,2655,4875,27400,130,2003,[],['Xebec'],"['Romance', 'Sci-Fi']","['Mecha', 'Space']"
114,Cromartie High School,TV,Manga,26,11,PG-13 - Teens 13 or older,7.9,58661,953,1729,155170,1778,2003,['Shounen'],['Production I.G'],['Comedy'],"['Delinquents', 'Gag Humor', 'Parody', 'School']"
115,El Hazard: The Alternative World,TV,Original,13,24,PG-13 - Teens 13 or older,6.88,5810,5820,6434,13545,10,1998,[],['AIC'],"['Adventure', 'Comedy', 'Fantasy']",['Isekai']
116,El-Hazard: The Wanderers,TV,Original,26,23,PG-13 - Teens 13 or older,7.02,8097,5069,5479,20446,42,1995,[],['AIC'],"['Adventure', 'Comedy', 'Fantasy', 'Romance']",['Isekai']
117,El Hazard: The Magnificent World,OVA,Original,7,34,PG-13 - Teens 13 or older,7.33,8981,3145,5236,22978,107,,[],['AIC'],"['Adventure', 'Comedy', 'Fantasy', 'Romance']","['Crossdressing', 'Isekai']"
118,El Hazard 2: The Magnificent World,OVA,Original,4,30,PG-13 - Teens 13 or older,6.89,5144,5775,7084,10758,6,,[],['AIC'],"['Adventure', 'Comedy', 'Fantasy']",['Isekai']
119,,TV,Visual novel,13,14,PG-13 - Teens 13 or older,6.55,18582,7862,4212,37659,50,2004,[],"['Trinet Entertainment', 'Zexcs']","['Comedy', 'Drama', 'Romance']",[]
120,Fruits Basket,TV,Manga,26,24,PG-13 - Teens 13 or older,7.7,295123,1458,439,568132,10025,2001,['Shoujo'],['Studio Deen'],"['Drama', 'Romance', 'Supernatural']","['Love Polygon', 'School']"
121,Fullmetal Alchemist,TV,Manga,51,24,R - 17+ (violence & profanity),8.12,932838,563,89,1558778,26923,2003,['Shounen'],['Bones'],"['Action', 'Adventure', 'Award Winning', 'Drama', 'Fantasy']",['Military']
122,Looking for the Full Moon,TV,Manga,52,24,PG-13 - Teens 13 or older,7.96,50493,824,2146,118508,1932,2002,['Shoujo'],['Studio Deen'],"['Comedy', 'Drama', 'Romance', 'Supernatural']","['Music', 'Showbiz']"
123,Mysterious Play,TV,Manga,52,23,PG-13 - Teens 13 or older,7.61,54556,1767,2002,129243,2167,1995,['Shoujo'],['Studio Pierrot'],"['Action', 'Adventure', 'Fantasy', 'Romance']","['Historical', 'Isekai', 'Martial Arts', 'Reverse Harem']"
124,Mysterious Play: Eikoden,OVA,Manga,4,30,PG-13 - Teens 13 or older,6.79,9547,6351,5610,19345,39,,['Shoujo'],['Studio Pierrot'],"['Adventure', 'Drama', 'Fantasy', 'Romance']",['Isekai']
125,Twin Love,TV,Original,13,24,PG-13 - Teens 13 or older,6.52,17148,8044,4202,37899,26,2004,[],['Telecom Animation Film'],"['Comedy', 'Romance']",['School']
126,Twin Love 2,TV,Original,13,24,PG-13 - Teens 13 or older,6.95,12847,5423,4442,33867,88,2005,[],"['ufotable', 'feel.', 'Studio Flag']","['Comedy', 'Drama', 'Romance']",[]
127,,TV,Game,24,25,PG-13 - Teens 13 or older,7.0,10292,5150,5094,24560,61,2000,[],['Gonzo'],"['Comedy', 'Fantasy', 'Sci-Fi']",['Mecha']
128,,OVA,Game,6,25,PG-13 - Teens 13 or older,6.79,5019,6353,6847,11657,21,,[],['Gonzo'],"['Drama', 'Sci-Fi']",['Mecha']
129,Saiyuki,TV,Manga,50,23,R - 17+ (violence & profanity),7.53,22296,2109,3279,59259,805,2000,['Shounen'],['Studio Pierrot'],"['Action', 'Adventure', 'Drama', 'Fantasy']",[]
130,Saiyuki Reload,TV,Manga,25,23,PG-13 - Teens 13 or older,7.35,14287,3019,4178,38406,121,2003,['Josei'],['Studio Pierrot'],"['Action', 'Adventure', 'Comedy', 'Drama', 'Supernatural']",['Mythology']
131,Saiyuki Gunlock,TV,Manga,26,24,PG-13 - Teens 13 or older,7.36,9098,2966,5022,25464,49,2004,['Josei'],['Studio Pierrot'],"['Action', 'Adventure', 'Comedy', 'Drama', 'Supernatural']",['Mythology']
132,Getbackers,TV,Manga,49,24,PG-13 - Teens 13 or older,7.58,55747,1888,2003,129109,918,2002,['Shounen'],['Studio Deen'],"['Action', 'Mystery', 'Supernatural']",['Super Power']
133,Green Green,TV,Visual novel,12,24,R+ - Mild Nudity,6.14,68333,10255,2086,122589,233,2003,[],['Studio Matrix'],"['Comedy', 'Romance', 'Ecchi']",['School']
134,Gunslinger Girl,TV,Manga,13,24,R - 17+ (violence & profanity),7.4,81718,2752,1373,204189,1257,2003,[],['Madhouse'],"['Action', 'Drama', 'Sci-Fi', 'Suspense']","['Military', 'Psychological']"
135,Hikaru no Go,TV,Manga,75,23,PG-13 - Teens 13 or older,8.08,66905,626,1782,150236,2583,2001,['Shounen'],['Studio Pierrot'],"['Comedy', 'Drama', 'Supernatural']","['School', 'Strategy Game']"
136,Hunter x Hunter,TV,Manga,62,23,PG-13 - Teens 13 or older,8.44,315325,195,378,649120,12190,1999,['Shounen'],['Nippon Animation'],"['Action', 'Adventure', 'Fantasy']",[]
137,,OVA,Manga,8,23,PG-13 - Teens 13 or older,8.33,70917,292,1917,137615,445,,['Shounen'],['Nippon Animation'],"['Action', 'Adventure', 'Fantasy']",[]
138,,OVA,Manga,8,23,PG-13 - Teens 13 or older,8.19,92877,463,1522,182898,325,,['Shounen'],['Nippon Animation'],"['Action', 'Adventure', 'Fantasy']",[]
139,,OVA,Manga,14,23,PG-13 - Teens 13 or older,8.26,84188,373,1709,157566,262,,['Shounen'],['Nippon Animation'],"['Action', 'Adventure', 'Fantasy']",[]
141,Jinki: Extend,TV,Manga,12,23,R - 17+ (violence & profanity),6.23,5031,9754,6438,13522,11,2005,['Shounen'],['feel.'],['Sci-Fi'],['Mecha']
142,,TV,Manga,44,24,PG-13 - Teens 13 or older,7.5,30349,2262,3208,61626,572,1999,['Shoujo'],['Toei Animation'],"['Action', 'Drama', 'Romance', 'Supernatural']","['Mahou Shoujo', 'Reincarnation', 'School']"
143,Destiny of the Shrine Maiden,TV,Manga,12,24,PG-13 - Teens 13 or older,6.83,32250,6104,2824,77013,718,2004,['Shounen'],['TNK'],"['Drama', 'Girls Love', 'Supernatural']",['Mecha']
144,,TV,Visual novel,13,24,G - All Ages,7.08,28936,4714,2960,71398,230,2002,[],['Toei Animation'],"['Drama', 'Romance', 'Supernatural']",[]
145,His and Her Circumstances,TV,Manga,26,24,PG-13 - Teens 13 or older,7.61,87048,1779,1103,255136,2907,1998,['Shoujo'],"['Gainax', 'J.C.Staff']","['Comedy', 'Drama', 'Romance']",['School']
146,This Ugly Yet Beautiful World,TV,Original,12,24,R+ - Mild Nudity,6.74,30095,6684,3116,65059,163,2004,[],"['Gainax', 'Shaft']","['Comedy', 'Drama', 'Romance', 'Sci-Fi', 'Ecchi']",[]
147,Rumbling Hearts,TV,Visual novel,14,23,R+ - Mild Nudity,7.18,71536,4096,1781,150362,1107,2003,[],['Studio Fantasia'],"['Drama', 'Romance']",['Love Polygon']
148,Diamond Daydreams,TV,Visual novel,12,24,PG-13 - Teens 13 or older,6.74,3286,6680,7102,10704,11,2004,[],['Studio Deen'],"['Drama', 'Romance']",[]
149,Loveless,TV,Manga,12,24,PG-13 - Teens 13 or older,6.71,72799,6887,1806,147401,1297,2005,['Josei'],['J.C.Staff'],"['Boys Love', 'Drama', 'Mystery', 'Supernatural']",[]
150,Blood+,TV,Original,50,23,R - 17+ (violence & profanity),7.61,165669,1758,680,398341,4515,2005,[],['Production I.G'],"['Action', 'Drama', 'Horror', 'Mystery', 'Supernatural']","['Gore', 'Military', 'Vampire']"
151,,OVA,Manga,3,45,R+ - Mild Nudity,7.2,12823,3995,4413,34375,208,,[],"['Gainax', 'Toei Animation']","['Action', 'Comedy', 'Girls Love', 'Sci-Fi', 'Ecchi']",[]
152,,TV,Original,24,23,R - 17+ (violence & profanity),7.36,13893,2969,4465,33408,142,2005,[],"['Gonzo', 'AIC']","['Action', 'Sci-Fi']",['Super Power']
153,The Twelve Kingdoms,TV,Novel,45,25,PG-13 - Teens 13 or older,8.02,49858,721,1589,173583,2657,2002,[],['Studio Pierrot'],"['Action', 'Adventure', 'Fantasy']",['Isekai']
154,Shaman King,TV,Manga,64,23,PG-13 - Teens 13 or older,7.74,203631,1349,709,385243,3770,2001,['Shounen'],['Xebec'],"['Action', 'Adventure', 'Supernatural']",[]
155,X - The Movie,Movie,Manga,1,97,R+ - Mild Nudity,6.59,20088,7652,3886,44305,148,,['Shoujo'],['Madhouse'],"['Action', 'Drama', 'Fantasy', 'Mystery']",['Super Power']
156,X,TV,Manga,24,24,R+ - Mild Nudity,7.41,37254,2731,2561,90211,781,2001,['Shoujo'],['Madhouse'],"['Action', 'Drama', 'Fantasy', 'Mystery']",['Super Power']
157,Negima!,TV,Manga,26,23,PG-13 - Teens 13 or older,6.94,66779,5496,1795,148900,509,2005,['Shounen'],['Xebec'],"['Action', 'Comedy', 'Fantasy', 'Romance', 'Ecchi']","['Harem', 'School', 'Super Power']"
158,Maria Watches Over Us,TV,Light novel,13,23,PG-13 - Teens 13 or older,7.32,23698,3182,2816,77343,728,2004,['Shoujo'],['Studio Deen'],"['Drama', 'Girls Love']",['School']
159,The Melody of Oblivion,TV,Manga,24,23,PG-13 - Teens 13 or older,6.39,6836,8818,5452,20799,42,2004,['Shounen'],['J.C.Staff'],"['Adventure', 'Fantasy', 'Horror', 'Sci-Fi']","['Mecha', 'Psychological', 'Space', 'Super Power']"
160,"Now and Then, Here and There",TV,Original,13,24,R - 17+ (violence & profanity),7.6,46259,1817,1680,161067,1270,1999,[],['AIC'],"['Adventure', 'Drama', 'Fantasy', 'Sci-Fi']","['Isekai', 'Military']"
161,Peace Maker Kurogane,TV,Manga,24,24,R - 17+ (violence & profanity),7.32,24603,3200,3213,61517,282,2003,['Shounen'],['Gonzo'],['Action'],"['Historical', 'Samurai']"
162,Pita-Ten,TV,Manga,26,24,G - All Ages,7.04,11592,4943,4957,26303,94,2002,['Shounen'],['Madhouse'],"['Comedy', 'Fantasy', 'Romance']",['School']
163,,TV,Game,26,24,PG - Children,6.7,4578,6975,7429,9553,24,1999,[],['Studio Pierrot'],"['Adventure', 'Comedy', 'Fantasy']",['Historical']
164,Princess Mononoke,Movie,Original,1,133,PG-13 - Teens 13 or older,8.67,888973,83,108,1381857,24246,,[],['Studio Ghibli'],"['Action', 'Adventure', 'Award Winning', 'Fantasy']",[]
165,RahXephon,TV,Original,26,23,PG-13 - Teens 13 or older,7.4,45598,2760,2001,129354,1028,2002,[],['Bones'],"['Award Winning', 'Drama', 'Mystery', 'Romance', 'Sci-Fi', 'Suspense']","['Mecha', 'Music', 'Psychological']"
166,Samurai 7,TV,Other,26,26,PG-13 - Teens 13 or older,7.45,65523,2509,1894,139020,730,2004,[],['Gonzo'],['Sci-Fi'],"['Historical', 'Mecha', 'Samurai']"
167,Scrapped Princess,TV,Light novel,24,23,PG-13 - Teens 13 or older,7.39,40139,2810,2333,104500,441,2003,[],['Bones'],"['Adventure', 'Drama', 'Fantasy', 'Sci-Fi']",['Mecha']
168,s-CRY-ed,TV,Original,26,24,PG-13 - Teens 13 or older,7.39,40461,2809,2588,88454,698,2001,[],['Sunrise'],"['Action', 'Adventure', 'Drama', 'Sci-Fi']",['Super Power']
169,Lunar Legend Tsukihime,TV,Visual novel,12,24,R - 17+ (violence & profanity),6.8,75365,6319,1530,180966,709,2003,[],['J.C.Staff'],"['Action', 'Horror', 'Mystery', 'Romance', 'Supernatural']",['Vampire']
170,Slam Dunk,TV,Manga,101,23,PG-13 - Teens 13 or older,8.56,152024,135,827,338884,8158,1993,['Shounen'],['Toei Animation'],['Sports'],"['School', 'Team Sports']"
171,,TV,Original,13,23,PG-13 - Teens 13 or older,6.55,2249,7898,8198,7448,10,2000,[],['HAL Film Maker'],"['Adventure', 'Drama', 'Fantasy']",['Isekai']
173,,TV,Manga,25,24,PG-13 - Teens 13 or older,7.25,15141,3674,3919,43741,172,2004,['Shounen'],['Studio Deen'],"['Mystery', 'Supernatural']","['Historical', 'Mythology']"
174,Tenjho Tenge,TV,Manga,24,23,R - 17+ (violence & profanity),6.87,94246,5901,1393,200862,642,2004,['Seinen'],['Madhouse'],"['Action', 'Drama', 'Supernatural', 'Ecchi']","['Delinquents', 'Martial Arts', 'School', 'Super Power']"
175,Tokyo Underground,TV,Manga,26,22,PG-13 - Teens 13 or older,6.63,12429,7400,4541,32050,53,2002,['Shounen'],['Studio Pierrot'],"['Action', 'Adventure', 'Romance', 'Sci-Fi']",['Super Power']
176,,OVA,Visual novel,4,28,R - 17+ (violence & profanity),6.23,3179,9785,7944,8034,7,,[],['Seven Arcs'],"['Adventure', 'Romance']",[]
177,Tsubasa RESERVoir CHRoNiCLE,TV,Manga,26,25,PG-13 - Teens 13 or older,7.52,100412,2177,1176,241848,2069,2005,['Shounen'],['Bee Train'],"['Action', 'Adventure', 'Drama', 'Fantasy', 'Romance']",[]
178,Ultra Maniac,TV,Manga,26,23,G - All Ages,7.24,15048,3750,4256,36999,151,2003,['Shoujo'],['Ashi Productions'],"['Comedy', 'Fantasy', 'Romance']",['School']
179,,OVA,Manga,1,21,G - All Ages,6.62,2557,7467,8898,6115,3,,['Shoujo'],['Ashi Productions'],"['Comedy', 'Fantasy', 'Romance']",['School']
180,Vandread,TV,Original,13,22,PG-13 - Teens 13 or older,7.18,45851,4128,2548,90839,443,2000,[],['Gonzo'],"['Sci-Fi', 'Ecchi']","['Mecha', 'Space']"
181,Vandread: The Second Stage,TV,Original,13,22,PG-13 - Teens 13 or older,7.42,33436,2659,3329,57795,124,2001,[],['Gonzo'],"['Sci-Fi', 'Ecchi']","['Mecha', 'Space']"
182,The Vision of Escaflowne,TV,Original,26,24,PG-13 - Teens 13 or older,7.67,70580,1578,1554,178202,2295,1996,[],['Sunrise'],"['Adventure', 'Fantasy', 'Romance']","['Isekai', 'Love Polygon', 'Mecha']"
183,,TV,Manga,39,24,G - All Ages,7.48,7713,2362,6003,16205,83,2002,['Shounen'],['Studio Comet'],['Sports'],"['School', 'Team Sports']"
184,,TV,Game,12,23,PG-13 - Teens 13 or older,6.38,9087,8924,5290,22484,50,2005,[],['Toei Animation'],['Sci-Fi'],"['Mecha', 'Space']"
185,Initial D First Stage,TV,Manga,26,25,PG-13 - Teens 13 or older,8.37,219210,255,607,441050,14021,1998,['Seinen'],"['Gallop', 'Studio Comet']","['Action', 'Drama']",['Racing']
186,Initial D Second Stage,TV,Manga,13,23,PG-13 - Teens 13 or older,8.2,153372,446,1073,264045,1224,1999,['Seinen'],['Pastel'],"['Action', 'Drama']",['Racing']
187,,Movie,Manga,1,104,PG-13 - Teens 13 or older,7.92,128057,897,1347,208147,740,,['Seinen'],['Studio Deen'],"['Action', 'Drama']",['Racing']
188,Masquerade,OVA,Original,4,30,Rx - Hentai,6.16,1167,,10510,3756,11,,[],['AIC'],"['Comedy', 'Mystery', 'Supernatural', 'Hentai']",[]
189,Love Hina,TV,Manga,24,23,PG-13 - Teens 13 or older,7.1,140739,4618,998,281577,1528,2000,['Shounen'],['Xebec'],"['Comedy', 'Romance', 'Ecchi']",['Harem']
190,Love Hina Again,OVA,Manga,3,28,PG-13 - Teens 13 or older,7.23,53635,3785,2574,89409,89,,['Shounen'],['Xebec'],"['Comedy', 'Romance', 'Ecchi']",[]
191,Love Hina Christmas Movie,TV Special,Manga,1,45,PG-13 - Teens 13 or older,7.31,36932,3247,3246,60602,50,,['Shounen'],['Xebec'],"['Comedy', 'Romance']",[]
192,Love Hina Spring Movie,TV Special,Manga,1,46,PG-13 - Teens 13 or older,7.19,33078,4040,3406,55480,21,,['Shounen'],['Xebec'],"['Adventure', 'Comedy', 'Romance']",[]
193,Maburaho,TV,Light novel,24,23,R+ - Mild Nudity,6.74,50423,6686,2356,102795,238,2003,[],['J.C.Staff'],"['Comedy', 'Drama', 'Romance', 'Ecchi']","['Harem', 'School']"
194,Macross Zero,OVA,Original,5,31,R+ - Mild Nudity,7.54,21275,2075,3929,43515,129,,[],['Satelight'],"['Adventure', 'Sci-Fi']","['Mecha', 'Military']"
195,Please Teacher!,TV,Original,12,22,PG-13 - Teens 13 or older,7.09,99480,4685,1472,189149,1007,2002,[],['Daume'],"['Drama', 'Romance', 'Sci-Fi']",['School']
196,Please Twins!,TV,Original,12,23,PG-13 - Teens 13 or older,6.83,51919,6125,2474,95133,190,2003,[],['Daume'],"['Comedy', 'Drama', 'Sci-Fi']","['Harem', 'School']"
197,,TV,Manga,24,15,R+ - Mild Nudity,6.56,11497,7831,4861,27598,54,2002,[],"['Madhouse', 'Imagin']","['Comedy', 'Romance', 'Sci-Fi', 'Ecchi']",['School']
198,Speed Grapher,TV,Original,24,23,R+ - Mild Nudity,7.32,43829,3209,2028,126797,654,2005,[],['Gonzo'],"['Action', 'Mystery', 'Suspense']","['Adult Cast', 'Gore', 'Organized Crime', 'Psychological', 'Super Power']"
199,Spirited Away,Movie,Original,1,124,PG - Children,8.77,1413529,45,45,2029381,35110,,[],['Studio Ghibli'],"['Adventure', 'Award Winning', 'Fantasy']",['Mythology']
200,Cheeky Angel,TV,Manga,50,24,PG-13 - Teens 13 or older,7.45,10724,2517,4634,30903,155,2002,['Shounen'],['TMS Entertainment'],"['Comedy', 'Romance']",['Magical Sex Shift']
201,Video Girl Ai,OVA,Manga,6,29,R+ - Mild Nudity,7.26,14807,3599,4381,34881,152,,['Shounen'],['Production I.G'],"['Comedy', 'Drama', 'Romance', 'Ecchi']",['Love Polygon']
202,Wolf's Rain,TV,Original,26,23,PG-13 - Teens 13 or older,7.79,139059,1227,779,353702,5981,2003,[],['Bones'],"['Action', 'Adventure', 'Drama', 'Fantasy', 'Mystery']",[]
203,,OVA,Visual novel,5,28,Rx - Hentai,6.83,4021,,7331,9910,38,,[],['Arms'],"['Adventure', 'Fantasy', 'Hentai']",[]
204,,TV,Visual novel,12,24,PG-13 - Teens 13 or older,6.1,13449,10508,4682,30121,34,2004,[],['Studio Deen'],"['Action', 'Comedy', 'Ecchi']","['Harem', 'Super Power']"
205,Samurai Champloo,TV,Original,26,24,R - 17+ (violence & profanity),8.52,687056,156,112,1352087,41210,2004,[],['Manglobe'],"['Action', 'Adventure', 'Comedy']","['Historical', 'Samurai']"
206,Record of Lodoss War: Chronicles of the Heroic Knight,TV,Novel,27,23,PG-13 - Teens 13 or older,7.2,13246,3980,4055,40591,149,1998,[],['AIC'],"['Action', 'Adventure', 'Drama', 'Fantasy', 'Romance']",[]
207,Record of Lodoss War,OVA,Light novel,13,24,R - 17+ (violence & profanity),7.35,30995,2999,2446,96849,835,,[],['Madhouse'],"['Action', 'Adventure', 'Fantasy']",[]
208,R.O.D - Read or Die,OVA,Light novel,3,31,PG-13 - Teens 13 or older,7.64,36420,1677,2825,77014,370,,[],['Studio Deen'],"['Action', 'Adventure', 'Mystery', 'Sci-Fi']","['Adult Cast', 'Historical']"
209,R.O.D -The TV-,TV,Manga,26,25,R+ - Mild Nudity,7.55,30724,2036,2864,75026,450,2003,[],['J.C.Staff'],"['Action', 'Adventure', 'Comedy', 'Drama', 'Sci-Fi']",['Super Power']
210,Ranma ½,TV,Manga,161,24,R+ - Mild Nudity,7.78,132152,1248,988,284381,4709,1989,['Shounen'],['Studio Deen'],"['Action', 'Comedy', 'Romance', 'Ecchi']","['Magical Sex Shift', 'Martial Arts', 'School']"
211,,OVA,Visual novel,2,29,Rx - Hentai,6.19,1588,,10133,4228,11,,[],['Datama Film'],['Hentai'],[]
212,,Movie,Original,1,83,PG-13 - Teens 13 or older,6.98,10622,5264,4973,25985,166,,[],['APPP'],"['Adventure', 'Comedy', 'Sci-Fi']","['Mecha', 'Super Power']"
213,Welcome to Pia Carrot,OVA,Visual novel,3,27,Rx - Hentai,6.35,1772,,9876,4568,3,,[],['Triple X'],"['Comedy', 'Hentai']",[]
214,Welcome To Pia Carrot 2,OVA,Visual novel,3,28,Rx - Hentai,6.63,1381,,10995,3281,3,,[],['Triple X'],"['Comedy', 'Hentai']",[]
215,,OVA,Visual novel,6,28,PG-13 - Teens 13 or older,6.67,1473,7157,10760,3494,3,,[],['Garyuu Studio'],"['Comedy', 'Romance']",[]
216,Welcome to Pia Carrot! Sayaka's Love Story,Movie,Visual novel,1,47,PG-13 - Teens 13 or older,6.22,1553,9835,10594,3657,1,,[],['I-move'],"['Comedy', 'Romance']",[]
217,New Angel,OVA,Manga,5,33,Rx - Hentai,6.33,1206,,10433,3844,12,,[],['Arms'],"['Comedy', 'Drama', 'Hentai']",[]
218,Martian Successor Nadesico,TV,Original,26,23,PG-13 - Teens 13 or older,7.55,21880,2022,3229,61144,510,1996,[],['Xebec'],"['Comedy', 'Romance', 'Sci-Fi']","['Mecha', 'Military', 'Parody', 'Space']"
219,Martian Successor Nadesico: The Prince of Darkness,Movie,Original,1,79,R - 17+ (violence & profanity),6.77,9282,6498,5679,18619,34,,[],['Xebec'],"['Award Winning', 'Drama', 'Sci-Fi']","['Mecha', 'Psychological', 'Space']"
220,Mystery of the Necronomicon,OVA,Visual novel,4,31,Rx - Hentai,5.67,1090,,10763,3492,13,,[],['JOF'],"['Horror', 'Hentai']",[]
221,,OVA,Original,2,30,Rx - Hentai,6.7,18266,,4108,39692,127,,[],['Arms'],"['Action', 'Comedy', 'Sci-Fi', 'Hentai']",[]
222,,TV,Original,13,24,R+ - Mild Nudity,6.78,10080,6432,4849,27779,84,2004,[],['Arms'],"['Action', 'Adventure', 'Comedy', 'Mystery', 'Sci-Fi']",[]
223,Dragon Ball,TV,Manga,153,24,PG-13 - Teens 13 or older,7.98,726890,783,151,1141003,17976,1986,['Shounen'],['Toei Animation'],"['Action', 'Adventure', 'Comedy', 'Fantasy']",['Martial Arts']
225,Dragon Ball GT,TV,Manga,64,24,PG-13 - Teens 13 or older,6.53,452870,7984,359,679225,2331,1996,['Shounen'],['Toei Animation'],"['Action', 'Adventure', 'Comedy', 'Fantasy']",['Martial Arts']
226,Elfen Lied,TV,Manga,13,25,R+ - Mild Nudity,7.46,923283,2442,81,1617126,25193,2004,['Seinen'],['Arms'],"['Action', 'Drama', 'Horror', 'Romance', 'Suspense']","['Gore', 'Psychological', 'Super Power']"
227,FLCL,OVA,Original,6,25,PG-13 - Teens 13 or older,8.04,467740,691,234,897622,33218,,[],"['Gainax', 'Production I.G']","['Avant Garde', 'Comedy', 'Sci-Fi', 'Suspense']","['Mecha', 'Parody', 'Psychological']"
228,Hell Girl,TV,Original,26,25,R - 17+ (violence & profanity),7.61,140253,1777,704,385929,3381,2005,[],['Studio Deen'],"['Horror', 'Mystery', 'Supernatural', 'Suspense']",['Psychological']
229,Ninja Nonsense,TV,Manga,12,23,R - 17+ (violence & profanity),6.92,17177,5602,4199,37995,139,2004,[],['ufotable'],['Comedy'],['Parody']
230,Air Master,TV,Manga,27,24,R - 17+ (violence & profanity),6.97,17338,5282,3906,44027,168,2003,['Seinen'],['Toei Animation'],"['Action', 'Comedy']",['Martial Arts']
231,Shrine of the Morning Mist,TV,Manga,26,12,PG - Children,6.32,2969,9238,7570,9104,6,2002,['Seinen'],"['Chaos Project', 'GANSIS']","['Action', 'Comedy', 'Supernatural']",['Mythology']
232,Cardcaptor Sakura,TV,Manga,70,25,PG - Children,8.19,234719,460,537,486534,14822,1998,['Shoujo'],['Madhouse'],"['Adventure', 'Comedy', 'Drama', 'Romance']","['Mahou Shoujo', 'School']"
233,UFO Baby,TV,Manga,78,25,G - All Ages,7.71,12822,1430,4817,28196,264,2000,['Shoujo'],['J.C.Staff'],"['Comedy', 'Sci-Fi']",['Childcare']
234,,TV,Manga,26,24,G - All Ages,6.85,2125,5976,9425,5230,3,2004,['Shounen'],['Tokyo Kids'],"['Adventure', 'Sports']",[]
235,Case Closed,TV,Manga,,24,PG-13 - Teens 13 or older,8.19,170604,467,725,378537,16081,1996,['Shounen'],['TMS Entertainment'],"['Adventure', 'Comedy', 'Mystery']",['Detective']
236,E's Otherwise,TV,Manga,26,23,PG-13 - Teens 13 or older,6.64,7492,7314,5797,17786,26,2003,['Shounen'],['Studio Pierrot'],"['Action', 'Adventure', 'Drama', 'Sci-Fi']","['Military', 'Super Power']"
237,Eureka Seven,TV,Original,50,24,PG-13 - Teens 13 or older,8.05,189085,676,574,460710,9372,2005,[],['Bones'],"['Adventure', 'Drama', 'Romance', 'Sci-Fi']",['Mecha']
238,Flame of Recca,TV,Manga,42,23,PG-13 - Teens 13 or older,7.38,30049,2854,2912,73200,276,1997,['Shounen'],['Studio Pierrot'],"['Action', 'Adventure']","['Martial Arts', 'Super Power']"
239,Gankutsuou: The Count of Monte Cristo,TV,Novel,24,24,R - 17+ (violence & profanity),8.11,79204,579,1042,270998,4059,2004,[],['Gonzo'],"['Award Winning', 'Drama', 'Mystery', 'Sci-Fi', 'Supernatural', 'Suspense']",[]
240,Genshiken,TV,Manga,12,25,PG-13 - Teens 13 or older,7.64,75073,1661,1444,192906,1557,2004,['Seinen'],['Palm Studio'],['Comedy'],"['Adult Cast', 'Otaku Culture', 'Parody']"
241,Girls Bravo,TV,Manga,11,23,R+ - Mild Nudity,6.37,75688,8950,1679,161103,338,2004,['Shounen'],['AIC Spirits'],"['Comedy', 'Fantasy', 'Romance', 'Ecchi']","['Harem', 'Isekai', 'School']"
242,The Gokusen,TV,Manga,13,23,R - 17+ (violence & profanity),7.46,24197,2445,3456,54145,288,2004,['Josei'],['Madhouse'],"['Action', 'Comedy']","['Delinquents', 'Organized Crime', 'School', 'Workplace']"
243,Gravitation,TV,Manga,13,22,PG-13 - Teens 13 or older,6.91,67686,5643,2031,126617,1139,2000,['Shoujo'],['Studio Deen'],"['Boys Love', 'Comedy']","['Adult Cast', 'Music', 'Showbiz']"
244,Agatha Christie's Great Detectives Poirot and Marple,TV,Novel,39,25,G - All Ages,7.02,2693,5019,7652,8889,26,2004,[],['OLM'],['Mystery'],['Historical']
245,Great Teacher Onizuka,TV,Manga,43,25,R - 17+ (violence & profanity),8.68,450180,76,221,921674,28773,1999,['Shounen'],['Studio Pierrot'],['Comedy'],"['Delinquents', 'School', 'Workplace']"
246,Rave Master,TV,Manga,51,24,PG-13 - Teens 13 or older,7.24,43142,3702,2284,107231,387,2001,['Shounen'],['Studio Deen'],"['Action', 'Adventure', 'Comedy', 'Fantasy', 'Romance']",[]
247,Haruka: Beyond the Stream of Time – A Tale of the Eight Guardians,TV,Visual novel,26,24,PG-13 - Teens 13 or older,7.04,8409,4921,4896,27129,119,2004,[],['Yumeta Company'],"['Fantasy', 'Romance']","['Isekai', 'Reverse Harem']"
248,Strawberry 100%,TV,Manga,12,23,PG-13 - Teens 13 or older,6.63,57027,7378,2102,121359,264,2005,['Shounen'],['Madhouse'],"['Comedy', 'Romance', 'Ecchi']",['Harem']
249,InuYasha,TV,Manga,167,24,PG-13 - Teens 13 or older,7.88,416139,993,252,861519,20059,2000,['Shounen'],['Sunrise'],"['Action', 'Adventure', 'Fantasy', 'Romance']","['Historical', 'Love Polygon', 'Mythology', 'Time Travel']"
250,Zatch Bell!,TV,Manga,150,23,PG-13 - Teens 13 or older,7.58,64558,1892,1907,138158,1364,2003,['Shounen'],['Toei Animation'],"['Action', 'Adventure', 'Comedy', 'Supernatural']",[]
251,,TV,Light novel,78,25,PG-13 - Teens 13 or older,7.63,44378,1710,2072,123850,1406,2004,['Shoujo'],['Studio Deen'],"['Adventure', 'Comedy', 'Fantasy']",['Isekai']
252,,TV,Original,26,24,PG-13 - Teens 13 or older,7.13,15046,4428,3764,46640,159,2004,[],['Bee Train'],"['Drama', 'Mystery', 'Supernatural']","['Military', 'Psychological']"
253,Haré+Guu,TV,Manga,26,23,PG-13 - Teens 13 or older,7.84,27193,1081,3553,51392,448,2001,['Shounen'],['Shin-Ei Animation'],['Comedy'],"['Gag Humor', 'School']"
254,Haré+Guu Deluxe,OVA,Manga,6,26,PG-13 - Teens 13 or older,7.85,7572,1056,6266,14399,24,,['Shounen'],['Shin-Ei Animation'],['Comedy'],['Gag Humor']
255,Haré+Guu Final,OVA,Manga,7,26,PG-13 - Teens 13 or older,7.67,6011,1557,7016,11025,14,,['Shounen'],['Shin-Ei Animation'],"['Award Winning', 'Comedy']",['Gag Humor']
256,Voices of a Distant Star,OVA,Original,1,24,PG-13 - Teens 13 or older,7.09,83907,4667,1656,165333,548,,[],['CoMix Wave Films'],"['Award Winning', 'Drama', 'Romance', 'Sci-Fi']","['Mecha', 'Space']"
257,Ikki Tousen: Battle Vixens,TV,Manga,13,24,R+ - Mild Nudity,6.39,74203,8831,1566,177120,464,2003,['Seinen'],['J.C.Staff'],"['Action', 'Ecchi']","['Martial Arts', 'School', 'Super Power']"
258,,OVA,Manga,4,28,R - 17+ (violence & profanity),6.17,7336,10075,5533,19980,41,,['Seinen'],['Madhouse'],"['Drama', 'Horror']",['Vampire']
259,,OVA,Unknown,5,30,PG-13 - Teens 13 or older,6.63,4922,7375,6597,12778,14,,[],"['Studio Kyuuma', 'Venet', 'Chaos Project']","['Comedy', 'Romance']","['Harem', 'School']"
260,,TV,Manga,13,23,PG-13 - Teens 13 or older,6.67,13048,7126,4604,31287,38,2002,[],['Studio Hibari'],"['Comedy', 'Drama', 'Romance']",['Harem']
261,,TV,Manga,13,24,PG-13 - Teens 13 or older,6.85,7213,5986,5926,16791,8,2003,[],['Studio Hibari'],"['Comedy', 'Romance']",['Harem']
262,,OVA,Manga,3,30,PG-13 - Teens 13 or older,6.85,4768,5985,7131,10602,7,,[],['Studio Ranmaru'],"['Comedy', 'Romance']","['Harem', 'School']"
263,Fighting Spirit,TV,Manga,75,23,PG-13 - Teens 13 or older,8.78,343449,40,347,695389,25292,2000,['Shounen'],['Madhouse'],['Sports'],['Combat Sports']
264,Fighting Spirit: Champion Road,TV Special,Manga,1,91,PG-13 - Teens 13 or older,8.26,95408,370,1703,157861,279,,['Shounen'],['Madhouse'],['Sports'],['Combat Sports']
265,Fighting Spirit: Mashiba vs. Kimura,OVA,Manga,1,61,PG-13 - Teens 13 or older,8.26,78605,371,2006,128421,237,,['Shounen'],['Madhouse'],['Sports'],['Combat Sports']
266,Gunparade March: A New Song for the March,TV,Game,12,23,PG-13 - Teens 13 or older,6.85,7030,5988,5643,18970,31,2003,[],['J.C.Staff'],"['Drama', 'Romance', 'Sci-Fi']","['Mecha', 'Military']"
267,Gungrave,TV,Game,26,25,R - 17+ (violence & profanity),7.83,85760,1107,1290,219300,2548,2003,[],['Madhouse'],"['Action', 'Drama', 'Sci-Fi']","['Adult Cast', 'Gore', 'Organized Crime', 'Super Power']"
268,Golden Boy,OVA,Manga,6,28,R+ - Mild Nudity,8.04,246582,691,573,460753,6726,,['Seinen'],['APPP'],"['Adventure', 'Comedy', 'Ecchi']","['Adult Cast', 'Gag Humor', 'Workplace']"
269,Bleach,TV,Manga,366,24,PG-13 - Teens 13 or older,7.99,1262411,762,34,2208537,83852,2004,['Shounen'],['Studio Pierrot'],"['Action', 'Adventure', 'Supernatural']",[]
270,Hellsing,TV,Manga,13,23,R - 17+ (violence & profanity),7.5,396431,2253,292,793044,6614,2001,['Seinen'],['Gonzo'],"['Action', 'Horror', 'Supernatural']","['Adult Cast', 'Gore', 'Vampire']"
271,,TV,Original,26,23,PG-13 - Teens 13 or older,6.74,5359,6672,6031,15969,31,2003,[],"['Gonzo', 'Amber Film Works']","['Adventure', 'Sci-Fi']",['Mecha']
272,Noir,TV,Original,26,24,PG-13 - Teens 13 or older,7.31,42397,3255,2062,124484,915,2001,[],['Bee Train'],"['Action', 'Drama', 'Mystery']",['Organized Crime']
273,Someday's Dreamers,TV,Manga,12,23,PG-13 - Teens 13 or older,6.76,8006,6562,4695,29943,35,2003,['Shounen'],"['J.C.Staff', 'Viewworks']","['Fantasy', 'Slice of Life']","['Iyashikei', 'Urban Fantasy']"
274,Kiddy Grade,TV,Original,24,23,R+ - Mild Nudity,7.23,20339,3781,3605,49967,255,2002,[],['Gonzo'],['Sci-Fi'],"['Mecha', 'Space', 'Super Power']"
275,Love♥Love?,TV,Original,9,14,R+ - Mild Nudity,5.89,10238,11565,5163,23764,13,2004,[],"['Imagin', 'Studio Live']","['Comedy', 'Romance', 'Ecchi']",['Harem']
276,Mahoromatic: Automatic Maiden,TV,Manga,12,24,R+ - Mild Nudity,7.18,28471,4097,2983,70498,225,2001,['Seinen'],"['Gainax', 'Shaft']","['Comedy', 'Romance', 'Sci-Fi', 'Ecchi']",['Military']
277,Mahoromatic ~Something More Beautiful~,TV,Manga,14,24,R+ - Mild Nudity,7.2,17861,3983,4324,35816,49,2002,['Seinen'],"['Gainax', 'Shaft']","['Comedy', 'Drama', 'Romance', 'Sci-Fi', 'Ecchi']",['Military']
278,,TV,Game,51,24,PG-13 - Teens 13 or older,6.8,5930,6330,6472,13350,28,2004,[],['Group TAC'],"['Action', 'Comedy', 'Sci-Fi']",[]
279,Requiem from the Darkness,TV,Novel,13,24,R - 17+ (violence & profanity),7.1,10925,4615,3893,44146,149,2003,[],['TMS Entertainment'],"['Horror', 'Mystery', 'Supernatural']","['Gore', 'Historical', 'Mythology', 'Psychological']"
280,Animal Lane,TV,Manga,51,23,G - All Ages,7.47,1441,2372,10274,4076,19,2005,['Shoujo'],['Gallop'],"['Adventure', 'Comedy', 'Fantasy']",[]
281,,OVA,Visual novel,3,27,PG-13 - Teens 13 or older,5.72,9905,12340,5529,20019,10,,[],['Silver'],"['Comedy', 'Romance']",['Mecha']
282,,TV,Manga,50,23,PG-13 - Teens 13 or older,7.3,6181,3284,5482,20446,94,2005,['Seinen'],['TMS Entertainment'],"['Action', 'Drama', 'Mystery', 'Romance']",[]
283,Anne of Green Gables,TV,Novel,50,25,G - All Ages,7.96,23548,819,3501,52812,982,1979,[],['Nippon Animation'],['Drama'],['Historical']
284,,TV,Manga,12,23,PG-13 - Teens 13 or older,7.06,6147,4798,6002,16202,67,2004,['Shounen'],['Group TAC'],"['Action', 'Drama', 'Romance']",['Military']
285,,TV,Original,25,25,PG-13 - Teens 13 or older,6.9,8433,5690,4601,31308,98,2000,[],['Sunrise'],"['Adventure', 'Drama', 'Sci-Fi']","['Mecha', 'Military']"
286,,TV,Manga,25,22,PG-13 - Teens 13 or older,7.14,6140,4331,6387,13802,38,1996,['Shounen'],['TMS Entertainment'],"['Adventure', 'Sci-Fi']",['Mecha']
287,Baki the Grappler,TV,Manga,24,25,PG-13 - Teens 13 or older,7.46,85875,2447,1639,167036,903,2001,['Shounen'],['Group TAC'],['Sports'],"['Combat Sports', 'Gore']"
288,Beyblade,TV,Manga,51,23,PG - Children,6.82,76876,6149,2082,122971,426,2001,['Kids'],['Madhouse'],"['Adventure', 'Comedy', 'Sports']",[]
289,Comic Party,TV,Visual novel,13,24,PG-13 - Teens 13 or older,6.76,9174,6542,5282,22620,59,2001,[],['OLM'],"['Comedy', 'Drama']",['Otaku Culture']
290,Crest of the Stars,TV,Light novel,13,26,PG-13 - Teens 13 or older,7.66,19980,1606,3315,58293,481,1999,[],['Sunrise'],"['Action', 'Romance', 'Sci-Fi']","['Military', 'Space']"
291,D.C.S.S. ~Da Capo Second Season~,TV,Visual novel,26,23,PG-13 - Teens 13 or older,7.01,16866,5092,4329,35785,37,2005,[],['feel.'],"['Comedy', 'Drama', 'Romance', 'Supernatural']",['Harem']
292,Hoop Days,TV,Manga,26,24,PG-13 - Teens 13 or older,6.8,10786,6281,5174,23678,55,2003,['Shounen'],['A.C.G.T.'],"['Drama', 'Sports']",['Team Sports']
293,,TV,Original,16,4,G - All Ages,6.97,13136,5293,4679,30160,289,1999,[],['Madhouse'],"['Comedy', 'Fantasy', 'Sci-Fi']","['Gag Humor', 'Workplace']"
294,,TV,Original,13,24,R+ - Mild Nudity,6.07,4990,10652,6108,15463,19,2003,[],['Radix'],"['Adventure', 'Drama', 'Sci-Fi']","['Mecha', 'Military', 'Space']"
295,Misaki Chronicle: Divergence Eve,TV,Original,13,24,PG-13 - Teens 13 or older,6.5,3250,8163,7644,8905,12,2004,[],['Radix'],"['Adventure', 'Drama', 'Sci-Fi']","['Mecha', 'Military', 'Space']"
296,Dragon Drive,TV,Manga,38,23,PG - Children,6.7,10324,6947,5055,25113,56,2002,['Shounen'],['Madhouse'],"['Action', 'Adventure', 'Fantasy', 'Sci-Fi']",['Isekai']
297,Grenadier: The Beautiful Warrior,TV,Manga,12,24,PG-13 - Teens 13 or older,6.71,26690,6876,3258,59939,83,2004,['Shounen'],"['Group TAC', 'Studio Live']","['Action', 'Adventure', 'Comedy', 'Ecchi']",[]
298,.hack//Legend of The Twilight,TV,Manga,12,23,PG-13 - Teens 13 or older,6.59,36821,7592,2950,71828,141,2003,['Shounen'],['Bee Train'],"['Adventure', 'Comedy', 'Fantasy']",['Video Game']
299,.hack//Liminality,OVA,Original,4,33,PG-13 - Teens 13 or older,6.66,17606,7164,4331,35776,38,,[],['Bee Train'],['Mystery'],['Video Game']
300,3x3 Eyes,OVA,Manga,4,29,R - 17+ (violence & profanity),6.73,13359,6716,4568,31706,106,,['Seinen'],['Toei Animation'],"['Action', 'Horror', 'Romance', 'Supernatural']","['Gore', 'Mythology']"
301,,TV,Manga,13,25,PG-13 - Teens 13 or older,6.32,3171,9244,7631,8945,10,2003,['Seinen'],['Magic Bus'],"['Action', 'Adventure', 'Comedy', 'Mystery']",['Magical Sex Shift']
302,Future Boy Conan,TV,Novel,26,29,PG-13 - Teens 13 or older,8.14,19394,537,3316,58323,678,1978,[],['Nippon Animation'],"['Adventure', 'Drama', 'Sci-Fi']",[]
303,Oh! My Goddess: The Adventures of Mini-Goddess,TV,4-koma manga,48,7,G - All Ages,6.91,10689,5621,5171,23707,27,1998,[],['OLM'],"['Comedy', 'Supernatural']",[]
304,Ah! My Goddess: The Movie,Movie,Original,1,106,PG-13 - Teens 13 or older,7.57,24059,1914,3805,45796,101,,['Seinen'],['AIC'],"['Comedy', 'Romance', 'Supernatural']",[]
305,The Abashiri Family,OVA,Manga,4,18,R+ - Mild Nudity,5.29,1992,13828,9243,5513,9,,['Shounen'],"['Studio Pierrot', 'Tokyo Kids']","['Action', 'Comedy', 'Ecchi']",['Martial Arts']
306,Magical☆Shopping Arcade Abenobashi,TV,Original,13,24,R+ - Mild Nudity,7.25,36985,3608,2413,98854,399,2002,[],['Madhouse'],"['Award Winning', 'Comedy', 'Fantasy', 'Ecchi']","['Isekai', 'Parody']"
307,Adventures On Rainbow Pond,TV,Original,39,24,PG - Children,6.78,969,6419,12601,2097,5,1973,['Kids'],['Tatsunoko Production'],"['Comedy', 'Fantasy']",[]
308,,TV,Original,26,25,PG-13 - Teens 13 or older,6.98,4735,5280,5252,22809,75,2005,[],['Ajia-do'],"['Drama', 'Fantasy', 'Mystery', 'Sci-Fi']",[]
309,Akahori's Heretical Hour Love Game,TV,Original,13,24,PG-13 - Teens 13 or older,6.42,2065,8646,8252,7298,8,2005,[],['Radix'],['Comedy'],['Parody']
310,Three Little Ghosts,TV,Picture book,50,25,G - All Ages,6.64,958,7310,12142,2383,1,1991,[],['Studio Pierrot'],"['Comedy', 'Supernatural']",[]
311,Aim for the Ace!,TV,Manga,26,24,PG-13 - Teens 13 or older,7.27,4592,3472,5960,16535,123,1973,['Shoujo'],['Tokyo Movie Shinsha'],"['Drama', 'Romance', 'Sports']",['School']
312,Aim for the Ace!: Final Stage,OVA,Manga,12,24,PG-13 - Teens 13 or older,7.25,1445,3612,10667,3575,11,,['Shoujo'],['Tokyo Movie Shinsha'],"['Drama', 'Sports']",[]
313,Aim for the Ace!: The Movie,Movie,Manga,1,88,PG-13 - Teens 13 or older,7.09,2490,4644,9133,5684,14,,['Shoujo'],['Tokyo Movie Shinsha'],"['Drama', 'Romance', 'Sports']",['School']
314,Aim for the Ace!: Another Match,OVA,Manga,13,24,PG-13 - Teens 13 or older,7.5,1848,2233,9827,4625,45,,['Shoujo'],['Tokyo Movie Shinsha'],"['Drama', 'Sports']",[]
315,A Chinese Ghost Story,Movie,Unknown,1,84,PG - Children,6.39,1260,8867,10663,3580,7,,[],['Triangle Staff'],"['Action', 'Drama', 'Fantasy', 'Romance']",[]
316,"F3: Frantic, Frustrated & Female",OVA,Manga,3,25,Rx - Hentai,6.22,2440,,8516,6796,21,,[],['AIC'],"['Comedy', 'Girls Love', 'Hentai']",[]
317,,Movie,Game,1,101,PG-13 - Teens 13 or older,7.71,148528,1430,1278,220509,1116,,[],['Square Enix Visual Works'],"['Action', 'Fantasy']",[]
318,,TV,Original,10,23,PG-13 - Teens 13 or older,6.73,14707,6737,4468,33380,40,2000,[],['TNK'],"['Comedy', 'Romance', 'Sci-Fi', 'Ecchi']",['Harem']
319,,OVA,Manga,3,26,PG-13 - Teens 13 or older,5.97,2958,11137,8506,6817,7,,[],['Zexcs'],"['Comedy', 'Fantasy', 'Romance', 'Ecchi']",[]
320,Kite,OVA,Original,2,26,Rx - Hentai,6.57,41617,,2650,85938,424,,[],['Arms'],"['Action', 'Drama', 'Hentai']",['Gore']
321,Najica Blitz Tactics,TV,Original,12,23,R+ - Mild Nudity,5.97,6901,11149,5887,17029,18,2001,[],"['Studio Fantasia', 'Amber Film Works']","['Action', 'Comedy', 'Sci-Fi', 'Ecchi']",[]
322,Paradise Kiss,TV,Manga,12,24,R - 17+ (violence & profanity),7.89,111371,974,1080,261522,5404,2005,['Josei'],['Madhouse'],"['Drama', 'Romance']","['School', 'Visual Arts']"
323,Paranoia Agent,TV,Original,13,24,R+ - Mild Nudity,7.67,181557,1570,552,476085,6342,2004,[],['Madhouse'],"['Avant Garde', 'Award Winning', 'Drama', 'Mystery', 'Supernatural', 'Suspense']","['Adult Cast', 'Detective', 'Psychological']"
324,Patlabor: The Mobile Police - The TV Series,TV,Original,47,24,PG-13 - Teens 13 or older,7.78,11927,1240,3746,47043,514,1989,[],['Sunrise'],"['Comedy', 'Sci-Fi']","['Adult Cast', 'Mecha', 'Workplace']"
325,Peach Girl: Super Pop Love Hurricane,TV,Manga,25,24,PG-13 - Teens 13 or older,6.94,56196,5504,2172,115646,952,2005,['Shoujo'],['Studio Comet'],"['Drama', 'Romance']","['Love Polygon', 'School']"
326,Pet Shop of Horrors,TV,Manga,4,23,R+ - Mild Nudity,7.28,34946,3446,2815,77697,499,1999,['Josei'],['Madhouse'],"['Horror', 'Mystery', 'Supernatural']",['Detective']
327,Petite Princess Yucie,TV,Game,26,25,G - All Ages,7.59,7071,1860,5836,17430,104,2002,[],"['Gainax', 'AIC']","['Comedy', 'Fantasy']",[]
328,Piano: The Melody of a Young Girl's Heart,TV,Original,10,24,G - All Ages,6.18,3663,10043,7295,10044,12,2002,[],['OLM'],"['Drama', 'Romance']","['Music', 'Performing Arts']"
329,Planetes,TV,Manga,26,25,PG-13 - Teens 13 or older,8.25,83528,385,1000,281395,4135,2003,['Seinen'],['Sunrise'],"['Award Winning', 'Drama', 'Romance', 'Sci-Fi']","['Adult Cast', 'Space', 'Workplace']"
330,Midori Days,TV,Manga,13,24,R+ - Mild Nudity,7.22,94818,3852,1508,183928,703,2004,['Shounen'],['Studio Pierrot'],"['Comedy', 'Romance', 'Supernatural', 'Ecchi']","['Delinquents', 'School']"
331,Magical Circle Guru Guru,TV,Manga,45,23,G - All Ages,7.69,4119,1502,6664,12445,81,1994,['Shounen'],['Nippon Animation'],"['Adventure', 'Comedy', 'Fantasy']",[]
332,Magical Circle Guru Guru 2,TV,Manga,38,23,G - All Ages,7.26,1845,3548,9619,4928,6,2000,['Shounen'],['Nippon Animation'],"['Adventure', 'Comedy', 'Fantasy']",[]
333,Mama is Just a Fourth Grade Pupil,TV,Original,51,24,PG - Children,7.48,3158,2345,7850,8287,51,1992,[],['Sunrise'],"['Award Winning', 'Comedy', 'Drama', 'Sci-Fi']",['Childcare']
334,Marmalade Boy,TV,Manga,76,24,PG-13 - Teens 13 or older,7.46,23914,2459,3217,61475,629,1994,['Shoujo'],['Toei Animation'],"['Comedy', 'Drama', 'Romance']",[]
335,Mythical Detective Loki Ragnarok,TV,Manga,26,24,PG-13 - Teens 13 or older,7.29,17546,3375,4024,41578,186,2003,['Shounen'],['Studio Deen'],"['Comedy', 'Mystery', 'Supernatural']",['Mythology']
336,,TV,Visual novel,13,23,PG-13 - Teens 13 or older,6.54,4484,7919,6295,14302,30,2004,[],['Bee Train'],"['Drama', 'Fantasy']",['School']
337,Psychic Academy,TV,Manga,24,11,PG-13 - Teens 13 or older,6.25,5169,9659,6570,12893,11,2002,['Seinen'],['E&G Films'],"['Comedy', 'Romance', 'Ecchi']","['Love Polygon', 'School', 'Super Power']"
338,The Rose of Versailles,TV,Manga,40,24,PG-13 - Teens 13 or older,8.37,34595,261,2175,115390,3434,1979,['Shoujo'],['Tokyo Movie Shinsha'],"['Drama', 'Romance']","['Crossdressing', 'Historical', 'Military']"
339,Serial Experiments Lain,TV,Original,13,23,R - 17+ (violence & profanity),8.1,357217,600,231,901607,33038,1998,[],['Triangle Staff'],"['Avant Garde', 'Award Winning', 'Drama', 'Mystery', 'Sci-Fi', 'Supernatural', 'Suspense']",['Psychological']
340,Time of Shura,TV,Manga,26,23,PG-13 - Teens 13 or older,7.56,10487,1983,4938,26451,137,2004,['Shounen'],['Studio Comet'],['Action'],"['Historical', 'Martial Arts', 'Samurai']"
341,Spiral: Bond of Reasoning,TV,Manga,25,23,PG-13 - Teens 13 or older,7.24,24006,3742,3400,55608,304,2002,['Shounen'],['J.C.Staff'],"['Drama', 'Mystery']",[]
342,,TV,Light novel,13,24,PG-13 - Teens 13 or older,7.13,6344,4448,5759,17995,51,2005,[],['J.C.Staff'],"['Drama', 'Sci-Fi']","['Military', 'Space']"
343,Tsukuyomi: Moon Phase,TV,Manga,25,24,PG-13 - Teens 13 or older,6.97,31869,5332,2723,82125,289,2004,['Seinen'],['Shaft'],"['Comedy', 'Romance', 'Supernatural']",['Vampire']
344,Twin Spica,TV,Manga,20,25,PG-13 - Teens 13 or older,7.62,4727,1731,6705,12241,76,2003,[],['Group TAC'],"['Drama', 'Sci-Fi', 'Supernatural']",['School']
345,Emma: A Victorian Romance,TV,Manga,12,24,G - All Ages,7.62,20846,1730,3094,65738,376,2005,['Seinen'],['Studio Pierrot'],"['Drama', 'Romance']","['Adult Cast', 'Historical']"
346,Double Wish,TV,Visual novel,13,12,PG-13 - Teens 13 or older,6.22,6092,9849,5869,17192,15,2004,[],"['Trinet Entertainment', 'Picture Magic']","['Drama', 'Romance']","['Harem', 'School']"
347,Wild Arms,TV,Game,22,22,PG-13 - Teens 13 or older,6.78,3613,6461,7438,9520,14,1999,[],['Bee Train'],"['Action', 'Adventure', 'Fantasy', 'Sci-Fi']",['Vampire']
348,Bottle Fairy,TV,Original,13,12,G - All Ages,6.58,9239,7668,5393,21518,63,2003,[],['Xebec'],"['Comedy', 'Fantasy']",['CGDCT']
349,Magical Kanan,TV,Visual novel,13,24,PG-13 - Teens 13 or older,6.38,2111,8896,8080,7718,6,2005,[],['AIC ASTA'],"['Drama', 'Ecchi']",['Mahou Shoujo']
350,Magical DoReMi,TV,Original,51,24,G - All Ages,7.4,27055,2758,3154,63764,920,1999,[],['Toei Animation'],['Comedy'],['Mahou Shoujo']
351,Magical DoReMi 2nd Season,TV,Original,49,24,G - All Ages,7.58,12570,1896,5010,25664,134,2000,[],['Toei Animation'],['Comedy'],"['Childcare', 'Mahou Shoujo']"
352,,TV,Original,50,24,G - All Ages,7.59,11954,1854,5082,24746,164,2001,[],['Toei Animation'],['Comedy'],['Mahou Shoujo']
353,,TV,Original,51,24,G - All Ages,7.87,9064,1030,5519,20106,316,2002,[],['Toei Animation'],['Comedy'],['Mahou Shoujo']
354,Ultimate Girls,TV,Original,12,14,PG-13 - Teens 13 or older,5.8,4047,12045,7074,10776,4,2005,[],['Studio Matrix'],"['Comedy', 'Sci-Fi', 'Ecchi']",['Parody']
355,Shakugan no Shana: Season I,TV,Light novel,24,24,PG-13 - Teens 13 or older,7.44,265896,2557,448,559355,5023,2005,[],['J.C.Staff'],"['Action', 'Drama', 'Fantasy', 'Romance']","['School', 'Urban Fantasy']"
356,Fate/stay night,TV,Visual novel,24,24,R - 17+ (violence & profanity),7.27,548098,3492,190,1005469,7673,2006,[],['Studio Deen'],"['Action', 'Fantasy', 'Romance']",['Urban Fantasy']
357,Bludgeoning Angel Dokuro-chan,OVA,Light novel,4,26,R - 17+ (violence & profanity),6.53,117814,7976,1288,219437,1012,,[],"['HAL Film Maker', 'Nomad']","['Comedy', 'Supernatural', 'Ecchi']","['Gag Humor', 'Gore']"
358,"Sky of Iriya, Summer of UFO",OVA,Light novel,6,27,R+ - Mild Nudity,6.93,11617,5537,4866,27556,72,,[],['Toei Animation'],"['Drama', 'Romance', 'Sci-Fi']",[]
359,I'll/CKBC,OVA,Manga,2,30,PG-13 - Teens 13 or older,6.15,2264,10192,8922,6060,6,,['Shounen'],['M.S.C'],['Sports'],"['School', 'Team Sports']"
360,Legend of Himiko,TV,Game,12,23,PG-13 - Teens 13 or older,6.34,2367,9114,8306,7189,1,1999,[],['Group TAC'],"['Adventure', 'Drama', 'Fantasy']",[]
361,,OVA,Visual novel,3,31,PG-13 - Teens 13 or older,5.99,2718,11056,8161,7557,5,,[],['E&G Films'],"['Drama', 'Romance']",[]
362,,OVA,Visual novel,3,30,PG-13 - Teens 13 or older,6.38,1986,8898,9760,4715,2,,[],"['Picture Magic', 'Rikuentai']","['Drama', 'Romance']",[]
363,,OVA,Visual novel,4,27,PG-13 - Teens 13 or older,6.44,1674,8536,10231,4120,1,,[],"['Picture Magic', 'Rikuentai']","['Drama', 'Romance']",[]
364,,TV,Manga,37,24,PG-13 - Teens 13 or older,7.51,4198,2194,5848,17347,61,2005,['Seinen'],"['Tokyo Kids', 'Tokyo Movie']",['Mystery'],"['Adult Cast', 'Visual Arts']"
365,,OVA,Manga,1,58,R - 17+ (violence & profanity),6.5,11865,8166,5211,23303,70,,[],['J.C.Staff'],"['Boys Love', 'Comedy', 'Mystery']","['Adult Cast', 'Detective']"
366,Agent AIKa,OVA,Original,7,27,R+ - Mild Nudity,5.98,16028,11076,3979,42395,90,,[],['Studio Fantasia'],"['Action', 'Adventure', 'Comedy', 'Sci-Fi', 'Ecchi']",[]
367,,OVA,Manga,3,24,G - All Ages,7.04,1175,4903,11058,3219,6,,['Shoujo'],['Gallop'],['Comedy'],['Mahou Shoujo']
368,Bible Black,OVA,Visual novel,6,28,Rx - Hentai,6.61,36627,,2979,70658,605,,[],['Studio Jam'],['Hentai'],[]
369,Boogiepop Phantom,TV,Light novel,12,24,R+ - Mild Nudity,7.2,38397,3957,1734,154596,1306,2000,[],['Madhouse'],"['Avant Garde', 'Drama', 'Horror', 'Mystery', 'Supernatural', 'Suspense']",['Psychological']
370,Burn Up Excess,TV,Original,13,25,PG-13 - Teens 13 or older,6.71,5497,6869,6252,14450,27,1998,[],['Magic Bus'],"['Action', 'Adventure', 'Comedy', 'Mystery', 'Sci-Fi', 'Ecchi']",['Detective']
371,Cardcaptor Sakura The Movie,Movie,Manga,1,81,PG - Children,7.64,61988,1654,2298,106455,220,,['Shoujo'],['Madhouse'],"['Award Winning', 'Comedy', 'Drama']",['Mahou Shoujo']
372,Cardcaptor Sakura Movie 2: The Sealed Card,Movie,Manga,1,82,PG - Children,8.23,71154,404,2068,124252,506,,['Shoujo'],['Madhouse'],"['Award Winning', 'Comedy', 'Drama', 'Romance']",['Mahou Shoujo']
373,All Purpose Cultural Cat Girl Nuku Nuku,OVA,Manga,6,28,R+ - Mild Nudity,6.83,5745,6090,6151,15161,38,,['Seinen'],"['Studio Fantasia', 'animate Film']","['Adventure', 'Comedy', 'Sci-Fi']",['Mecha']
374,All Purpose Cultural Cat Girl Nuku Nuku Dash!,OVA,Manga,12,24,R - 17+ (violence & profanity),6.47,2734,8331,8346,7121,11,,[],['Ashi Productions'],"['Action', 'Comedy', 'Romance', 'Sci-Fi', 'Ecchi']",[]
375,All Purpose Cultural Cat Girl Nuku Nuku TV,TV,Manga,12,23,PG-13 - Teens 13 or older,6.71,3740,6865,7200,10361,11,1998,['Seinen'],['Ashi Productions'],"['Adventure', 'Comedy', 'Sci-Fi']",['Mecha']
376,"Elfen Lied: In the Passing Rain, or, How Can a Girl Have Reached Such Feelings?",Special,Manga,1,25,R+ - Mild Nudity,7.12,119034,4459,1377,203899,273,,['Seinen'],['Arms'],"['Drama', 'Horror', 'Suspense']","['Gore', 'Psychological', 'Super Power']"
377,,OVA,Original,6,25,PG-13 - Teens 13 or older,6.8,5652,6283,6385,13809,42,,[],['Actas'],"['Action', 'Adventure', 'Comedy', 'Sci-Fi']",['Racing']
378,,Movie,Original,1,62,PG-13 - Teens 13 or older,6.72,3071,6796,8732,6356,5,,[],['Actas'],"['Action', 'Adventure', 'Comedy', 'Sci-Fi']",['Racing']
379,Excel Saga,TV,Manga,26,24,R - 17+ (violence & profanity),7.51,51488,2194,2114,120555,1073,1999,['Seinen'],['J.C.Staff'],"['Comedy', 'Sci-Fi']","['Adult Cast', 'Gag Humor', 'Parody']"
380,Mysterious Play OVA,OVA,Manga,3,28,PG-13 - Teens 13 or older,7.12,12768,4464,5069,24916,53,,['Shoujo'],['Studio Pierrot'],"['Action', 'Adventure', 'Fantasy', 'Romance']","['Historical', 'Isekai', 'Martial Arts']"
381,Mysterious Play OVA 2,OVA,Manga,6,33,PG-13 - Teens 13 or older,7.24,11066,3700,5307,22332,44,,['Shoujo'],['Studio Pierrot'],"['Action', 'Adventure', 'Fantasy', 'Romance']","['Historical', 'Isekai', 'Martial Arts']"
382,Step Up Love Story,OVA,Manga,4,27,R+ - Mild Nudity,6.35,18586,9056,4060,40539,95,,['Seinen'],['Chaos Project'],"['Comedy', 'Romance', 'Ecchi']",['Adult Cast']
383,,TV,Game,24,13,PG-13 - Teens 13 or older,7.13,12855,4404,4493,32908,218,2001,[],['Madhouse'],"['Comedy', 'Sci-Fi']",[]
384,Gantz,TV,Manga,13,22,R+ - Mild Nudity,6.98,189878,5241,714,384044,2550,2004,['Seinen'],['Gonzo'],"['Action', 'Drama', 'Horror', 'Sci-Fi', 'Suspense']","['Gore', 'High Stakes Game', 'Psychological', 'Survival']"
385,Gilgamesh,TV,Manga,26,23,R - 17+ (violence & profanity),6.71,12620,6870,3702,47809,204,2003,['Shounen'],"['Group TAC', 'Japan Vistec']","['Drama', 'Sci-Fi', 'Suspense']",['Psychological']
386,,TV,Manga,41,24,PG-13 - Teens 13 or older,7.36,3917,2932,6965,11234,35,1995,['Shounen'],['Ashi Productions'],"['Comedy', 'Romance', 'Sports']",['Team Sports']
387,Haibane Renmei,TV,Other,13,24,PG-13 - Teens 13 or older,8.01,115975,733,831,337570,9295,2002,[],['Radix'],"['Drama', 'Fantasy', 'Mystery']",['Psychological']
388,,TV,Manga,52,23,G - All Ages,7.9,24811,935,3966,42647,335,2005,['Shounen'],['Studio Comet'],['Sports'],['Racing']
389,Karas,OVA,Original,6,30,R - 17+ (violence & profanity),7.39,29280,2793,3056,67499,320,,[],['Tatsunoko Production'],"['Action', 'Fantasy', 'Sci-Fi']","['Gore', 'Super Power']"
390,Suzuka,TV,Manga,26,23,PG-13 - Teens 13 or older,7.18,56582,4118,2070,123926,676,2005,['Shounen'],['Studio Comet'],"['Drama', 'Romance', 'Sports']",[]
391,Tales of Phantasia,OVA,Game,4,29,PG-13 - Teens 13 or older,6.82,11455,6202,5068,24936,48,,[],['Actas'],"['Adventure', 'Fantasy']",['Time Travel']
392,Yu Yu Hakusho: Ghost Files,TV,Manga,112,23,PG-13 - Teens 13 or older,8.46,358671,188,308,754207,24682,1992,['Shounen'],['Studio Pierrot'],"['Action', 'Supernatural']","['Martial Arts', 'Mythology']"
393,Escaflowne: A Girl in Gaea,Movie,Original,1,97,PG-13 - Teens 13 or older,7.08,34164,4706,2774,79300,244,,[],"['Bones', 'Sunrise']","['Adventure', 'Fantasy', 'Romance']","['Isekai', 'Love Polygon', 'Mecha']"
394,Ai Yori Aoshi: Enishi,TV,Manga,12,23,PG-13 - Teens 13 or older,7.14,34158,4328,3195,62573,84,2003,['Seinen'],['J.C.Staff'],"['Comedy', 'Drama', 'Romance']",['Harem']
395,Gantz: Second Stage,TV,Manga,13,23,R+ - Mild Nudity,7.02,103581,5035,1600,172673,449,2004,['Seinen'],['Gonzo'],"['Action', 'Drama', 'Horror', 'Sci-Fi', 'Suspense']","['Gore', 'High Stakes Game', 'Psychological', 'Survival']"
396,Banner of the Stars,TV,Light novel,13,25,PG-13 - Teens 13 or older,7.7,15871,1476,4249,37125,282,2000,[],['Sunrise'],"['Action', 'Romance', 'Sci-Fi']","['Military', 'Space']"
397,Banner of the Stars II,TV,Light novel,10,25,PG-13 - Teens 13 or older,7.83,12989,1115,4969,26095,129,2001,[],['Sunrise'],"['Action', 'Romance', 'Sci-Fi']","['Military', 'Space']"
398,Banner of the Stars III,OVA,Light novel,2,37,PG-13 - Teens 13 or older,7.7,10142,1477,5604,19388,61,,[],['Sunrise'],"['Action', 'Romance', 'Sci-Fi']","['Military', 'Space']"
399,,TV Special,Light novel,1,120,PG-13 - Teens 13 or older,7.16,1294,4252,10578,3675,2,,[],['Sunrise'],"['Action', 'Romance', 'Sci-Fi']","['Military', 'Space']"
400,Outlaw Star,TV,Manga,24,25,R+ - Mild Nudity,7.85,67137,1066,1612,171385,2311,1998,['Seinen'],['Sunrise'],"['Action', 'Adventure', 'Comedy', 'Sci-Fi']",['Space']
401,Samurai X: Reflection,OVA,Manga,2,41,R - 17+ (violence & profanity),7.97,48830,816,2563,90072,389,,['Shounen'],['Studio Deen'],"['Drama', 'Romance']","['Historical', 'Samurai']"
402,,OVA,Original,1,37,PG-13 - Teens 13 or older,6.32,788,9274,12093,2424,1,,[],['Madhouse'],"['Adventure', 'Comedy', 'Fantasy']",[]
403,,TV,Manga,12,14,R+ - Mild Nudity,6.62,14865,7430,4353,35356,43,2001,['Shounen'],['Daume'],"['Comedy', 'Romance', 'Ecchi']",['Harem']
404,Bastard!!,OVA,Manga,6,28,R+ - Mild Nudity,6.75,20484,6588,3620,49689,181,,['Seinen'],['AIC'],"['Action', 'Adventure', 'Fantasy', 'Ecchi']",['Gore']
405,Blood: The Last Vampire,Movie,Original,1,48,R+ - Mild Nudity,6.87,63637,5859,2091,122283,294,,[],['Production I.G'],"['Award Winning', 'Horror', 'Supernatural']","['Gore', 'Vampire']"
406,,TV,Web manga,13,25,PG-13 - Teens 13 or older,6.64,7427,7308,5849,17320,19,2005,[],['TMS Entertainment'],"['Sci-Fi', 'Sports']",['Team Sports']
407,Detective School Q,TV,Manga,45,25,PG-13 - Teens 13 or older,7.81,15542,1166,4182,38374,274,2003,['Shounen'],['Studio Pierrot'],"['Comedy', 'Drama', 'Mystery']",['Detective']
408,Final Fantasy VII: Last Order,Special,Game,1,25,PG-13 - Teens 13 or older,7.3,40624,3293,3018,68950,131,,[],['Madhouse'],"['Action', 'Adventure', 'Drama', 'Fantasy', 'Sci-Fi']",[]
411,Gun x Sword,TV,Original,26,24,PG-13 - Teens 13 or older,7.29,35378,3353,2674,84561,382,2005,[],['AIC ASTA'],"['Adventure', 'Drama', 'Sci-Fi']",['Mecha']
412,He is My Master,TV,Manga,12,24,R+ - Mild Nudity,6.52,39319,8053,2731,81705,128,2005,['Shounen'],"['Gainax', 'Shaft']","['Comedy', 'Ecchi']",['Harem']
413,Mars of Destruction,OVA,Visual novel,1,19,R - 17+ (violence & profanity),2.24,50891,14994,2976,70779,294,,[],['WAO World'],"['Action', 'Horror', 'Sci-Fi']","['Gore', 'Military']"
415,My Neighbors the Yamadas,Movie,4-koma manga,1,103,G - All Ages,7.1,29607,4641,3451,54358,122,,[],['Studio Ghibli'],"['Award Winning', 'Comedy']",[]
416,Porco Rosso,Movie,Manga,1,93,G - All Ages,7.97,181361,812,977,288424,2531,,[],['Studio Ghibli'],"['Action', 'Adventure', 'Award Winning', 'Comedy', 'Drama', 'Romance']","['Historical', 'Military']"
417,Ragnarok the Animation,TV,Game,26,24,PG-13 - Teens 13 or older,6.45,25282,8477,3502,52784,129,2004,[],['G&G Entertainment'],"['Action', 'Fantasy']",[]
418,"Ranma ½: Big Trouble in Nekonron, China",Movie,Manga,1,74,PG-13 - Teens 13 or older,7.25,13272,3662,5028,25426,27,,['Shounen'],['Studio Deen'],"['Adventure', 'Comedy']",['Magical Sex Shift']
419,Samurai Deeper Kyo,TV,Manga,26,24,PG-13 - Teens 13 or older,6.93,27756,5558,3248,60514,207,2002,['Shounen'],['Studio Deen'],"['Action', 'Adventure', 'Comedy', 'Supernatural']","['Historical', 'Samurai']"
420,Spriggan,Movie,Manga,1,90,R - 17+ (violence & profanity),6.77,16073,6520,3978,42366,80,,['Shounen'],['Studio 4°C'],"['Adventure', 'Sci-Fi']",['Military']
421,,TV,Original,13,23,PG-13 - Teens 13 or older,6.89,5646,5781,6298,14294,43,2003,[],['Studio Fantasia'],"['Comedy', 'Sci-Fi']",['Military']
422,,OVA,Original,2,28,PG-13 - Teens 13 or older,6.7,1646,6975,10301,4049,1,,[],['Studio Fantasia'],"['Comedy', 'Sci-Fi']",['Military']
423,,OVA,Original,6,26,PG-13 - Teens 13 or older,6.82,1750,6200,10179,4185,1,,[],['Studio Fantasia'],"['Comedy', 'Sci-Fi']",['Military']
424,Dirty Pair,TV,Light novel,24,24,R+ - Mild Nudity,7.43,8773,2573,4126,39461,250,1985,[],['Sunrise'],"['Adventure', 'Comedy', 'Sci-Fi']",[]
425,Araiso Private High School Student Council Executive Committee,OVA,Manga,2,26,PG-13 - Teens 13 or older,6.46,3596,8431,7955,7994,11,,[],['Nippon Animation'],"['Boys Love', 'Comedy', 'Sports']",[]
426,Legend of the Crystals: Final Fantasy,OVA,Game,4,30,PG-13 - Teens 13 or older,6.22,7252,9807,5862,17272,20,,[],['Madhouse'],"['Action', 'Adventure', 'Comedy', 'Fantasy']",[]
427,Kaleido Star,TV,Original,51,23,PG-13 - Teens 13 or older,7.93,37944,863,2514,93187,1399,2003,[],['Gonzo'],"['Comedy', 'Drama', 'Supernatural']","['Performing Arts', 'Showbiz']"
428,Kaleido Star: New Wings Extra Stage,OVA,Original,1,24,PG - Children,7.48,7919,2341,6110,15479,13,,[],['Gonzo'],"['Comedy', 'Drama', 'Supernatural']","['Performing Arts', 'Showbiz']"
429,Kaleido Star: Legend of Phoenix - The Layla Hamilton Story,OVA,Original,1,50,PG - Children,7.87,7540,1021,6068,15754,31,,[],['Gonzo'],"['Comedy', 'Drama']",[]
430,Fullmetal Alchemist: The Movie - Conqueror of Shamballa,Movie,Manga,1,104,R - 17+ (violence & profanity),7.5,214593,2247,797,347901,697,,['Shounen'],['Bones'],"['Action', 'Adventure', 'Award Winning', 'Drama', 'Fantasy']","['Historical', 'Military']"
431,Howl's Moving Castle,Movie,Novel,1,119,G - All Ages,8.67,1026917,80,99,1491157,31781,,[],['Studio Ghibli'],"['Adventure', 'Award Winning', 'Drama', 'Fantasy', 'Romance']",[]
432,Iria: Zeiram The Animation,OVA,Original,6,28,R - 17+ (violence & profanity),7.17,11518,4159,4564,31734,155,,[],['Ashi Productions'],"['Action', 'Adventure', 'Sci-Fi']",['Space']
433,The Place Promised in Our Early Days,Movie,Original,1,90,PG-13 - Teens 13 or older,7.42,96920,2634,1218,232795,747,,[],['CoMix Wave Films'],"['Award Winning', 'Drama', 'Romance', 'Sci-Fi']",['Military']
434,Legend of Lemnear,OVA,Original,1,42,R+ - Mild Nudity,5.84,4751,11809,7095,10721,14,,[],['AIC'],"['Action', 'Adventure', 'Fantasy']",[]
435,Magic Knight Rayearth,TV,Manga,20,24,PG-13 - Teens 13 or older,7.49,32080,2299,2753,80269,636,1994,['Shoujo'],['Tokyo Movie Shinsha'],"['Adventure', 'Fantasy']",['Isekai']
437,Perfect Blue,Movie,Novel,1,81,R+ - Mild Nudity,8.56,443608,133,273,822794,21963,,[],['Madhouse'],"['Avant Garde', 'Award Winning', 'Drama', 'Horror', 'Suspense']","['Adult Cast', 'Psychological', 'Showbiz']"
438,Phantom: The Animation,OVA,Visual novel,3,28,R - 17+ (violence & profanity),6.43,6273,8618,6090,15608,16,,[],['Arcs Create'],"['Action', 'Drama']",['Organized Crime']
439,RG Veda,OVA,Manga,2,43,PG-13 - Teens 13 or older,6.17,4192,10102,7239,10254,14,,[],['animate Film'],"['Adventure', 'Drama', 'Fantasy']",[]
440,Revolutionary Girl Utena,TV,Original,39,23,PG-13 - Teens 13 or older,8.25,72431,388,1140,248642,9789,1997,[],['J.C.Staff'],"['Award Winning', 'Drama']","['Mahou Shoujo', 'Psychological', 'School']"
441,Revolutionary Girl Utena: The Adolescence of Utena,Movie,Original,1,85,R+ - Mild Nudity,7.7,30341,1476,3220,61394,774,,[],['J.C.Staff'],"['Avant Garde', 'Drama', 'Girls Love']","['Mahou Shoujo', 'School']"
442,Naruto the Movie 1: Ninja Clash in the Land of Snow,Movie,Manga,1,82,PG-13 - Teens 13 or older,7.13,194199,4434,881,320532,334,,['Shounen'],['Studio Pierrot'],"['Action', 'Adventure', 'Fantasy']",[]
443,Please Teacher!: Secret Couple,OVA,Original,1,21,PG-13 - Teens 13 or older,7.26,30261,3583,3554,51368,57,,[],['Daume'],"['Comedy', 'Romance', 'Sci-Fi', 'Ecchi']",[]
444,Maria Watches Over Us: Printemps,TV,Light novel,13,23,PG-13 - Teens 13 or older,7.66,14244,1600,4633,30936,94,2004,['Shoujo'],['Studio Deen'],"['Drama', 'Girls Love']",['School']
445,Tales of Eternia,TV,Game,13,21,PG-13 - Teens 13 or older,6.28,7125,9502,5647,18976,16,2001,[],['Xebec'],"['Adventure', 'Comedy', 'Fantasy', 'Romance']",[]
446,Knight Hunters Eternity,TV,Original,13,24,R - 17+ (violence & profanity),6.62,4252,7468,6883,11509,25,2002,[],['ufotable'],"['Action', 'Drama']",[]
447,Knight Hunters,TV,Original,25,23,PG-13 - Teens 13 or older,6.74,8078,6710,5459,20736,151,1998,[],"['Plum', 'Magic Bus']","['Action', 'Drama']",[]
448,Tenjho Tenge: The Ultimate Fight,OVA,Manga,2,24,R - 17+ (violence & profanity),7.02,24274,5073,3856,44729,35,,['Seinen'],['Madhouse'],"['Action', 'Drama', 'Romance', 'Supernatural']","['Martial Arts', 'Super Power']"
449,InuYasha the Movie 4: Fire on the Mystic Island,Movie,Manga,1,87,PG-13 - Teens 13 or older,7.56,52145,1971,2405,99583,169,,['Shounen'],['Sunrise'],"['Action', 'Adventure', 'Fantasy', 'Romance']","['Historical', 'Mythology', 'Time Travel']"
450,InuYasha the Movie 2: The Castle Beyond the Looking Glass,Movie,Manga,1,99,PG-13 - Teens 13 or older,7.68,60583,1522,2223,111704,270,,['Shounen'],['Sunrise'],"['Action', 'Adventure', 'Fantasy', 'Romance']","['Historical', 'Mythology', 'Time Travel']"
451,InuYasha the Movie 3: Swords of an Honorable Ruler,Movie,Manga,1,98,PG-13 - Teens 13 or older,7.81,68471,1154,2126,119796,227,,['Shounen'],['Sunrise'],"['Action', 'Adventure', 'Fantasy', 'Romance']","['Historical', 'Mythology', 'Time Travel']"
452,InuYasha the Movie: Affections Touching Across Time,Movie,Manga,1,99,PG-13 - Teens 13 or older,7.57,59952,1937,2244,110182,192,,['Shounen'],['Sunrise'],"['Action', 'Adventure', 'Fantasy', 'Romance']","['Historical', 'Mythology', 'Time Travel']"
454,.hack//Gift,OVA,Original,1,26,R+ - Mild Nudity,6.08,10092,10576,5371,21710,20,,[],['Bee Train'],"['Comedy', 'Fantasy']",['Video Game']
455,Fantastic Children,TV,Original,26,24,PG-13 - Teens 13 or older,7.61,9237,1764,4238,37230,318,2004,[],['Nippon Animation'],"['Adventure', 'Fantasy', 'Mystery', 'Romance', 'Sci-Fi', 'Suspense']",[]
456,Best Student Council,TV,Original,26,24,PG-13 - Teens 13 or older,7.03,7653,4986,5347,21913,70,2005,[],['J.C.Staff'],['Comedy'],['School']
457,Mushi-Shi,TV,Manga,26,23,PG-13 - Teens 13 or older,8.65,298517,86,226,907209,28375,2005,['Seinen'],['Artland'],"['Adventure', 'Mystery', 'Slice of Life', 'Supernatural']","['Adult Cast', 'Historical', 'Iyashikei']"
458,I Dream of Mimi,OVA,Manga,3,27,R+ - Mild Nudity,6.42,5072,8647,6553,12958,26,,['Seinen'],['OLM'],"['Comedy', 'Sci-Fi', 'Ecchi']",[]
459,One Piece: The Movie,Movie,Manga,1,50,PG-13 - Teens 13 or older,7.1,87677,4631,1720,156159,479,,['Shounen'],['Toei Animation'],"['Action', 'Adventure', 'Fantasy']",[]
460,One Piece: Clockwork Island Adventure,Movie,Manga,1,55,PG-13 - Teens 13 or older,7.08,65119,4730,2209,112665,42,,['Shounen'],['Toei Animation'],"['Action', 'Adventure', 'Fantasy']",[]
461,One Piece: Chopper Kingdom of Strange Animal Island,Movie,Manga,1,55,PG-13 - Teens 13 or older,6.83,55169,6124,2449,96893,33,,['Shounen'],['Toei Animation'],"['Action', 'Adventure', 'Fantasy']",[]
462,One Piece: Dead End Adventure,Movie,Manga,1,95,PG-13 - Teens 13 or older,7.51,63983,2218,2169,116167,76,,['Shounen'],['Toei Animation'],"['Action', 'Adventure', 'Fantasy']",[]
463,One Piece: The Curse of the Sacred Sword,Movie,Manga,1,95,PG-13 - Teens 13 or older,7.09,52574,4679,2494,94206,42,,['Shounen'],['Toei Animation'],"['Action', 'Adventure', 'Fantasy']",[]
464,One Piece: Baron Omatsuri and the Secret Island,Movie,Manga,1,91,PG-13 - Teens 13 or older,7.8,71235,1190,2090,122362,548,,['Shounen'],['Toei Animation'],"['Action', 'Adventure', 'Drama', 'Fantasy']",[]
465,One Piece: The Giant Mechanical Soldier of Karakuri Castle,Movie,Manga,1,94,PG-13 - Teens 13 or older,7.16,45530,4244,2665,85199,22,,['Shounen'],['Toei Animation'],"['Action', 'Adventure', 'Fantasy']",[]
466,One Piece: Defeat the Pirate Ganzack!,OVA,Manga,1,28,PG-13 - Teens 13 or older,6.69,24430,7027,3791,46040,16,,['Shounen'],['Production I.G'],"['Action', 'Adventure', 'Fantasy']",[]
467,Ghost in the Shell: Stand Alone Complex,TV,Manga,26,24,R - 17+ (violence & profanity),8.43,172919,202,638,425159,9018,2002,['Seinen'],['Production I.G'],"['Award Winning', 'Mystery', 'Sci-Fi']","['Adult Cast', 'Detective', 'Mecha', 'Military']"
468,Ghost in the Shell 2: Innocence,Movie,Manga,1,99,R - 17+ (violence & profanity),7.77,94272,1264,1552,178312,1191,,['Seinen'],['Production I.G'],"['Award Winning', 'Mystery', 'Sci-Fi', 'Suspense']","['Adult Cast', 'Detective', 'Mecha', 'Military', 'Psychological']"
469,Karin,TV,Manga,24,23,PG-13 - Teens 13 or older,7.11,96336,4540,1482,188070,814,2005,['Shounen'],['J.C.Staff'],"['Comedy', 'Romance', 'Supernatural']","['School', 'Vampire']"
470,My Wife is a High School Girl,TV,Manga,13,24,PG-13 - Teens 13 or older,6.38,11926,8907,4558,31761,38,2005,['Seinen'],['Madhouse'],"['Comedy', 'Romance', 'Ecchi']",['School']
471,To Heart 2,TV,Visual novel,13,24,PG-13 - Teens 13 or older,6.66,8211,7231,5190,23542,54,2005,[],['OLM'],"['Comedy', 'Drama', 'Romance']","['Harem', 'School']"
472,To Heart,TV,Visual novel,13,24,PG-13 - Teens 13 or older,6.72,11143,6847,4606,31279,86,1999,[],['OLM'],"['Drama', 'Romance']","['Harem', 'School']"
473,,TV,Original,12,23,PG-13 - Teens 13 or older,6.73,3463,6766,7719,8699,7,2005,[],['Telecom Animation Film'],"['Action', 'Adventure', 'Drama']",['Military']
474,,OVA,Original,4,39,R - 17+ (violence & profanity),7.76,25070,1292,3365,56533,503,,[],['Triangle Staff'],"['Drama', 'Romance', 'Sci-Fi']","['Adult Cast', 'Mecha', 'Military', 'Space']"
475,Hotori: Simply Wishing for Hope,TV Special,Original,1,40,PG-13 - Teens 13 or older,6.93,2476,5536,8349,7125,7,,[],['Sunrise'],"['Drama', 'Sci-Fi']",[]
476,,TV,Light novel,12,24,PG-13 - Teens 13 or older,7.35,24454,2986,3493,53038,163,2005,[],['Karaku'],"['Drama', 'Romance', 'Sports', 'Supernatural']",['Performing Arts']
477,Aria the Animation,TV,Manga,13,24,G - All Ages,7.71,54702,1427,1549,178603,2412,2005,['Shounen'],['HAL Film Maker'],"['Sci-Fi', 'Slice of Life']",['Iyashikei']
478,Aquarion,TV,Original,26,24,PG-13 - Teens 13 or older,7.13,33309,4444,2705,83078,369,2005,[],['Satelight'],"['Fantasy', 'Romance', 'Sci-Fi']","['Mecha', 'Super Power']"
479,The Law of Ueki,TV,Manga,51,23,PG-13 - Teens 13 or older,7.74,51365,1351,2034,126433,936,2005,['Shounen'],['Studio Deen'],"['Action', 'Adventure', 'Supernatural']",['Super Power']
481,Yu-Gi-Oh!,TV,Manga,224,23,PG-13 - Teens 13 or older,7.52,269196,2184,626,429839,5303,2000,['Shounen'],['Gallop'],"['Action', 'Adventure', 'Fantasy']",['Strategy Game']
482,Yu-Gi-Oh! GX,TV,Manga,180,23,PG-13 - Teens 13 or older,7.24,145747,3751,1207,235047,1822,2004,['Shounen'],['Gallop'],"['Action', 'Comedy', 'Fantasy']",['Strategy Game']
483,,TV,Original,24,23,PG-13 - Teens 13 or older,7.34,8982,3054,4396,34678,149,2004,[],['Bones'],"['Action', 'Drama', 'Sci-Fi']","['Space', 'Super Power']"
484,Saiyuki: Requiem,Movie,Manga,1,94,PG-13 - Teens 13 or older,7.31,4619,3236,7136,10579,20,,['Shounen'],['Studio Pierrot'],"['Adventure', 'Supernatural']",['Mythology']
485,,TV,4-koma manga,26,6,G - All Ages,7.22,5663,3827,6826,11754,50,2005,[],['Magic Bus'],['Comedy'],['Anthropomorphic']
486,Kino's Journey,TV,Light novel,13,24,R - 17+ (violence & profanity),8.29,106543,332,768,356874,7637,2003,[],['A.C.G.T.'],"['Adventure', 'Drama', 'Fantasy']",[]
487,Girls Bravo: Second Season,TV,Manga,13,23,R+ - Mild Nudity,6.62,51004,7422,2433,97489,138,2005,['Shounen'],['AIC Spirits'],"['Comedy', 'Fantasy', 'Romance', 'Ecchi']","['Harem', 'Isekai', 'School']"
488,Strawberry Marshmallow,TV,Manga,12,24,PG-13 - Teens 13 or older,7.65,42396,1628,1987,130465,1138,2005,[],['Daume'],['Slice of Life'],"['CGDCT', 'Iyashikei']"
489,Kamichu!,TV,Original,12,26,G - All Ages,7.43,20208,2586,3010,69267,295,2005,[],"[""Brain's Base""]","['Award Winning', 'Slice of Life', 'Supernatural']","['Iyashikei', 'Mythology', 'School']"
490,Pani Poni Dash!,TV,Manga,26,24,PG-13 - Teens 13 or older,7.48,23695,2353,3020,68913,495,2005,['Shounen'],"['Shaft', 'GANSIS']",['Comedy'],"['Gag Humor', 'Parody', 'School']"
492,,Movie,Original,1,90,R+ - Mild Nudity,6.9,10973,5692,5422,21194,24,,[],['AIC'],['Sci-Fi'],['Mecha']
493,,Movie,Original,1,92,R+ - Mild Nudity,7.1,8483,4586,5781,17871,43,,[],['AIC'],"['Mystery', 'Romance', 'Sci-Fi']","['Detective', 'Mecha', 'Military']"
495,Sorcerer Hunters,TV,Manga,26,23,R - 17+ (violence & profanity),6.75,8001,6591,4992,25809,53,1995,['Shounen'],['Xebec'],"['Adventure', 'Comedy', 'Fantasy', 'Ecchi']",[]
496,The Dagger of Kamui,Movie,Novel,1,132,PG-13 - Teens 13 or older,6.62,2572,7432,7756,8593,27,,[],"['Madhouse', 'Project Team Argos']","['Adventure', 'Drama', 'Fantasy']",['Historical']
497,"Yamibo: Darkness, The Hat and the Travelers of the Books",TV,Visual novel,13,23,PG-13 - Teens 13 or older,6.64,11726,7357,4418,34262,116,2003,[],['Studio Deen'],"['Adventure', 'Fantasy', 'Girls Love', 'Mystery', 'Ecchi']",[]
498,Great Planet Evil-Destroyer Dangaio,OVA,Original,3,45,PG-13 - Teens 13 or older,6.46,3402,8404,7447,9486,16,,[],"['AIC', 'Artmic']","['Adventure', 'Sci-Fi']",['Mecha']
499,Demon City Shinjuku,OVA,Novel,1,79,R - 17+ (violence & profanity),6.24,12790,9705,4618,31110,86,,[],['Madhouse'],"['Adventure', 'Horror', 'Romance', 'Supernatural']",['Gore']
501,,TV,Manga,26,25,PG - Children,7.44,12066,2530,5301,22381,146,1973,"['Kids', 'Shounen']",['Nippon TV Douga'],"['Adventure', 'Comedy', 'Fantasy']",['Anthropomorphic']
502,Dragon Ball: Curse of the Blood Rubies,Movie,Manga,1,50,PG-13 - Teens 13 or older,6.75,41946,6596,2851,75644,45,,['Shounen'],['Toei Animation'],"['Action', 'Adventure', 'Comedy', 'Fantasy']",[]
503,The Eternal Aseria,OVA,Visual novel,2,29,PG-13 - Teens 13 or older,5.6,2009,12885,9311,5414,3,,[],['Studio Matrix'],"['Adventure', 'Drama', 'Fantasy']",[]
504,Fatal Fury: The Motion Picture,Movie,Game,1,96,R+ - Mild Nudity,6.62,8360,7420,6055,15821,49,,[],['Studio Comet'],"['Action', 'Adventure', 'Drama', 'Romance']",['Martial Arts']
505,,TV,Original,51,24,G - All Ages,7.56,5376,1968,6259,14433,111,2005,[],['HAL Film Maker'],['Comedy'],['Mahou Shoujo']
506,,TV,Manga,23,24,PG-13 - Teens 13 or older,7.41,3188,2677,7095,10718,48,1984,['Shoujo'],['Eiken'],"['Drama', 'Romance']","['Performing Arts', 'Showbiz']"
507,,OVA,Manga,2,26,R - 17+ (violence & profanity),6.88,19022,5815,4402,34551,84,,['Shoujo'],['Plum'],"['Boys Love', 'Comedy']","['Adult Cast', 'Music', 'Showbiz']"
508,Hamtaro,TV,Manga,296,25,G - All Ages,7.04,31510,4954,3106,65343,303,2000,['Kids'],['TMS Entertainment'],"['Adventure', 'Comedy']",['Anthropomorphic']
509,I My Me! Strawberry Eggs,TV,Original,13,22,PG-13 - Teens 13 or older,6.77,21078,6493,4018,41708,102,2001,[],['TNK'],"['Comedy', 'Drama', 'Romance']","['Crossdressing', 'School']"
510,Kakyusei 2,TV,Visual novel,13,25,R+ - Mild Nudity,6.17,1979,10082,8207,7423,6,2004,[],['Arms'],"['Comedy', 'Drama', 'Romance']","['Harem', 'School']"
511,Moeyo Ken TV,TV,Game,13,25,PG-13 - Teens 13 or older,6.3,2411,9377,8377,7053,1,2005,[],"['Trinet Entertainment', 'Picture Magic']","['Adventure', 'Comedy', 'Fantasy']",['Historical']
512,Kiki's Delivery Service,Movie,Novel,1,103,G - All Ages,8.24,430244,399,368,664125,6751,,[],['Studio Ghibli'],"['Adventure', 'Award Winning', 'Comedy', 'Drama', 'Fantasy']",[]
513,Castle in the Sky,Movie,Original,1,124,PG - Children,8.26,335521,375,469,538290,4856,,[],['Studio Ghibli'],"['Adventure', 'Award Winning', 'Fantasy']",[]
514,Le Portrait de Petit Cossette,OVA,Original,3,36,R - 17+ (violence & profanity),6.82,31443,6154,2754,80186,453,,[],['Daume'],"['Drama', 'Horror', 'Romance', 'Supernatural']","['Gore', 'Psychological', 'Visual Arts']"
515,Legend of Crystania: The Motion Picture,Movie,Light novel,1,78,R - 17+ (violence & profanity),6.23,2881,9750,8294,7209,10,,[],['Triangle Staff'],"['Action', 'Adventure', 'Fantasy']",[]
516,Sgt. Frog,TV,Manga,358,23,PG-13 - Teens 13 or older,7.72,37040,1400,2685,83856,1370,2004,['Shounen'],['Sunrise'],"['Comedy', 'Sci-Fi']",['Parody']
517,School Rumble: Extra Class,OVA,Manga,2,25,PG-13 - Teens 13 or older,7.71,34957,1442,3197,62415,105,,['Shounen'],['Studio Comet'],"['Comedy', 'Romance']",['School']
518,Fairy Princess Minky Momo,TV,Original,63,23,G - All Ages,7.24,3469,3726,6793,11899,63,1982,[],['Ashi Productions'],[],['Mahou Shoujo']
519,,TV,Manga,26,23,PG-13 - Teens 13 or older,7.38,11339,2843,4781,28695,107,2005,['Shounen'],['J.C.Staff'],"['Comedy', 'Romance']",['Visual Arts']
520,,Movie,Manga,1,26,PG-13 - Teens 13 or older,7.32,5296,3194,6697,12290,27,,['Shoujo'],['Toei Animation'],['Romance'],[]
521,Mermaid Melody: Pichi Pichi Pitch,TV,Manga,52,24,PG - Children,7.26,45771,3573,2564,90015,1090,2003,['Shoujo'],"['Actas', 'Synergy Japan']",['Romance'],"['Mahou Shoujo', 'Music']"
522,,Movie,Manga,1,107,PG-13 - Teens 13 or older,7.54,49489,2077,2112,120673,719,,['Shounen'],['Madhouse'],"['Adventure', 'Drama', 'Romance', 'Sci-Fi']",[]
523,My Neighbor Totoro,Movie,Original,1,86,G - All Ages,8.25,757734,391,145,1165282,9295,,[],['Studio Ghibli'],"['Adventure', 'Award Winning', 'Supernatural']",[]
524,Please Twins!: The Summer Never Ends,OVA,Original,1,25,R+ - Mild Nudity,6.98,18161,5260,4591,31495,9,,[],['Daume'],"['Comedy', 'Drama', 'Romance']",[]
525,Otogi Zoshi: The Legend of Magatama,TV,Original,26,23,PG-13 - Teens 13 or older,7.04,5066,4944,5531,19997,53,2004,[],['Production I.G'],"['Adventure', 'Drama', 'Fantasy']",['Historical']
526,Please Save My Earth,OVA,Manga,6,30,PG-13 - Teens 13 or older,7.14,6890,4331,5167,23754,171,,['Shoujo'],['Production I.G'],"['Drama', 'Sci-Fi']",[]
527,Pokémon,TV,Game,276,24,PG - Children,7.42,426076,2643,355,682395,5854,1997,['Kids'],['OLM'],"['Action', 'Adventure', 'Comedy', 'Fantasy']",[]
528,Pokémon: The First Movie - Mewtwo Strikes Back,Movie,Game,1,85,PG - Children,7.68,191288,1531,987,285310,472,,['Kids'],['OLM'],"['Action', 'Adventure', 'Award Winning', 'Comedy', 'Fantasy']",[]
529,"She, The Ultimate Weapon",TV,Manga,13,24,R - 17+ (violence & profanity),7.15,39708,4316,2312,105624,632,2002,['Seinen'],['Gonzo'],"['Drama', 'Romance', 'Sci-Fi']","['Military', 'School']"
530,Sailor Moon,TV,Manga,46,24,PG-13 - Teens 13 or older,7.76,202540,1282,650,415562,11126,1992,['Shoujo'],['Toei Animation'],['Romance'],['Mahou Shoujo']
531,Sailor Moon R: The Movie - The Promise of the Rose,Movie,Manga,1,60,PG-13 - Teens 13 or older,7.75,40011,1303,2929,72793,279,,['Shoujo'],['Toei Animation'],"['Drama', 'Romance']",['Mahou Shoujo']
532,Sailor Moon S,TV,Manga,38,24,PG-13 - Teens 13 or older,7.93,84012,858,1691,159270,1552,1994,['Shoujo'],['Toei Animation'],['Romance'],['Mahou Shoujo']
533,Teacher's Time,TV,4-koma manga,13,23,PG-13 - Teens 13 or older,6.79,3595,6380,7370,9774,22,2004,[],['J.C.Staff'],['Comedy'],['School']
534,Slayers,TV,Light novel,26,22,PG-13 - Teens 13 or older,7.74,66094,1350,1730,154962,2070,1995,[],['E&G Films'],"['Action', 'Adventure', 'Comedy', 'Fantasy']",[]
535,Slayers Next,TV,Light novel,26,24,PG-13 - Teens 13 or older,8.04,40171,704,2837,76404,883,1996,[],['E&G Films'],"['Action', 'Adventure', 'Comedy', 'Fantasy']",[]
536,Slayers: The Motion Picture,Movie,Light novel,1,64,PG-13 - Teens 13 or older,7.28,14451,3460,4908,26988,28,,[],['J.C.Staff'],"['Adventure', 'Comedy', 'Fantasy']",[]
537,Tekken: The Motion Picture,OVA,Game,2,28,R - 17+ (violence & profanity),5.3,10701,13822,5790,17836,22,,[],['Studio Deen'],"['Action', 'Adventure', 'Sci-Fi']",['Martial Arts']
538,Tenchi in Tokyo,TV,Original,26,23,PG-13 - Teens 13 or older,6.92,19261,5607,4070,40406,95,1997,[],['AIC'],"['Comedy', 'Romance', 'Sci-Fi']",['Harem']
539,Tenchi Muyo! Ryo-Ohki,OVA,Original,6,29,R+ - Mild Nudity,7.63,26433,1722,3292,59031,617,,[],['AIC'],"['Action', 'Comedy', 'Sci-Fi']",['Space']
540,Tenchi Muyo! Ryo-Ohki 2nd Season,OVA,Original,6,33,R+ - Mild Nudity,7.64,16920,1681,4607,31299,93,,[],['AIC'],"['Action', 'Comedy', 'Sci-Fi']","['Harem', 'Space']"
541,Tenchi Muyo! Ryo-Ohki 3rd Season,OVA,Original,6,30,R+ - Mild Nudity,7.32,11766,3216,5227,23085,49,,[],['AIC'],"['Action', 'Comedy', 'Sci-Fi']","['Harem', 'Space']"
543,Vampire Hunter D: Bloodlust,Movie,Light novel,1,102,R - 17+ (violence & profanity),7.99,116761,775,1146,247566,3434,,[],['Madhouse'],"['Action', 'Drama', 'Fantasy', 'Horror', 'Romance', 'Sci-Fi']",['Vampire']
544,Venus Wars,Movie,Manga,1,103,PG-13 - Teens 13 or older,6.86,7277,5962,5656,18892,62,,[],['Triangle Staff'],"['Action', 'Adventure', 'Sci-Fi']",['Space']
545,Mousou Kagaku Series: Wandaba Style,TV,Original,12,24,PG-13 - Teens 13 or older,6.39,1658,8846,9838,4606,4,2003,[],['TNK'],"['Comedy', 'Sci-Fi']",[]
546,,TV,Visual novel,13,12,PG-13 - Teens 13 or older,6.06,4516,10748,6565,12923,11,2004,[],['Radix'],"['Drama', 'Romance', 'Supernatural']",['School']
547,,OVA,Visual novel,3,29,PG-13 - Teens 13 or older,6.39,1519,8864,10641,3603,1,,[],['Venet'],"['Drama', 'Romance', 'Supernatural']",['School']
548,Sky Blue,Movie,Original,1,95,PG-13 - Teens 13 or older,6.96,15950,5400,4232,37263,79,,[],[],"['Action', 'Drama', 'Romance', 'Sci-Fi']",['Love Polygon']
550,,TV,Manga,27,24,PG-13 - Teens 13 or older,7.26,153023,3609,1047,269610,1431,1998,['Shounen'],['Toei Animation'],"['Action', 'Comedy', 'Fantasy']",['Strategy Game']
551,Baki the Grappler: Saidai Tournament-hen,TV,Manga,24,24,R - 17+ (violence & profanity),7.49,58506,2289,2305,105953,302,2001,['Shounen'],['Group TAC'],['Sports'],"['Combat Sports', 'Gore']"
552,Digimon: Digital Monsters,TV,Original,54,24,PG - Children,7.79,269964,1204,633,426914,5800,1999,['Kids'],['Toei Animation'],"['Action', 'Adventure', 'Comedy', 'Fantasy']",['Isekai']
553,Descendants of Darkness,TV,Manga,13,23,R - 17+ (violence & profanity),7.06,25532,4844,3265,59672,398,2000,['Shoujo'],['J.C.Staff'],"['Boys Love', 'Fantasy', 'Horror', 'Mystery']","['Detective', 'Vampire']"
554,Steel Angel Kurumi,TV,Manga,24,15,R+ - Mild Nudity,6.81,11170,6249,4844,27848,74,1999,[],['OLM'],"['Adventure', 'Comedy', 'Drama', 'Romance']","['Historical', 'Mecha', 'Military']"
555,Steel Angel Kurumi 2,TV,Original,12,15,R+ - Mild Nudity,6.41,6211,8727,6416,13617,13,2001,[],['OLM'],"['Comedy', 'Girls Love', 'Sci-Fi']",['Mecha']
556,Steel Angel Kurumi Zero,OVA,Original,3,14,R+ - Mild Nudity,6.1,2403,10477,8941,6027,3,,[],['OLM'],"['Drama', 'Romance', 'Sci-Fi']",[]
557,Steel Angel Kurumi Encore,OVA,Original,4,15,R+ - Mild Nudity,6.76,3747,6562,7938,8042,7,,['Shounen'],['OLM'],"['Comedy', 'Romance', 'Sci-Fi']",['Historical']
558,,TV,Manga,26,25,PG-13 - Teens 13 or older,8.19,48195,466,2826,76993,312,2006,['Shounen'],['Studio Hibari'],['Sports'],['Team Sports']
559,,OVA,Original,1,15,PG-13 - Teens 13 or older,6.26,3168,9613,8007,7879,3,,[],['Bones'],"['Drama', 'Sci-Fi']",['Psychological']
560,,TV Special,Original,1,51,PG-13 - Teens 13 or older,7.36,6178,2970,5950,16598,26,,[],['Xebec'],"['Drama', 'Sci-Fi']","['Mecha', 'Military']"
561,Sakura Wars TV,TV,Game,25,24,PG-13 - Teens 13 or older,7.0,9469,5168,4636,30875,74,2000,[],['Madhouse'],"['Adventure', 'Sci-Fi']","['Mecha', 'Performing Arts']"
562,Sakura Wars: The New Paris,OVA,Game,3,31,PG-13 - Teens 13 or older,6.83,1435,6137,10479,3791,2,,[],['Radix'],"['Adventure', 'Sci-Fi']","['Mecha', 'Performing Arts']"
563,DNA²,TV,Manga,12,23,PG-13 - Teens 13 or older,6.68,22618,7056,3627,49416,119,1994,['Shounen'],"['Madhouse', 'Studio Deen']","['Comedy', 'Romance', 'Sci-Fi']",['Time Travel']
564,Puni Puni Poemy,OVA,Original,2,30,R+ - Mild Nudity,6.54,18634,7951,4317,36034,116,,[],['J.C.Staff'],"['Comedy', 'Sci-Fi', 'Ecchi']","['Gag Humor', 'Mahou Shoujo', 'Parody']"
565,Steamboy,Movie,Original,1,126,PG-13 - Teens 13 or older,7.32,43623,3210,2535,91854,178,,[],['Sunrise'],"['Action', 'Adventure', 'Drama', 'Sci-Fi']","['Historical', 'Military']"
566,Birdy the Mighty,OVA,Manga,4,33,PG-13 - Teens 13 or older,7.18,12020,4122,4301,36268,87,,['Shounen'],['Madhouse'],"['Action', 'Comedy', 'Sci-Fi']",[]
567,The Big O,TV,Original,26,24,PG-13 - Teens 13 or older,7.57,41395,1950,2264,108438,1070,1999,[],['Sunrise'],"['Mystery', 'Sci-Fi']","['Adult Cast', 'Mecha', 'Psychological']"
568,,TV,Original,26,24,R - 17+ (violence & profanity),7.17,16472,4145,3863,44620,210,1998,[],['AIC'],"['Adventure', 'Sci-Fi']","['Adult Cast', 'Mecha']"
569,The Irresponsible Captain Tylor,TV,Light novel,26,23,PG-13 - Teens 13 or older,7.91,18085,921,3403,55529,612,1993,[],['Tatsunoko Production'],"['Comedy', 'Sci-Fi']","['Adult Cast', 'Military', 'Parody', 'Space']"
570,Jin-Roh: The Wolf Brigade,Movie,Manga,1,102,R - 17+ (violence & profanity),7.79,88535,1209,1359,206332,2236,,[],['Production I.G'],"['Action', 'Award Winning', 'Drama', 'Romance', 'Suspense']","['Adult Cast', 'Military', 'Psychological']"
571,,OVA,Original,6,29,PG-13 - Teens 13 or older,6.58,2132,7705,9200,5578,12,,[],['AIC'],"['Romance', 'Sci-Fi']",['Mecha']
572,Nausicaä of the Valley of the Wind,Movie,Manga,1,117,PG-13 - Teens 13 or older,8.36,258641,269,653,415068,6092,,[],['Topcraft'],"['Adventure', 'Award Winning', 'Drama', 'Fantasy']",[]
573,Saber Marionette J,TV,Original,25,25,PG-13 - Teens 13 or older,7.4,15685,2763,4234,37243,234,1996,[],['Studio Junio'],"['Adventure', 'Comedy', 'Drama', 'Romance', 'Sci-Fi']","['Harem', 'Mecha']"
574,The Wings of Rean,ONA,Novel,6,24,PG-13 - Teens 13 or older,6.01,1682,10974,9484,5147,2,,[],['Sunrise'],"['Award Winning', 'Fantasy', 'Sci-Fi']",['Mecha']
576,,TV,Manga,13,24,PG-13 - Teens 13 or older,6.34,16866,9127,4222,37372,45,2006,['Shounen'],['Tokyo Kids'],"['Comedy', 'Fantasy', 'Romance']",['Harem']
577,Eternal Alice,TV,Manga,13,24,PG-13 - Teens 13 or older,6.57,3395,7739,7236,10253,17,2006,[],"['Trinet Entertainment', 'Picture Magic']",[],['Mahou Shoujo']
578,Grave of the Fireflies,Movie,Novel,1,88,PG-13 - Teens 13 or older,8.54,460432,141,302,768143,9217,,[],['Studio Ghibli'],['Drama'],['Historical']
579,,TV,Original,15,12,PG-13 - Teens 13 or older,6.92,17467,5572,4154,38886,126,2003,[],['AIC'],"['Comedy', 'Sci-Fi', 'Ecchi']",[]
580,Scorched Bread,TV,Other,10,4,G - All Ages,6.75,3475,6614,8493,6834,37,2001,[],['Studio Pierrot'],"['Comedy', 'Gourmet']",[]
581,Labyrinth Of Flames,OVA,Original,2,32,R+ - Mild Nudity,6.19,5470,9967,6385,13803,20,,[],['Studio Fantasia'],"['Comedy', 'Ecchi']",['Samurai']
582,,TV,Manga,48,8,R - 17+ (violence & profanity),7.59,3679,1863,6362,13895,137,1998,['Shounen'],['Magic Bus'],"['Action', 'Comedy']","['Gag Humor', 'Martial Arts', 'School']"
584,Noein: To Your Other Self,TV,Original,24,25,PG-13 - Teens 13 or older,7.59,31697,1857,2428,97884,746,2005,[],['Satelight'],"['Adventure', 'Drama', 'Sci-Fi']",['Time Travel']
585,Whisper of the Heart,Movie,Manga,1,111,G - All Ages,8.23,230231,412,670,408116,5743,,['Shoujo'],['Studio Ghibli'],"['Drama', 'Romance']",[]
586,Ayakashi: Samurai Horror Tales,TV,Other,11,23,R - 17+ (violence & profanity),7.38,28510,2830,2641,86182,312,2006,[],['Toei Animation'],"['Horror', 'Mystery', 'Supernatural', 'Suspense']","['Adult Cast', 'Historical', 'Mythology', 'Psychological']"
587,Looking Up At The Half-Moon,TV,Light novel,6,24,PG-13 - Teens 13 or older,7.46,50550,2448,2311,105729,496,2006,[],['Group TAC'],"['Drama', 'Romance']",[]
588,Itsudatte My Santa!,OVA,Manga,2,28,R+ - Mild Nudity,5.92,8261,11389,6104,15524,13,,['Shounen'],['TNK'],"['Comedy', 'Fantasy', 'Romance', 'Ecchi']",[]
589,Silver Fang,TV,Manga,21,23,PG-13 - Teens 13 or older,8.06,12995,656,4667,30452,873,1986,['Shounen'],['Toei Animation'],"['Action', 'Adventure', 'Drama']",['Anthropomorphic']
590,Guardian Ninja Mamoru,TV,Light novel,12,24,PG-13 - Teens 13 or older,6.69,12766,7010,4778,28704,28,2006,[],['Group TAC'],"['Comedy', 'Romance']",[]
591,Ah My Buddha,TV,Manga,12,24,R+ - Mild Nudity,6.46,37479,8386,2758,79925,84,2005,['Seinen'],['Studio Deen'],"['Comedy', 'Romance', 'Supernatural', 'Ecchi']",['Harem']
592,,TV,Game,26,23,PG - Children,7.35,1093,3015,11614,2766,2,2003,[],['TMS Entertainment'],"['Adventure', 'Fantasy']",[]
593,Infinite Ryvius,TV,Original,26,23,PG-13 - Teens 13 or older,7.48,13749,2347,3643,49107,345,1999,[],['Sunrise'],"['Award Winning', 'Drama', 'Sci-Fi']","['Mecha', 'Military', 'Psychological', 'Space']"
594,Naruto: The Lost Story - Mission: Protect the Waterfall Village,Special,Manga,1,40,PG-13 - Teens 13 or older,6.77,52821,6504,2460,96059,132,,['Shounen'],['Studio Pierrot'],"['Action', 'Adventure', 'Fantasy']",['Martial Arts']
595,X: An Omen,OVA,Manga,1,22,PG-13 - Teens 13 or older,6.77,6914,6526,6153,15134,7,,['Shoujo'],['Madhouse'],"['Action', 'Drama', 'Fantasy', 'Mystery']",['Super Power']
596,Chobits: Chibits - Sumomo and Kotoko Deliver,Special,Manga,1,6,PG-13 - Teens 13 or older,6.96,27598,5349,3664,48748,63,,[],['Madhouse'],"['Comedy', 'Romance']",[]
597,The Cat Returns,Movie,Other,1,75,G - All Ages,7.72,190784,1408,920,305909,1730,,[],['Studio Ghibli'],"['Adventure', 'Award Winning', 'Drama', 'Fantasy']",['Anthropomorphic']
598,Android Kikaider - The Animation,TV,Other,13,23,PG-13 - Teens 13 or older,7.06,5082,4815,6861,11612,77,2000,['Shounen'],"['Radix', 'Studio OX']","['Drama', 'Sci-Fi']",['Mecha']
599,Phantom Quest Corp.,OVA,Original,4,29,R+ - Mild Nudity,6.78,3025,6466,7765,8560,12,,[],['Madhouse'],"['Action', 'Adventure', 'Comedy', 'Supernatural']","['Super Power', 'Vampire']"
600,,TV,Original,12,5,R - 17+ (violence & profanity),4.83,5072,14530,6590,12812,13,2004,[],"['Radix', 'Marine Entertainment']","['Boys Love', 'Drama', 'Supernatural']",['Vampire']
601,Cat Soup,OVA,Manga,1,32,PG-13 - Teens 13 or older,7.35,41966,3007,2586,88785,1132,,[],['J.C.Staff'],"['Avant Garde', 'Award Winning', 'Comedy']","['Anthropomorphic', 'Psychological']"
602,KO Century Beast Warriors,OVA,Original,7,27,R+ - Mild Nudity,7.04,1461,4935,10245,4110,12,,[],"['animate Film', 'Zero-G Room']","['Adventure', 'Comedy', 'Fantasy']",['Mecha']
603,Pretty Cure,TV,Original,49,24,G - All Ages,7.19,22812,4027,3214,61513,442,2004,[],['Toei Animation'],"['Action', 'Comedy']",['Mahou Shoujo']
604,Magical Stage Fancy Lala,TV,Original,26,24,G - All Ages,7.33,5065,3121,6277,14350,64,1998,[],['Studio Pierrot'],"['Comedy', 'Drama', 'Romance']","['Idols (Female)', 'Mahou Shoujo', 'Music']"
605,I'm Gonna Be an Angel!,TV,Original,26,23,PG-13 - Teens 13 or older,7.09,3097,4694,7438,9522,54,1999,[],['Studio Pierrot'],"['Comedy', 'Fantasy', 'Romance']",['Vampire']
606,Carried by the Wind: Tsukikage Ran,TV,Original,13,23,PG-13 - Teens 13 or older,7.3,6808,3301,5530,20009,105,2000,[],['Madhouse'],"['Action', 'Adventure', 'Comedy']","['Historical', 'Martial Arts', 'Samurai']"
607,Fairy Musketeers,TV,Original,39,24,PG-13 - Teens 13 or older,7.2,2384,3994,7602,9020,27,2006,[],"['Madhouse', 'Group TAC']","['Adventure', 'Comedy', 'Fantasy']",[]
608,Sakura Wars: The Movie,Movie,Game,1,85,PG-13 - Teens 13 or older,6.58,3641,7707,7954,7992,6,,[],['Production I.G'],"['Adventure', 'Sci-Fi']","['Mecha', 'Performing Arts']"
609,Saikano: Another Love Song,OVA,Manga,2,29,R+ - Mild Nudity,7.04,8746,4950,5547,19813,22,,['Seinen'],['Studio Fantasia'],"['Drama', 'Romance', 'Sci-Fi']",[]
610,,TV,Visual novel,12,24,R+ - Mild Nudity,6.33,11029,9205,4857,27654,67,2003,[],['Shaft'],"['Comedy', 'Drama', 'Supernatural', 'Ecchi']",['Time Travel']
611,,TV,Novel,24,6,PG-13 - Teens 13 or older,5.87,1330,11662,8360,7095,31,2002,[],['ACiD FiLM'],"['Sci-Fi', 'Slice of Life']",[]
612,,TV,Light novel,13,25,PG-13 - Teens 13 or older,6.7,2822,6968,7865,8254,11,2005,[],['XEBEC M2'],"['Comedy', 'Fantasy', 'Romance']","['Mythology', 'School', 'Urban Fantasy']"
613,The Chronicle of the Big Battle between Yin and Yang,TV,Manga,52,23,PG-13 - Teens 13 or older,7.12,2101,4489,8483,6837,32,2004,['Shounen'],['Sunrise'],"['Adventure', 'Fantasy']",[]
614,Madam is a Magical Girl,TV,Original,13,24,PG-13 - Teens 13 or older,6.53,3389,8012,6834,11695,11,2005,[],['J.C.Staff'],['Romance'],['Mahou Shoujo']
615,Nurse Witch Komugi,OVA,Original,5,24,PG-13 - Teens 13 or older,6.76,7453,6571,5421,21220,110,,[],"['Kyoto Animation', 'Tatsunoko Production']",['Comedy'],"['Gag Humor', 'Mahou Shoujo', 'Otaku Culture', 'Parody']"
616,,TV,Manga,35,24,PG - Children,7.44,1803,2548,8792,6244,37,1995,['Shoujo'],['Gallop'],['Drama'],['Mahou Shoujo']
617,Ninja Scroll,Movie,Original,1,91,R+ - Mild Nudity,7.62,77692,1739,1684,160678,1332,,[],['Madhouse'],"['Action', 'Adventure', 'Fantasy', 'Horror', 'Romance']","['Gore', 'Historical', 'Martial Arts', 'Samurai']"
618,Ninja Scroll: The Series,TV,Original,13,24,R - 17+ (violence & profanity),6.68,19501,7071,3658,48793,119,2003,[],['Madhouse'],"['Action', 'Adventure', 'Fantasy', 'Horror']","['Gore', 'Historical', 'Martial Arts', 'Samurai']"
619,Ninja Gaiden,OVA,Game,1,48,R - 17+ (violence & profanity),5.93,2889,11356,8887,6124,7,,[],['Studio Junio'],"['Action', 'Sci-Fi', 'Supernatural', 'Suspense']",['Mythology']
620,Mermaid Forest,TV,Manga,11,24,R - 17+ (violence & profanity),7.06,10412,4837,4598,31375,90,2003,['Shounen'],['TMS Entertainment'],"['Drama', 'Fantasy', 'Horror', 'Mystery']",[]
621,Nightwalker: The Midnight Detective,TV,Visual novel,12,25,R+ - Mild Nudity,6.99,8437,5207,5084,24700,116,1998,[],['AIC'],"['Action', 'Horror', 'Mystery', 'Supernatural']","['Detective', 'Vampire']"
622,Sandglass of Summer Colors,OVA,Visual novel,2,30,PG-13 - Teens 13 or older,6.79,4464,6370,7275,10110,4,,[],"['Picture Magic', 'Rikuentai']","['Drama', 'Romance', 'Sci-Fi']",['Time Travel']
623,,TV,Original,25,24,PG-13 - Teens 13 or older,7.05,2399,4890,7587,9049,22,2002,[],['A.C.G.T.'],"['Adventure', 'Comedy', 'Romance']",['School']
624,,TV,Manga,12,13,R+ - Mild Nudity,6.03,10077,10874,5110,24339,42,2003,['Seinen'],['Studio Deen'],"['Action', 'Comedy', 'Ecchi']",['Harem']
625,,OVA,Visual novel,3,31,R+ - Mild Nudity,5.51,1193,13222,10494,3766,0,,[],"['No Side', 'Axis']","['Comedy', 'Romance', 'Sci-Fi', 'Ecchi']",[]
626,"Protect Me, Heavenly Moon Guardian!",TV,Manga,22,24,PG-13 - Teens 13 or older,6.78,3288,6431,7130,10608,17,1998,['Shounen'],['Toei Animation'],"['Comedy', 'Fantasy', 'Romance']",[]
627,,TV,Manga,26,25,PG-13 - Teens 13 or older,8.22,54486,422,2262,108548,1444,2004,['Shounen'],['Studio Hibari'],['Sports'],['Team Sports']
629,Magic User's Club OVA,OVA,Original,6,27,PG-13 - Teens 13 or older,7.23,5090,3794,6550,12986,37,,[],['Triangle Staff'],"['Comedy', 'Fantasy', 'Romance', 'Sci-Fi']",[]
630,Magic User's Club,TV,Original,13,24,PG-13 - Teens 13 or older,6.9,4530,5719,6338,14028,31,1999,[],"['Madhouse', 'Triangle Staff']","['Comedy', 'Fantasy', 'Romance', 'Sci-Fi']",['School']
631,,Special,Manga,1,23,R+ - Mild Nudity,7.08,6082,4723,6683,12331,3,,['Seinen'],"['Gainax', 'Shaft']","['Comedy', 'Romance', 'Sci-Fi', 'Ecchi']",[]
632,,TV Special,Manga,1,24,R+ - Mild Nudity,6.86,2957,5943,8341,7137,2,,['Seinen'],"['Gainax', 'Shaft']","['Comedy', 'Romance', 'Sci-Fi', 'Ecchi']",['Military']
633,,TV,Manga,13,24,PG-13 - Teens 13 or older,7.36,4677,2946,6136,15281,94,1998,['Shoujo'],['KSS'],"['Adventure', 'Award Winning', 'Drama', 'Fantasy', 'Romance']",[]
634,,TV,Manga,13,24,R - 17+ (violence & profanity),7.0,32217,5160,2552,90685,477,2004,['Seinen'],['A.C.G.T.'],"['Drama', 'Romance']",['Psychological']
635,Jubei-chan the Ninja Girl: Secret of the Lovely Eyepatch,TV,Original,13,24,PG-13 - Teens 13 or older,6.84,8756,6051,5383,21579,46,1999,[],['Madhouse'],"['Action', 'Adventure', 'Comedy', 'Drama']",[]
636,Jubei-chan 2: The Counterattack of Siberia Yagyu,TV,Original,13,24,PG-13 - Teens 13 or older,7.02,5224,5042,6532,13063,18,2004,[],['Madhouse'],"['Action', 'Adventure', 'Comedy', 'Drama']","['Martial Arts', 'Samurai']"
637,,TV,Manga,16,8,R+ - Mild Nudity,6.59,10527,7606,5324,22151,34,1999,['Seinen'],['J.C.Staff'],"['Comedy', 'Romance', 'Ecchi']",['School']
641,Strawberry 100%,Special,Manga,1,23,PG-13 - Teens 13 or older,6.82,10561,6178,5508,20242,10,,['Shounen'],['Madhouse'],"['Comedy', 'Romance', 'Ecchi']",[]
642,Strawberry 100%: Love Begins?!,Special,Manga,1,25,PG-13 - Teens 13 or older,6.8,10472,6295,5506,20252,5,,['Shounen'],['Madhouse'],"['Romance', 'Ecchi']",[]
644,Honey and Clover Specials,Special,Manga,2,22,PG-13 - Teens 13 or older,7.62,16771,1733,4499,32742,41,,['Josei'],['J.C.Staff'],"['Comedy', 'Drama', 'Romance']","['Adult Cast', 'Visual Arts']"
645,,Special,Manga,1,77,PG-13 - Teens 13 or older,7.92,13600,895,4971,26064,39,,['Shounen'],['Studio Pierrot'],[],['Strategy Game']
646,,TV,Manga,12,24,PG-13 - Teens 13 or older,6.85,2163,5991,9197,5585,13,1997,['Shounen'],['Studio Deen'],"['Comedy', 'Supernatural']",['School']
647,,OVA,Visual novel,2,30,PG-13 - Teens 13 or older,6.22,1334,9811,10197,4165,3,,[],['Zexcs'],"['Adventure', 'Drama', 'Fantasy', 'Romance']","['Isekai', 'Reverse Harem']"
648,,TV,Visual novel,13,12,PG-13 - Teens 13 or older,6.29,3430,9458,7465,9429,8,2004,[],['Radix'],"['Comedy', 'Drama', 'Romance', 'Sci-Fi']","['Harem', 'Time Travel']"
649,Hanaukyo Maid Team: La Verite,TV,Manga,12,23,R+ - Mild Nudity,6.81,11860,6238,4962,26161,19,2004,['Shounen'],['Daume'],"['Comedy', 'Romance', 'Ecchi']",['Harem']
650,Gunsmith Cats,OVA,Manga,3,29,PG-13 - Teens 13 or older,7.45,30561,2490,2867,74941,675,,['Seinen'],['OLM'],"['Action', 'Comedy']",[]
651,,OVA,Visual novel,1,31,Rx - Hentai,6.07,14305,,5011,25664,16,,[],['Studio Matrix'],"['Comedy', 'Hentai']",[]
652,,TV,Original,9,24,PG - Children,7.39,5924,2786,6677,12393,12,2002,[],['Madhouse'],"['Comedy', 'Sci-Fi']",[]
653,Galaxy Angel A,TV,Original,26,24,PG - Children,7.54,5215,2063,6899,11465,19,2002,[],['Madhouse'],"['Comedy', 'Sci-Fi']",[]
654,Galaxy Angel AA,Special,Original,2,13,PG - Children,7.1,1654,4599,10151,4215,3,,[],['Madhouse'],"['Comedy', 'Sci-Fi']",[]
655,Galaxy Angel X,TV,Game,13,24,PG - Children,7.53,4169,2110,7342,9856,10,2004,[],"['Madhouse', 'feel.']","['Comedy', 'Sci-Fi']",[]
656,Air in Summer,Special,Visual novel,2,24,PG-13 - Teens 13 or older,7.27,25037,3472,3952,42919,37,,[],['Kyoto Animation'],"['Comedy', 'Drama', 'Romance', 'Supernatural']",['Historical']
658,Akagi,TV,Manga,26,23,R - 17+ (violence & profanity),7.95,48958,841,2183,114619,1461,2005,['Seinen'],['Madhouse'],['Suspense'],"['Adult Cast', 'High Stakes Game', 'Organized Crime', 'Psychological', 'Strategy Game']"
659,Azumanga Daioh: The Very Short Movie,Special,4-koma manga,1,6,PG-13 - Teens 13 or older,7.06,26525,4800,3688,48165,28,,[],['J.C.Staff'],['Comedy'],"['CGDCT', 'Gag Humor', 'School']"
660,,OVA,Manga,8,30,PG-13 - Teens 13 or older,6.77,1708,6481,9915,4512,6,,['Shounen'],['Toei Animation'],"['Comedy', 'Fantasy', 'Romance']",[]
661,Kakyuusei: Elf Version,OVA,Visual novel,4,27,R+ - Mild Nudity,6.47,1783,8336,9797,4656,7,,[],['PP Project'],"['Drama', 'Romance']","['Harem', 'School']"
664,,Special,Manga,1,55,R - 17+ (violence & profanity),7.22,17885,3831,3783,46210,37,,['Shounen'],['Bones'],"['Adventure', 'Comedy', 'Drama', 'Fantasy']",['Military']
665,JoJo's Bizarre Adventure (2000),OVA,Manga,7,28,R+ - Mild Nudity,7.28,39960,3424,2565,89976,378,,['Shounen'],['APPP'],"['Action', 'Adventure', 'Drama']","['Super Power', 'Vampire']"
666,JoJo's Bizarre Adventure,OVA,Manga,6,35,R+ - Mild Nudity,7.55,68093,2021,1754,152634,2017,,['Shounen'],['APPP'],"['Action', 'Adventure', 'Drama']","['Super Power', 'Vampire']"
667,Girl Meets Girl,TV,Manga,12,24,PG-13 - Teens 13 or older,6.68,25151,7075,3425,55049,188,2006,[],['Studio Hibari'],"['Comedy', 'Drama', 'Girls Love']","['Love Polygon', 'Magical Sex Shift', 'School']"
668,Koi Koi Seven,TV,Manga,13,25,R+ - Mild Nudity,5.83,6727,11864,5690,18498,16,2005,['Seinen'],['Studio Flag'],"['Comedy', 'Romance', 'Sci-Fi', 'Ecchi']","['Harem', 'School']"
669,,OVA,Other,3,25,PG-13 - Teens 13 or older,6.11,6092,10422,6418,13605,7,,[],['Palm Studio'],"['Comedy', 'Romance']",['School']
670,,TV,Visual novel,12,24,PG-13 - Teens 13 or older,6.86,19294,5939,3888,44275,74,2005,[],"['Trinet Entertainment', 'Picture Magic']","['Drama', 'Romance']",[]
671,,TV,Other,13,24,PG - Children,6.67,3439,7138,7391,9685,18,2006,[],['Radix'],['Drama'],"['Idols (Female)', 'Music']"
673,My-Hime Specials,Special,Original,27,1,PG-13 - Teens 13 or older,6.85,5892,5999,6618,12706,14,,[],['Sunrise'],['Comedy'],[]
675,,OVA,Visual novel,4,27,PG-13 - Teens 13 or older,5.44,1806,13421,9587,4985,7,,[],['Arms'],"['Drama', 'Supernatural']",[]
676,Refrain Blue,OVA,Visual novel,3,25,R+ - Mild Nudity,6.17,1295,10101,10799,3455,1,,[],['PP Project'],"['Drama', 'Romance']",[]
677,,TV,Visual novel,12,24,PG-13 - Teens 13 or older,7.0,1726,5172,9273,5476,14,1998,[],['Sunrise'],"['Drama', 'Romance']",[]
678,,TV,Manga,26,25,PG-13 - Teens 13 or older,7.31,5739,3267,5847,17349,67,1998,['Shounen'],['Studio Deen'],"['Action', 'Adventure', 'Drama', 'Fantasy']","['Martial Arts', 'Super Power']"
679,Shadow Skill: The Movie,OVA,Manga,3,30,R - 17+ (violence & profanity),6.69,2955,7030,8249,7306,14,,['Shounen'],['Zero-G Room'],"['Action', 'Adventure', 'Drama', 'Fantasy']","['Martial Arts', 'Super Power']"
681,,OVA,Visual novel,1,23,PG-13 - Teens 13 or older,5.42,1643,13490,10853,3402,1,,[],['AIC Spirits'],"['Comedy', 'Sci-Fi']",[]
682,Angel Tales,TV,Original,12,22,PG-13 - Teens 13 or older,6.62,6839,7446,5851,17307,28,2001,[],['Tokyo Kids'],"['Comedy', 'Fantasy', 'Romance']",['Harem']
683,Angel Tales,OVA,Original,2,23,PG-13 - Teens 13 or older,6.4,1156,8797,11780,2641,1,,[],['Tokyo Kids'],"['Comedy', 'Fantasy', 'Romance']",[]
684,,TV,Unknown,11,13,PG-13 - Teens 13 or older,6.71,2741,6922,8613,6589,3,2003,[],['Tokyo Kids'],"['Fantasy', 'Romance']",[]
685,,TV,Visual novel,13,24,PG-13 - Teens 13 or older,6.63,4474,7402,6939,11303,6,2004,[],"['OLM', 'AIC ASTA']","['Drama', 'Romance', 'Sci-Fi']","['Harem', 'School']"
686,,Special,Visual novel,7,3,R+ - Mild Nudity,6.11,1260,10450,10358,3949,1,,[],['AIC ASTA'],"['Action', 'Comedy', 'Sci-Fi']","['Martial Arts', 'Parody', 'Samurai', 'Super Power']"
687,Mew Mew Power,TV,Manga,52,24,PG-13 - Teens 13 or older,7.14,79771,4388,1631,168454,1807,2002,['Shoujo'],['Studio Pierrot'],"['Romance', 'Sci-Fi']",['Mahou Shoujo']
688,Utakata,TV,Original,12,23,PG-13 - Teens 13 or older,6.8,10484,6328,4825,28070,86,2004,[],['HAL Film Maker'],['Drama'],"['Mahou Shoujo', 'Psychological']"
689,Utakata: Summer Pair of Early Winter,Special,Original,1,24,PG-13 - Teens 13 or older,6.85,3308,6028,8675,6479,6,,[],['HAL Film Maker'],['Drama'],"['Mahou Shoujo', 'Psychological']"
690,Vampire Princess Miyu,TV,Manga,26,25,R - 17+ (violence & profanity),7.25,13737,3651,3792,46001,202,1997,['Shoujo'],['AIC'],"['Action', 'Drama', 'Horror', 'Supernatural']","['Mythology', 'Vampire']"
691,,TV,Manga,124,25,PG-13 - Teens 13 or older,7.59,5093,1876,5038,25328,146,1989,['Seinen'],['Madhouse'],"['Comedy', 'Romance', 'Sports']",['Combat Sports']
692,Yesterday Once More,OVA,Visual novel,4,28,Rx - Hentai,5.7,878,,11432,2900,2,,[],['Arms'],['Hentai'],['Harem']
693,,TV,Original,12,24,R - 17+ (violence & profanity),6.16,3613,10124,6886,11482,5,2004,[],['AIC Spirits'],"['Action', 'Comedy', 'Drama', 'Mystery', 'Sci-Fi', 'Ecchi']",['Detective']
694,Canvas 2: Rainbow Colored Sketch,TV,Visual novel,24,24,PG-13 - Teens 13 or older,6.84,12438,6033,4780,28710,50,2005,[],['Zexcs'],"['Comedy', 'Drama', 'Romance']",['Visual Arts']
695,,OVA,Visual novel,2,30,R+ - Mild Nudity,5.68,3279,12552,7896,8180,0,,[],['Studio Kyuuma'],"['Comedy', 'Romance']",['Visual Arts']
696,Tenchi Muyo! Tenchi Universe,TV,Original,26,23,PG-13 - Teens 13 or older,7.45,37059,2516,2582,89045,684,1995,[],['AIC'],"['Comedy', 'Romance', 'Sci-Fi']","['Harem', 'Space']"
704,,Special,Visual novel,1,20,G - All Ages,6.67,6564,7134,6194,14906,4,,[],['Toei Animation'],"['Drama', 'Romance', 'Supernatural']",[]
705,,Movie,Original,1,10,PG-13 - Teens 13 or older,4.65,1253,14693,11491,2857,2,,[],"['Imagin', 'Studio Live']","['Adventure', 'Comedy', 'Sci-Fi']",[]
706,Comic Party: Revolution,TV,Visual novel,13,24,PG-13 - Teens 13 or older,6.8,5017,6275,6880,11515,11,2005,[],"['Radix', 'Chaos Project']","['Comedy', 'Drama']",['Otaku Culture']
707,,Special,Visual novel,4,7,PG-13 - Teens 13 or older,6.37,1750,8939,9978,4429,4,,[],['OLM'],"['Comedy', 'Drama']",['Otaku Culture']
708,Secret of Cerulean Sand,TV,Novel,26,24,PG-13 - Teens 13 or older,7.64,2964,1675,7342,9857,89,2002,[],['Telecom Animation Film'],"['Adventure', 'Sci-Fi']",[]
709,,TV,Original,52,25,G - All Ages,7.82,11591,1135,4453,33632,344,2003,[],"['Madhouse', 'Telecom Animation Film']","['Action', 'Adventure', 'Fantasy', 'Sci-Fi', 'Slice of Life']",[]
710,,TV,Manga,9,13,PG-13 - Teens 13 or older,7.28,59905,3448,2148,118356,327,2006,['Seinen'],['Shaft'],"['Comedy', 'Romance']","['Adult Cast', 'Showbiz']"
711,Space Battleship Yamato,Movie,Original,1,135,PG-13 - Teens 13 or older,6.82,2186,6214,8603,6604,5,,[],['Office Academy'],"['Drama', 'Sci-Fi']","['Adult Cast', 'Military', 'Space']"
712,Zoids Genesis,TV,Original,50,24,PG-13 - Teens 13 or older,7.26,7107,3607,5870,17193,33,2005,[],['Shogakukan Music & Digital Entertainment'],"['Adventure', 'Comedy']","['Mecha', 'Military']"
713,Air: The Motion Picture,Movie,Visual novel,1,91,PG-13 - Teens 13 or older,7.22,34008,3814,3152,63906,121,,[],['Toei Animation'],"['Drama', 'Romance', 'Supernatural']",[]
714,High School! Kimengumi,TV,Manga,86,25,PG-13 - Teens 13 or older,7.63,1940,1704,8973,5992,35,1985,['Shounen'],"['Gallop', 'Studio Comet']","['Comedy', 'Romance']","['Gag Humor', 'Parody', 'School']"
715,If I See You in My Dreams,OVA,Manga,3,27,PG-13 - Teens 13 or older,6.51,2802,8146,8467,6860,11,,['Seinen'],['J.C.Staff'],"['Comedy', 'Drama', 'Romance', 'Ecchi']",[]
718,If I See You in My Dreams,TV,Manga,16,7,R+ - Mild Nudity,6.48,3417,8326,7585,9044,12,1998,['Seinen'],['J.C.Staff'],"['Comedy', 'Drama', 'Romance', 'Ecchi']","['Adult Cast', 'Love Polygon']"
719,Ai no Kusabi,OVA,Light novel,2,54,R+ - Mild Nudity,7.04,20649,,4026,41534,427,,[],['AIC'],"['Boys Love', 'Drama', 'Sci-Fi', 'Erotica']",[]
721,Princess Tutu,TV,Original,38,16,PG-13 - Teens 13 or older,8.16,71057,514,1495,185828,5453,2002,[],['HAL Film Maker'],"['Drama', 'Mystery', 'Romance']","['Anthropomorphic', 'Love Polygon', 'Mahou Shoujo', 'Performing Arts']"
722,,OVA,Manga,1,30,PG-13 - Teens 13 or older,6.18,3266,10011,8419,6983,15,,[],['Studio Comet'],"['Comedy', 'Romance']",[]
723,,Movie,Unknown,1,26,G - All Ages,6.74,1852,6657,9803,4654,8,,['Shoujo'],['Toei Animation'],"['Drama', 'Romance']",[]
724,,OVA,Visual novel,2,25,Rx - Hentai,5.15,11986,,5210,23306,50,,[],['Anime Antenna Iinkai'],"['Boys Love', 'Drama', 'Horror', 'Hentai']",['Historical']
725,First Kiss Story,OVA,Visual novel,1,31,PG-13 - Teens 13 or older,5.17,1800,14072,10590,3658,3,,[],['Garyuu Studio'],"['Drama', 'Romance']",[]
727,Goldfish Warning!,TV,Manga,54,24,PG - Children,7.67,1350,1566,9776,4685,26,1991,['Shoujo'],['Toei Animation'],['Comedy'],[]
729,Sunny Ryoko,TV,Manga,48,25,PG-13 - Teens 13 or older,7.22,1555,3841,8651,6514,19,1987,['Shoujo'],['Group TAC'],"['Comedy', 'Romance', 'Sports']",['School']
730,After School in the Lounge,OVA,Manga,2,27,PG-13 - Teens 13 or older,5.01,3731,14323,7798,8445,7,,[],['SIDO LIMITED'],"['Boys Love', 'Drama']","['Adult Cast', 'Workplace']"
731,,Movie,Music,1,65,G - All Ages,8.13,47754,551,2715,82665,1097,,[],['Toei Animation'],"['Adventure', 'Drama', 'Sci-Fi']","['Adult Cast', 'Music']"
732,Vampire Hunter D,Movie,Light novel,1,80,R+ - Mild Nudity,6.98,55444,5274,2245,110056,451,,[],"['Ashi Productions', 'Studio Live']","['Action', 'Fantasy', 'Horror', 'Sci-Fi']",['Vampire']
733,,OVA,Manga,2,27,R - 17+ (violence & profanity),6.2,5646,,6639,12604,22,,[],['SIDO LIMITED'],"['Boys Love', 'Drama', 'Erotica']",[]
734,Kizuna: Much Ado About Nothing,OVA,Manga,1,43,R - 17+ (violence & profanity),6.57,3477,,8059,7771,7,,[],['Zexcs'],"['Boys Love', 'Drama', 'Erotica']",[]
736,Level-C,OVA,Manga,1,30,Rx - Hentai,5.82,8029,,6046,15889,25,,[],['J.C.Staff'],"['Boys Love', 'Drama', 'Hentai']",['Showbiz']
738,,TV,Manga,102,24,PG-13 - Teens 13 or older,7.29,23018,3376,3355,56902,331,2005,['Shounen'],['SynergySP'],"['Action', 'Adventure', 'Comedy', 'Fantasy']",['Isekai']
740,Sailor Moon R,TV,Manga,43,24,PG-13 - Teens 13 or older,7.75,93590,1302,1603,172550,916,1993,['Shoujo'],['Toei Animation'],['Romance'],['Mahou Shoujo']
741,,OVA,Manga,1,30,Rx - Hentai,6.64,26965,,3735,47351,179,,[],['Phoenix Entertainment'],"['Boys Love', 'Drama', 'Hentai']",[]
743,The Ocean Waves,TV Special,Novel,1,72,PG-13 - Teens 13 or older,6.54,84548,7963,1770,151181,601,,[],['Studio Ghibli'],"['Drama', 'Romance']","['Love Polygon', 'School']"
744,,TV,Radio,20,23,PG-13 - Teens 13 or older,6.72,2533,6853,8385,7034,24,1999,[],['AIC'],"['Comedy', 'Romance', 'Sci-Fi']",[]
746,Papa to Kiss in the Dark,OVA,Light novel,2,25,R+ - Mild Nudity,5.82,29631,,3551,51447,129,,[],['TNK'],"['Boys Love', 'Comedy', 'Drama', 'Erotica']",[]
747,Embracing Love,OVA,Manga,2,30,R+ - Mild Nudity,6.68,15437,,4841,27899,77,,[],['Trinet Entertainment'],"['Boys Love', 'Drama', 'Erotica']",['Showbiz']
748,"True Love Story Summer Days, and yet...",OVA,Visual novel,3,25,PG-13 - Teens 13 or older,6.25,2091,9665,9080,5780,4,,[],"['Picture Magic', 'A-Line']",['Romance'],[]
749,,TV,Other,12,5,G - All Ages,5.97,596,11150,13624,1536,1,2004,['Kids'],"['Group TAC', 'Robot Communications']",['Comedy'],[]
750,,TV,Manga,12,12,G - All Ages,7.29,6196,3344,5817,17615,157,2006,['Shounen'],['Studio Deen'],['Slice of Life'],['Iyashikei']
751,,TV,Game,52,23,G - All Ages,7.1,1993,4587,9252,5507,57,2002,[],['Studio Deen'],"['Action', 'Adventure', 'Comedy', 'Sci-Fi']",['Space']
752,Fish in the Trap,OVA,Manga,1,27,R+ - Mild Nudity,4.78,4513,14581,7667,8842,2,,[],['J.C.Staff'],"['Boys Love', 'Drama']",[]
753,Doctor Shameless,OVA,Visual novel,2,26,Rx - Hentai,6.18,2227,,8743,6327,13,,[],['T-Rex'],['Hentai'],[]
754,The Snow Queen,TV,Book,36,25,PG - Children,7.35,1346,3030,9390,5293,17,2005,[],['TMS Entertainment'],"['Adventure', 'Drama', 'Fantasy']",[]
755,My Sexual Harassment,OVA,Novel,3,36,Rx - Hentai,5.57,9790,,5603,19390,52,,[],['Triple X'],"['Boys Love', 'Hentai']",['Workplace']
756,,ONA,Visual novel,1,21,PG-13 - Teens 13 or older,5.79,19466,12079,3987,42276,52,,[],['Animation Planet'],"['Drama', 'Romance']","['Love Polygon', 'School']"
757,The Boy Who Saw the Wind,Movie,Book,1,97,PG - Children,6.74,2637,6679,8502,6821,3,,[],"[""Brain's Base""]","['Adventure', 'Drama', 'Fantasy']",[]
758,RahXephon: Pluralitas Concentio,Movie,Original,1,116,PG-13 - Teens 13 or older,7.01,7581,5121,5889,17015,23,,[],['Bones'],"['Drama', 'Romance', 'Sci-Fi']","['Mecha', 'Psychological']"
759,Tokyo Godfathers,Movie,Original,1,92,R+ - Mild Nudity,8.29,165845,343,850,331610,3022,,[],['Madhouse'],"['Award Winning', 'Comedy', 'Drama']","['Adult Cast', 'Childcare']"
760,TenjhoTenge: The Past Chapter,OVA,Manga,1,92,R - 17+ (violence & profanity),7.05,10592,4897,5177,23666,15,,['Seinen'],['Madhouse'],"['Action', 'Drama', 'Supernatural']","['Martial Arts', 'Super Power']"
761,Naruto: Find the Crimson Four-leaf Clover!,Special,Manga,1,17,PG-13 - Teens 13 or older,6.59,49478,7628,2524,92569,95,,['Shounen'],['Studio Pierrot'],"['Adventure', 'Comedy']",[]
762,Bleach: Memories in the Rain,Special,Manga,1,29,PG-13 - Teens 13 or older,7.19,74259,4025,1928,136302,241,,['Shounen'],['Studio Pierrot'],"['Action', 'Adventure', 'Drama', 'Supernatural']",[]
763,Zoids,TV,Other,67,25,PG-13 - Teens 13 or older,7.43,27733,2607,3453,54206,297,1999,[],['Xebec'],"['Adventure', 'Comedy', 'Sci-Fi']",['Mecha']
764,Zoids: New Century,TV,Unknown,26,23,PG - Children,7.4,17220,2778,4555,31812,164,2001,[],['Xebec'],"['Adventure', 'Comedy', 'Sci-Fi', 'Sports']",['Mecha']
765,,Special,Original,3,17,PG-13 - Teens 13 or older,4.88,1129,14466,11837,2595,1,,[],"['Imagin', 'Studio Live']","['Adventure', 'Comedy', 'Sci-Fi']",[]
766,,OVA,Visual novel,1,24,PG-13 - Teens 13 or older,6.07,4065,10664,7194,10386,12,,[],"['Group TAC', 'Viewworks']","['Comedy', 'Drama', 'Sci-Fi']",['Mecha']
767,,OVA,Original,1,45,R+ - Mild Nudity,6.26,4912,9577,6655,12461,5,,[],['AIC'],"['Action', 'Comedy', 'Mystery', 'Sci-Fi', 'Ecchi']",['Detective']
769,Burn-Up W: On the Case & In your Face,OVA,Original,4,26,R+ - Mild Nudity,6.56,5786,7790,6185,14959,14,,[],['AIC'],"['Comedy', 'Sci-Fi', 'Ecchi']",['Mecha']
770,,OVA,Original,1,23,PG-13 - Teens 13 or older,7.26,36686,3585,2861,75149,237,,[],['Studio Rikka'],"['Drama', 'Sci-Fi']",[]
771,,TV,Visual novel,13,23,PG-13 - Teens 13 or older,6.8,2769,6288,7743,8623,22,2006,[],['Bee Train'],"['Drama', 'Fantasy']",['School']
773,,OVA,Original,4,28,PG-13 - Teens 13 or older,6.48,2230,8317,8560,6696,9,,[],['Studio Pierrot'],"['Adventure', 'Comedy', 'Sci-Fi', 'Ecchi']",['Mecha']
776,,TV,Manga,12,25,PG-13 - Teens 13 or older,6.68,4361,7084,7060,10818,17,2003,['Shounen'],['J.C.Staff'],"['Comedy', 'Drama', 'Romance']",[]
777,Hellsing Ultimate,OVA,Manga,10,49,R - 17+ (violence & profanity),8.34,526265,282,182,1020230,23745,,['Seinen'],"['Madhouse', 'Satelight', 'Graphinica']","['Action', 'Horror', 'Supernatural']","['Adult Cast', 'Gore', 'Military', 'Vampire']"
779,Case Closed Movie 01: The Time Bombed Skyscraper,Movie,Manga,1,94,PG-13 - Teens 13 or older,7.88,49266,997,2769,79539,123,,['Shounen'],['TMS Entertainment'],"['Adventure', 'Comedy', 'Mystery']",['Detective']
780,Case Closed Movie 02: The Fourteenth Target,Movie,Manga,1,99,PG-13 - Teens 13 or older,7.89,42952,967,2981,70601,81,,['Shounen'],['TMS Entertainment'],"['Adventure', 'Comedy', 'Mystery']",['Detective']
781,Case Closed Movie 03: The Last Wizard of the Century,Movie,Manga,1,100,PG-13 - Teens 13 or older,8.05,43806,678,2922,72924,94,,['Shounen'],['TMS Entertainment'],"['Adventure', 'Comedy', 'Mystery']",['Detective']
782,Gasaraki,TV,Original,25,25,PG-13 - Teens 13 or older,6.77,7028,6485,4819,28124,75,1998,[],['Sunrise'],"['Drama', 'Supernatural']","['Mecha', 'Military', 'Psychological']"
783,,TV,Manga,13,24,R - 17+ (violence & profanity),6.81,3216,6250,7534,9194,23,2000,['Shounen'],['Group TAC'],"['Comedy', 'Ecchi']",['Adult Cast']
785,,OVA,Other,2,48,R+ - Mild Nudity,7.17,15491,4177,4315,36074,122,,[],['Gainax'],"['Comedy', 'Drama', 'Sci-Fi']","['Historical', 'Mecha', 'Otaku Culture']"
786,,TV,4-koma manga,13,3,PG-13 - Teens 13 or older,6.02,2783,10932,8817,6213,20,2004,[],['Creators Dot Com'],"['Comedy', 'Fantasy']",['School']
788,Eiken,OVA,Manga,2,30,R+ - Mild Nudity,4.29,18214,14854,4247,37137,72,,['Shounen'],['J.C.Staff'],"['Comedy', 'Ecchi']","['Harem', 'Parody', 'School']"
789,"Momo, Girl God of Death",TV,Light novel,6,24,PG-13 - Teens 13 or older,6.95,20353,5457,3619,49722,89,2006,[],"['Group TAC', 'Ginga Ya']","['Drama', 'Supernatural']",['Psychological']
790,Ergo Proxy,TV,Original,23,25,R - 17+ (violence & profanity),7.9,258974,938,329,717770,14857,2006,[],['Manglobe'],"['Mystery', 'Sci-Fi', 'Suspense']","['Adult Cast', 'Psychological']"
791,Arion,Movie,Manga,1,119,R+ - Mild Nudity,6.38,3367,8874,7577,9076,16,,['Seinen'],['Sunrise'],"['Action', 'Adventure', 'Drama', 'Fantasy']",['Mythology']
792,Ranma ½: The Movie 2 - The Battle of Togenkyo: Rescue the Brides!,Movie,Manga,1,60,PG-13 - Teens 13 or older,7.45,12735,2507,5095,24559,24,,['Shounen'],['Studio Deen'],"['Adventure', 'Comedy']",['Magical Sex Shift']
793,xxxHOLiC The Movie: A Midsummer Night's Dream,Movie,Manga,1,60,PG-13 - Teens 13 or older,7.93,35887,885,2961,71392,135,,['Seinen'],['Production I.G'],"['Comedy', 'Drama', 'Mystery', 'Supernatural']",['Psychological']
795,Dear Brother,TV,Manga,39,25,PG-13 - Teens 13 or older,7.93,12784,877,3352,57014,1336,1991,['Shoujo'],['Tezuka Productions'],"['Drama', 'Girls Love']","['Psychological', 'School']"
796,Magical Circle Guruguru Movie,Movie,Manga,1,30,G - All Ages,6.78,810,6427,12202,2335,3,,['Shounen'],['Nippon Animation'],"['Adventure', 'Comedy', 'Fantasy']",[]
797,,OVA,Manga,3,14,R+ - Mild Nudity,6.63,4951,7374,7125,10618,5,,['Shounen'],['Daume'],"['Comedy', 'Romance', 'Ecchi']",['Harem']
798,,TV,Original,12,23,PG-13 - Teens 13 or older,7.5,5270,2279,5909,16917,53,2006,[],['J.C.Staff'],['Drama'],"['Adult Cast', 'Military', 'Workplace']"
799,,TV,Manga,13,24,PG - Children,6.78,2661,6427,7840,8318,21,2001,[],['Studio Deen'],['Slice of Life'],"['Iyashikei', 'Workplace']"
800,,TV,Manga,13,23,PG-13 - Teens 13 or older,6.96,12297,5373,3909,43967,224,2000,['Shounen'],['Triangle Staff'],"['Sci-Fi', 'Slice of Life']",['Iyashikei']
801,Ghost in the Shell: Stand Alone Complex 2nd GIG,TV,Manga,26,25,R - 17+ (violence & profanity),8.52,109725,155,1173,242558,3302,2004,['Seinen'],['Production I.G'],"['Mystery', 'Sci-Fi']","['Adult Cast', 'Detective', 'Mecha', 'Military']"
807,Tsubasa RESERVoir CHRoNiCLE The Movie: The Princess in the Birdcage Kingdom,Movie,Manga,1,35,PG-13 - Teens 13 or older,7.31,24629,3276,3693,48078,65,,['Shounen'],['Production I.G'],"['Action', 'Adventure', 'Drama', 'Fantasy', 'Romance']",[]
808,Sorcerer Hunters,OVA,Manga,3,28,R+ - Mild Nudity,6.57,3333,7721,7746,8604,16,,['Shounen'],['Xebec'],"['Action', 'Adventure', 'Comedy', 'Fantasy', 'Romance', 'Ecchi']","['Harem', 'Super Power']"
810,Android Announcer Maico 2010,TV,Manga,24,14,PG-13 - Teens 13 or older,6.92,1783,5570,9689,4823,9,1998,['Seinen'],"['Group TAC', 'Animaruya']","['Comedy', 'Drama', 'Sci-Fi']","['Adult Cast', 'Showbiz', 'Workplace']"
811,I''s Pure,OVA,Manga,6,28,R+ - Mild Nudity,6.87,13802,5870,4729,29325,64,,['Shounen'],"['Studio Pierrot', 'Arms']","['Comedy', 'Drama', 'Romance', 'Ecchi']",['School']
812,Arjuna,TV,Original,13,26,PG-13 - Teens 13 or older,6.85,12311,5979,4198,38016,209,2001,[],['Satelight'],"['Adventure', 'Drama', 'Sci-Fi']",[]
813,Dragon Ball Z,TV,Manga,291,24,PG-13 - Teens 13 or older,8.21,907229,430,117,1327413,42276,1989,['Shounen'],['Toei Animation'],"['Action', 'Adventure', 'Comedy', 'Fantasy']",['Martial Arts']
814,The Prince of Tennis: A Gift from Atobe,Movie,Manga,1,30,PG-13 - Teens 13 or older,7.44,8343,2562,5981,16383,29,,['Shounen'],['Trans Arts'],"['Comedy', 'Sports']",[]
815,"The Prince of Tennis: The Two Samurai, The First Game",Movie,Manga,1,65,PG-13 - Teens 13 or older,7.32,12447,3217,5269,22689,27,,['Shounen'],['Production I.G'],['Sports'],[]
816,Amazing Nurse Nanako,OVA,Original,6,27,R+ - Mild Nudity,5.67,5445,12635,6337,14026,31,,[],['Radix'],"['Comedy', 'Sci-Fi', 'Ecchi']","['Mecha', 'Medical', 'Military']"
817,,TV,Original,13,25,PG-13 - Teens 13 or older,6.57,4344,7770,6835,11700,11,2006,[],['Actas'],"['Comedy', 'Romance', 'Sci-Fi']",['Military']
818,Sakura Diaries,OVA,Manga,12,21,R+ - Mild Nudity,6.19,6293,9996,5832,17463,23,,['Seinen'],['Shaft'],"['Comedy', 'Drama', 'Romance', 'Ecchi']","['Adult Cast', 'Love Polygon']"
819,,OVA,Manga,1,49,R+ - Mild Nudity,6.15,24794,10173,3843,45105,102,,['Shoujo'],['Vega Entertainment'],['Romance'],[]
820,Legend of the Galactic Heroes,OVA,Novel,110,26,R - 17+ (violence & profanity),9.02,88088,10,756,363524,17846,,[],"['K-Factory', 'Kitty Film Mitaka Studio']","['Drama', 'Sci-Fi']","['Adult Cast', 'Military', 'Space']"
821,,OVA,Manga,1,52,G - All Ages,7.6,20819,1819,3940,43220,121,,['Seinen'],['Pastel'],"['Action', 'Drama']",['Racing']
822,,OVA,Manga,2,27,R+ - Mild Nudity,7.32,35544,3177,3168,63399,90,,['Seinen'],['Pastel'],"['Action', 'Drama']",['Racing']
823,,OVA,Manga,1,27,Rx - Hentai,6.39,2026,,9533,5065,17,,[],['Shinkuukan'],['Hentai'],[]
824,,OVA,Manga,6,16,R+ - Mild Nudity,6.04,3486,10815,7507,9296,5,,[],['Venet'],"['Comedy', 'Romance', 'Ecchi']","['Harem', 'School']"
825,,ONA,Game,4,8,PG-13 - Teens 13 or older,6.27,7656,9530,6448,13470,24,,[],['Production I.G'],"['Adventure', 'Drama']",[]
827,Milk Money,OVA,Original,2,28,Rx - Hentai,5.85,2887,,8436,6943,23,,[],['Y.O.U.C'],['Hentai'],[]
828,Love Lessons,OVA,Visual novel,2,28,Rx - Hentai,5.68,833,,11818,2610,1,,[],['Office AO'],['Hentai'],[]
830,Sexfriend,OVA,Visual novel,2,28,Rx - Hentai,6.76,9752,,5496,20350,120,,[],['Shinkuukan'],['Hentai'],[]
831,A Little Snow Fairy Sugar,TV,Original,24,24,PG - Children,7.22,11633,3821,4927,26582,133,2001,[],['J.C.Staff'],"['Comedy', 'Fantasy']",[]
832,,TV,Original,24,22,R+ - Mild Nudity,6.31,1077,9310,9844,4597,7,2000,[],['Plum'],['Sci-Fi'],['Mecha']
833,Super Heavy God Gravion,TV,Original,13,23,PG-13 - Teens 13 or older,6.54,5923,7912,5973,16429,23,2002,[],['Gonzo'],"['Comedy', 'Sci-Fi']",['Mecha']
834,,Special,Manga,1,33,PG-13 - Teens 13 or older,6.97,67215,5289,2056,124890,162,,['Shounen'],['Studio Pierrot'],"['Action', 'Adventure', 'Supernatural']",[]
835,,TV,Light novel,13,25,PG-13 - Teens 13 or older,6.56,4229,7834,7023,10986,10,2002,[],['Zexcs'],"['Drama', 'Romance']",['Harem']
836,,TV,Light novel,26,23,PG-13 - Teens 13 or older,6.51,10130,8133,4851,27769,92,2001,[],['Zexcs'],"['Comedy', 'Drama', 'Romance']",['Harem']
837,Today in Class 5-2,OVA,Manga,4,29,PG-13 - Teens 13 or older,7.23,15146,3786,4520,32423,45,,['Seinen'],"['Shinkuukan', 'Lyrics']","['Comedy', 'Ecchi']",['School']
838,Shadow Star Narutaru,TV,Manga,13,24,R - 17+ (violence & profanity),6.06,11437,10734,4089,40005,77,2003,['Seinen'],['Planet'],"['Drama', 'Horror', 'Sci-Fi', 'Suspense']",[]
839,Samurai Spirits 2,OVA,Game,2,30,R - 17+ (violence & profanity),6.43,1419,8628,11049,3232,2,,[],['Ajia-do'],"['Action', 'Fantasy']","['Martial Arts', 'Samurai', 'Super Power']"
840,The World of Narue,TV,Manga,12,24,PG-13 - Teens 13 or older,6.63,8531,7392,5387,21553,32,2003,['Shounen'],['Studio Live'],"['Comedy', 'Romance', 'Sci-Fi']",[]
841,Colorful,TV,Manga,16,6,R+ - Mild Nudity,5.9,10535,11499,4654,30593,75,1999,['Seinen'],['Triangle Staff'],"['Comedy', 'Ecchi']",['Gag Humor']
842,Ushio and Tora,OVA,Manga,10,30,PG-13 - Teens 13 or older,7.26,5582,3598,5984,16347,41,,['Shounen'],['Pastel'],"['Action', 'Supernatural']",['Mythology']
844,Zatch Bell! 101st Devil,Movie,Manga,1,84,PG-13 - Teens 13 or older,7.25,4204,3648,7472,9418,3,,['Shounen'],['Toei Animation'],"['Adventure', 'Supernatural']",[]
845,Kiba,TV,Original,51,24,PG-13 - Teens 13 or older,7.32,34775,3182,2703,83108,459,2006,[],['Madhouse'],"['Action', 'Adventure', 'Fantasy']",['Isekai']
846,School Rumble: 2nd Semester,TV,Manga,26,24,PG-13 - Teens 13 or older,7.98,96082,795,1604,172483,835,2006,['Shounen'],['Studio Comet'],"['Comedy', 'Romance']","['Gag Humor', 'Love Polygon', 'School']"
848,Jinki: Extend,Special,Manga,1,23,R - 17+ (violence & profanity),6.06,1280,10723,10864,3393,2,,['Shounen'],['feel.'],['Sci-Fi'],['Mecha']
849,The Melancholy of Haruhi Suzumiya,TV,Light novel,14,23,PG-13 - Teens 13 or older,7.82,504361,1144,197,981347,15825,2006,[],['Kyoto Animation'],"['Award Winning', 'Comedy', 'Mystery', 'Sci-Fi']",['School']
850,Gakuen Heaven,TV,Visual novel,13,26,PG-13 - Teens 13 or older,6.48,33459,8276,2949,71934,176,2006,[],['Tokyo Kids'],"['Boys Love', 'Comedy', 'Drama']","['Reverse Harem', 'School']"
851,,OVA,Manga,10,43,R - 17+ (violence & profanity),8.13,13268,553,4051,40638,493,,['Shounen'],['Studio Pierrot'],"['Action', 'Comedy']","['Delinquents', 'School']"
852,Neighborhood Stories,TV,Manga,50,24,PG-13 - Teens 13 or older,7.86,6998,1037,4525,32324,463,1995,['Shoujo'],['Toei Animation'],"['Comedy', 'Drama', 'Romance']",['Visual Arts']
853,Ouran High School Host Club,TV,Manga,26,23,PG-13 - Teens 13 or older,8.16,730013,513,136,1230552,37195,2006,['Shoujo'],['Bones'],"['Comedy', 'Romance']","['Crossdressing', 'Reverse Harem', 'School']"
854,,TV,Visual novel,12,25,R - 17+ (violence & profanity),6.15,8899,10228,5128,24156,21,2006,[],['Picture Magic'],"['Action', 'Adventure', 'Comedy', 'Romance', 'Sci-Fi']","['Military', 'Space']"
855,Strawberry Panic,TV,Other,26,24,PG-13 - Teens 13 or older,7.29,61994,3393,1725,155791,1947,2006,[],['Madhouse'],"['Drama', 'Girls Love']",['School']
856,Utawarerumono,TV,Visual novel,26,23,R - 17+ (violence & profanity),7.62,68724,1753,1520,183002,1201,2006,[],['OLM'],"['Action', 'Drama', 'Fantasy', 'Sci-Fi']",[]
857,Air Gear,TV,Manga,25,24,R+ - Mild Nudity,7.48,186521,2324,740,372653,3797,2006,['Shounen'],['Toei Animation'],"['Sports', 'Ecchi']","['Delinquents', 'School']"
858,Gunparade Orchestra,TV,Game,24,25,PG-13 - Teens 13 or older,6.11,1560,10415,9153,5663,3,2005,[],"[""Brain's Base""]","['Drama', 'Romance', 'Sci-Fi']","['Mecha', 'Military']"
859,Digimon Data Squad,TV,Original,48,23,PG - Children,7.01,55300,5087,2472,95219,356,2006,[],['Toei Animation'],"['Adventure', 'Comedy', 'Drama', 'Fantasy']",[]
860,Disgaea,TV,Game,12,24,PG-13 - Teens 13 or older,6.76,21637,6562,3751,46963,148,2006,[],['OLM'],"['Action', 'Comedy', 'Fantasy']",['Mythology']
861,xxxHOLiC,TV,Manga,24,24,PG-13 - Teens 13 or older,7.98,128597,797,792,348828,4891,2006,['Seinen'],['Production I.G'],"['Comedy', 'Drama', 'Mystery', 'Supernatural']",[]
863,High School Girls,TV,Manga,12,24,PG-13 - Teens 13 or older,6.63,15843,7385,4058,40578,72,2006,['Seinen'],['Arms'],"['Comedy', 'Ecchi']",['School']
864,Mobile Suit Gundam SEED MSV Astray,OVA,Original,2,5,PG-13 - Teens 13 or older,6.36,6662,9014,6239,14566,13,,[],['Sunrise'],['Sci-Fi'],"['Mecha', 'Military', 'Space']"
865,Metal Armor Dragonar,TV,Original,48,24,PG-13 - Teens 13 or older,7.17,1717,4168,8214,7413,13,1987,[],['Sunrise'],"['Adventure', 'Sci-Fi']","['Mecha', 'Space']"
866,,Movie,Light novel,1,33,PG-13 - Teens 13 or older,7.17,10362,4190,5399,21447,8,,[],['HAL Film Maker'],"['Action', 'Adventure', 'Comedy', 'Fantasy']",[]
867,,Movie,Light novel,1,60,PG-13 - Teens 13 or older,7.34,10566,3077,5379,21622,11,,[],['J.C.Staff'],"['Adventure', 'Comedy', 'Fantasy']",[]
868,Slayers Great,Movie,Light novel,1,58,PG-13 - Teens 13 or older,7.36,10978,2969,5272,22678,19,,[],['J.C.Staff'],"['Adventure', 'Comedy', 'Fantasy']",[]
869,Slayers Return,Movie,Light novel,1,59,PG-13 - Teens 13 or older,7.33,11340,3147,5206,23338,28,,[],['J.C.Staff'],"['Adventure', 'Comedy', 'Fantasy']",[]
870,,OVA,Manga,2,27,R+ - Mild Nudity,6.96,13347,5356,5046,25203,111,,[],['Production I.G'],"['Comedy', 'Fantasy']",['Parody']
872,Tweeny Witches,TV,Original,40,9,PG-13 - Teens 13 or older,7.21,7534,3920,4445,33821,91,2004,[],['Studio 4°C'],"['Adventure', 'Comedy', 'Fantasy']",['Isekai']
873,.hack//Roots,TV,Original,26,24,PG-13 - Teens 13 or older,6.9,36821,5687,2807,78047,238,2006,[],['Bee Train'],"['Adventure', 'Drama', 'Fantasy']",['Video Game']
874,Digimon Tamers,TV,Original,51,25,PG - Children,7.67,130974,1548,1319,212275,2090,2001,[],['Toei Animation'],"['Adventure', 'Comedy', 'Fantasy']",['Isekai']
875,,Movie,Manga,1,103,R - 17+ (violence & profanity),7.83,36329,1112,2441,97145,1296,,[],['Studio 4°C'],"['Adventure', 'Avant Garde', 'Award Winning', 'Comedy', 'Romance']","['Adult Cast', 'Psychological']"
876,Street Fighter II: The Animated Series,TV,Game,29,24,PG-13 - Teens 13 or older,7.14,16571,4387,4650,30688,135,1995,[],['Group TAC'],"['Action', 'Adventure', 'Drama', 'Mystery']",[]
877,Nana,TV,Manga,47,22,R+ - Mild Nudity,8.58,303517,122,294,783191,35558,2006,['Shoujo'],['Madhouse'],"['Drama', 'Romance']","['Adult Cast', 'Love Polygon', 'Music']"
878,Zegapain,TV,Original,26,23,PG-13 - Teens 13 or older,7.38,12051,2873,4231,37255,175,2006,[],['Sunrise'],"['Romance', 'Sci-Fi']",['Mecha']
879,,TV,Original,26,24,PG-13 - Teens 13 or older,7.49,12996,2312,3745,47087,443,2006,[],['Studio Deen'],"['Drama', 'Fantasy', 'Girls Love', 'Sci-Fi']",['Military']
880,Ah! My Goddess: Flights of Fancy,TV,Manga,22,24,PG-13 - Teens 13 or older,7.57,37285,1916,2968,71113,170,2006,['Seinen'],['AIC'],"['Comedy', 'Romance', 'Supernatural']",['Harem']
881,,OVA,Visual novel,1,26,PG-13 - Teens 13 or older,5.93,16515,11337,4773,28796,7,,[],['StarLink'],"['Comedy', 'Romance', 'Ecchi']",['School']
882,Yu Yu Hakusho: The Movie,Movie,Manga,1,24,PG-13 - Teens 13 or older,6.81,16882,6269,4320,35906,76,,['Shounen'],['Studio Pierrot'],"['Action', 'Supernatural']","['Martial Arts', 'Mythology']"
883,Yu Yu Hakusho the Movie: Poltergeist Report,Movie,Manga,1,93,PG-13 - Teens 13 or older,7.19,15468,4072,4518,32454,39,,['Shounen'],['Studio Pierrot'],"['Action', 'Supernatural']","['Martial Arts', 'Mythology']"
884,Blade of the Phantom Master,Movie,Manga,1,85,R - 17+ (violence & profanity),6.81,9606,6269,5480,20450,22,,['Seinen'],['OLM'],"['Action', 'Fantasy']",[]
885,Angel's Egg,OVA,Original,1,71,PG-13 - Teens 13 or older,7.72,73353,1416,1496,185753,4099,,[],['Studio Deen'],"['Avant Garde', 'Drama', 'Fantasy']",[]
886,Ah My Buddha Katsu,TV,Manga,12,24,R+ - Mild Nudity,6.67,27915,7109,3435,54749,43,2006,['Seinen'],['Studio Deen'],"['Comedy', 'Romance', 'Supernatural', 'Ecchi']",['Harem']
887,,OVA,Manga,1,23,PG-13 - Teens 13 or older,6.23,2318,9766,9567,5013,1,,[],['Xebec'],['Sci-Fi'],"['Mecha', 'Military', 'Space']"
888,Candidate for Goddesses,TV,Manga,12,24,PG-13 - Teens 13 or older,6.4,11522,8792,5090,24635,52,2000,[],['Xebec'],['Sci-Fi'],"['Mecha', 'Military', 'Space']"
889,Black Lagoon,TV,Manga,12,23,R - 17+ (violence & profanity),8.04,536831,686,165,1112143,20898,2006,['Seinen'],['Madhouse'],['Action'],"['Adult Cast', 'Organized Crime']"
890,King of Braves GaoGaiGar,TV,Original,49,24,PG-13 - Teens 13 or older,7.97,7723,830,4999,25748,369,1997,[],['Sunrise'],"['Adventure', 'Sci-Fi']","['Mecha', 'Super Power']"
891,Dragon Ball: Sleeping Princess in Devil's Castle,Movie,Manga,1,45,PG-13 - Teens 13 or older,6.73,39165,6732,2930,72731,50,,['Shounen'],['Toei Animation'],"['Action', 'Adventure', 'Comedy', 'Fantasy', 'Sci-Fi']",[]
892,Dragon Ball: Mystical Adventure,Movie,Manga,1,45,PG-13 - Teens 13 or older,6.82,34536,6158,3128,64723,28,,['Shounen'],['Toei Animation'],"['Action', 'Adventure', 'Comedy', 'Fantasy', 'Sci-Fi']",[]
893,Dragon Ball: The Path to Power,Movie,Manga,1,79,PG-13 - Teens 13 or older,7.16,36453,4228,3026,68692,53,,['Shounen'],['Toei Animation'],"['Action', 'Adventure', 'Comedy', 'Fantasy', 'Sci-Fi']",[]
894,Dragon Ball Z: Dead Zone,Movie,Manga,1,41,PG-13 - Teens 13 or older,6.64,83880,7312,1940,135453,55,,['Shounen'],['Toei Animation'],"['Action', 'Adventure', 'Comedy', 'Fantasy', 'Sci-Fi']",[]
895,Dragon Ball Z: The World's Strongest,Movie,Manga,1,60,PG-13 - Teens 13 or older,6.57,75168,7729,2073,123843,37,,['Shounen'],['Toei Animation'],"['Action', 'Adventure', 'Comedy', 'Fantasy', 'Sci-Fi']",[]
896,Dragon Ball Z: The Tree of Might,Movie,Manga,1,61,PG-13 - Teens 13 or older,6.71,93043,6866,1774,150788,67,,['Shounen'],['Toei Animation'],"['Action', 'Adventure', 'Comedy', 'Fantasy', 'Sci-Fi']",[]
897,Dragon Ball Z: Lord Slug,Movie,Manga,1,51,PG-13 - Teens 13 or older,6.56,80727,7796,1966,132192,31,,['Shounen'],['Toei Animation'],"['Action', 'Adventure', 'Fantasy', 'Sci-Fi']",[]
898,Dragon Ball Z: Cooler's Revenge,Movie,Manga,1,46,PG-13 - Teens 13 or older,7.09,104193,4663,1657,165077,111,,['Shounen'],['Toei Animation'],"['Action', 'Adventure', 'Comedy', 'Fantasy', 'Sci-Fi']",[]
899,Dragon Ball Z: The Return of Cooler,Movie,Manga,1,45,PG-13 - Teens 13 or older,6.81,88342,6232,1866,141244,32,,['Shounen'],['Toei Animation'],"['Action', 'Adventure', 'Comedy', 'Fantasy', 'Sci-Fi']",[]
900,Dragon Ball Z: Super Android 13!,Movie,Manga,1,45,PG-13 - Teens 13 or older,6.84,83946,6040,1935,135884,32,,['Shounen'],['Toei Animation'],"['Action', 'Adventure', 'Comedy', 'Fantasy', 'Sci-Fi']",[]
901,Dragon Ball Z: Broly - The Legendary Super Saiyan,Movie,Manga,1,76,PG-13 - Teens 13 or older,7.34,113833,3042,1551,178417,220,,['Shounen'],['Toei Animation'],"['Action', 'Adventure', 'Comedy', 'Fantasy', 'Sci-Fi']",[]
902,Dragon Ball Z: Bojack Unbound,Movie,Manga,1,50,PG-13 - Teens 13 or older,7.14,83675,4339,1947,134400,65,,['Shounen'],['Toei Animation'],"['Action', 'Adventure', 'Comedy', 'Fantasy', 'Sci-Fi']",[]
903,Dragon Ball Z: Broly - Second Coming,Movie,Manga,1,50,PG-13 - Teens 13 or older,6.78,91210,6407,1821,145990,58,,['Shounen'],['Toei Animation'],"['Action', 'Adventure', 'Comedy', 'Fantasy']",['Martial Arts']
904,Dragon Ball Z: Bio-Broly,Movie,Manga,1,46,PG-13 - Teens 13 or older,5.77,83967,12142,1936,135870,30,,['Shounen'],['Toei Animation'],"['Action', 'Adventure', 'Comedy', 'Fantasy']",['Martial Arts']
905,Dragon Ball Z: Fusion Reborn,Movie,Manga,1,50,PG-13 - Teens 13 or older,7.64,109467,1658,1622,170248,219,,['Shounen'],['Toei Animation'],"['Action', 'Adventure', 'Comedy', 'Fantasy', 'Sci-Fi']",[]
906,Dragon Ball Z: Wrath of the Dragon,Movie,Manga,1,51,PG-13 - Teens 13 or older,7.39,90556,2783,1814,146416,133,,['Shounen'],['Toei Animation'],"['Action', 'Adventure', 'Comedy', 'Fantasy', 'Sci-Fi']",[]
907,Princess Princess,TV,Manga,12,24,PG-13 - Teens 13 or older,7.01,30894,5118,3009,69341,285,2006,['Shoujo'],['Studio Deen'],['Comedy'],"['Crossdressing', 'School']"
908,Fullmetal Alchemist: Premium OVA Collection,OVA,Manga,3,7,PG-13 - Teens 13 or older,7.29,35735,3352,2890,74015,93,,['Shounen'],['Bones'],"['Comedy', 'Fantasy']",[]
909,,TV,Original,13,23,PG-13 - Teens 13 or older,6.37,6089,8949,5970,16443,18,2001,[],"['Satelight', 'Studio Gazelle']","['Adventure', 'Sci-Fi']","['Mecha', 'Space']"
910,Himawari!,TV,Original,13,24,PG-13 - Teens 13 or older,6.36,8232,9008,4956,26312,17,2006,[],['Arms'],"['Action', 'Adventure', 'Comedy']",['Martial Arts']
911,Zatch Bell! Attack of Mechavulcan,Movie,Manga,1,84,PG-13 - Teens 13 or older,7.09,3277,4672,7989,7921,7,,['Shounen'],['Toei Animation'],"['Adventure', 'Supernatural']",[]
912,,TV,Manga,55,24,PG-13 - Teens 13 or older,7.15,2082,4306,7814,8406,30,1995,['Shounen'],['Studio Pierrot'],['Adventure'],[]
913,Fighting Beauty Wulong,TV,Manga,25,25,R - 17+ (violence & profanity),6.81,1977,6252,8222,7385,7,2005,[],['TMS Entertainment'],"['Action', 'Ecchi']",['Martial Arts']
914,The Ping-Pong Club,TV,Manga,26,24,R+ - Mild Nudity,7.5,5511,2258,5578,19550,137,1995,['Seinen'],['Grouper Productions'],"['Comedy', 'Ecchi']","['Gag Humor', 'School']"
915,,TV,Manga,26,23,PG-13 - Teens 13 or older,7.31,8911,3238,5868,17209,259,2005,['Seinen'],['Studio Deen'],"['Adventure', 'Drama']",['Anthropomorphic']
916,Tokko,TV,Manga,13,24,R - 17+ (violence & profanity),6.55,22257,7900,3648,49025,114,2006,['Seinen'],"['AIC Spirits', 'Group TAC']","['Action', 'Horror', 'Mystery', 'Supernatural']","['Adult Cast', 'Detective', 'Gore']"
917,,OVA,Manga,1,46,R+ - Mild Nudity,7.15,12908,4315,4853,27776,88,,['Seinen'],"['AIC', 'Artmic']",['Action'],['Racing']
918,Gintama,TV,Manga,201,24,PG-13 - Teens 13 or older,8.93,424923,19,147,1155962,61959,2006,['Shounen'],['Sunrise'],"['Action', 'Comedy', 'Sci-Fi']","['Gag Humor', 'Historical', 'Parody', 'Samurai']"
919,Ray The Animation,TV,Manga,13,24,PG-13 - Teens 13 or older,6.76,4861,6575,5953,16570,17,2006,['Seinen'],['OLM'],"['Drama', 'Romance', 'Sci-Fi']",['Medical']
920,,Special,Original,1,27,PG-13 - Teens 13 or older,6.5,3137,8182,8496,6826,5,,[],"['Kyoto Animation', 'Tatsunoko Production']",['Comedy'],"['Mahou Shoujo', 'Parody']"
921,,OVA,Original,2,26,PG-13 - Teens 13 or older,6.78,3371,6445,8022,7849,11,,[],['Tatsunoko Production'],['Comedy'],"['Gag Humor', 'Mahou Shoujo', 'Otaku Culture', 'Parody']"
924,Transformers Super-God Masterforce,TV,Other,43,24,PG-13 - Teens 13 or older,6.75,1696,6638,10115,4251,7,1988,[],['Toei Animation'],"['Adventure', 'Sci-Fi']",['Mecha']
925,Transformers The Headmasters,TV,Other,35,23,PG-13 - Teens 13 or older,6.41,2064,8754,9525,5079,9,1987,[],['Toei Animation'],"['Adventure', 'Sci-Fi']","['Mecha', 'Space']"
926,Transformers Victory,TV,Other,38,23,PG - Children,6.95,1719,5464,10239,4112,13,1989,[],['Toei Animation'],"['Adventure', 'Sci-Fi']",['Mecha']
927,Transformers Energon,TV,Other,51,24,PG-13 - Teens 13 or older,6.12,3207,10391,8565,6691,16,2004,[],['Actas'],"['Adventure', 'Sci-Fi']","['Mecha', 'Space']"
928,Transformers Cybertron,TV,Other,52,24,PG-13 - Teens 13 or older,6.7,3663,6985,8189,7489,42,2005,[],['Gonzo'],"['Adventure', 'Sci-Fi']",['Mecha']
929,Aura Battler Dunbine,TV,Novel,49,24,PG-13 - Teens 13 or older,7.21,3449,3937,5891,16997,61,1983,[],['Sunrise'],"['Adventure', 'Drama', 'Fantasy', 'Sci-Fi']","['Isekai', 'Mecha']"
930,Space Runaway Ideon,TV,Original,39,24,PG-13 - Teens 13 or older,7.22,5173,3825,5385,21574,159,1980,[],['Sunrise'],"['Drama', 'Sci-Fi']","['Mecha', 'Space']"
932,,OVA,Manga,1,11,PG-13 - Teens 13 or older,6.18,4966,10030,7423,9571,9,,[],['Daume'],"['Comedy', 'Sci-Fi']",[]
933,Magical Witch Punie-Chan,OVA,Manga,4,24,R - 17+ (violence & profanity),6.96,14062,5353,4243,37186,124,,['Shounen'],['Studio Barcelona'],['Comedy'],"['Gag Humor', 'Mahou Shoujo', 'School']"
934,Higurashi: When They Cry,TV,Visual novel,26,24,R - 17+ (violence & profanity),7.87,416893,1017,253,858792,22219,2006,[],['Studio Deen'],"['Horror', 'Mystery', 'Suspense']","['Gore', 'Psychological']"
935,Witchblade,TV,Other,24,24,R - 17+ (violence & profanity),7.23,50418,3807,2041,125840,597,2006,[],['Gonzo'],"['Action', 'Drama', 'Sci-Fi']","['Adult Cast', 'Super Power']"
936,Naruto the Movie 2: Legend of the Stone of Gelel,Movie,Manga,1,97,PG-13 - Teens 13 or older,6.88,146851,5831,1106,254712,176,,['Shounen'],['Studio Pierrot'],"['Action', 'Adventure', 'Fantasy']",[]
937,,OVA,Manga,1,67,R - 17+ (violence & profanity),6.52,15659,8032,4323,35821,50,,[],['Gainax'],['Sci-Fi'],"['Mecha', 'Military']"
938,Shin Getter Robo vs. Neo Getter Robo,OVA,Unknown,4,27,PG-13 - Teens 13 or older,7.26,3840,3597,8034,7815,31,,['Shounen'],"[""Brain's Base""]",['Sci-Fi'],['Mecha']
940,,TV,Light novel,26,23,PG-13 - Teens 13 or older,7.26,30034,3564,2920,72945,207,2006,[],['Seven Arcs'],"['Comedy', 'Romance', 'Supernatural', 'Ecchi']",[]
941,,TV,Original,12,23,R+ - Mild Nudity,7.05,11563,4887,4211,37710,158,2006,[],['Remic'],"['Comedy', 'Ecchi']","['CGDCT', 'Gag Humor', 'Parody', 'Vampire']"
942,The Good Witch Of The West,TV,Light novel,13,24,PG-13 - Teens 13 or older,6.72,6766,6822,5400,21418,51,2006,[],['HAL Film Maker'],"['Comedy', 'Drama', 'Fantasy', 'Mystery', 'Romance']",[]
943,,TV,Manga,12,24,PG - Children,6.61,3133,7531,7173,10449,15,2006,['Seinen'],['Madhouse'],"['Drama', 'Fantasy']",[]
944,The Third: The Girl with the Blue Eye,TV,Light novel,24,23,R - 17+ (violence & profanity),7.44,8789,2565,5135,24094,96,2006,[],['Xebec'],"['Action', 'Adventure', 'Sci-Fi']",[]
949,Gunbuster,OVA,Original,6,26,R+ - Mild Nudity,7.87,59403,1032,1830,145159,2965,,[],['Gainax'],"['Award Winning', 'Comedy', 'Drama', 'Sci-Fi']","['Mecha', 'Military', 'Space']"
950,Street Fighter Alpha: Generations,Movie,Game,1,42,PG-13 - Teens 13 or older,6.52,9263,8077,6026,16011,19,,[],['APPP'],['Adventure'],[]
951,,TV,Manga,142,24,G - All Ages,7.83,6831,1101,6221,14686,131,1990,['Shoujo'],['Nippon Animation'],['Comedy'],[]
952,Magical Meow Meow Taruto,TV,Manga,12,22,G - All Ages,6.43,2660,8610,7570,9103,9,2001,[],"['Madhouse', 'TNK']",['Comedy'],[]
953,Jyu-Oh-Sei: Planet of the Beast King,TV,Manga,11,22,R - 17+ (violence & profanity),7.21,34067,3913,2807,78074,378,2006,['Shoujo'],['Bones'],"['Action', 'Adventure', 'Drama', 'Mystery', 'Sci-Fi']",[]
956,Dino Mech Gaiking,TV,Original,44,24,PG-13 - Teens 13 or older,7.18,1241,4078,10798,3459,5,1976,[],['Toei Animation'],"['Adventure', 'Sci-Fi']",['Mecha']
957,The Story of Saiunkoku,TV,Light novel,39,25,PG-13 - Teens 13 or older,7.86,37125,1046,2321,105173,1193,2006,['Shoujo'],['Madhouse'],"['Adventure', 'Fantasy', 'Romance']","['Historical', 'Reverse Harem']"
958,HeatGuy J,TV,Original,25,24,PG-13 - Teens 13 or older,7.26,7775,3558,5375,21669,77,2002,[],['Satelight'],"['Action', 'Adventure', 'Sci-Fi']",['Organized Crime']
959,Legend of the Condor Hero,TV,Novel,26,24,PG-13 - Teens 13 or older,7.28,2908,3458,7328,9914,39,2001,[],['Nippon Animation'],"['Adventure', 'Drama', 'Romance']",['Historical']
960,Legend of the Condor Hero II,TV,Novel,26,20,PG-13 - Teens 13 or older,7.22,1567,3860,10148,4216,6,2005,[],['Nippon Animation'],"['Adventure', 'Drama', 'Romance']",['Historical']
961,,TV,Game,35,22,PG-13 - Teens 13 or older,7.22,5569,3873,6465,13388,50,1995,[],['Tokyo Movie Shinsha'],['Action'],['Martial Arts']
962,Aria the Natural,TV,Manga,26,24,G - All Ages,8.19,32497,458,2635,86410,836,2006,['Shounen'],['HAL Film Maker'],"['Sci-Fi', 'Slice of Life']",['Iyashikei']
963,Love Hina: Motoko's Choice Between Love or Swords: Don't cry!,Special,Manga,1,24,PG-13 - Teens 13 or older,7.2,22708,3987,4109,39686,13,,['Shounen'],['Xebec'],"['Drama', 'Romance']",[]
964,,TV,Original,8,14,R+ - Mild Nudity,5.72,3001,12359,8123,7652,1,2004,[],"['Imagin', 'Studio Live']","['Comedy', 'Ecchi']",[]
965,Gargoyle of Yoshinaga House,TV,Light novel,13,24,PG - Children,7.06,2250,4846,8871,6137,8,2006,[],['Studio Hibari'],"['Comedy', 'Fantasy']",[]
966,Shin Chan,TV,Manga,,21,G - All Ages,7.83,44188,1102,2486,94688,1421,1992,['Seinen'],['Shin-Ei Animation'],"['Comedy', 'Ecchi']",['School']
967,Fist of the North Star,TV,Manga,109,25,R+ - Mild Nudity,7.98,48566,784,1838,143957,2444,1984,['Shounen'],['Toei Animation'],"['Action', 'Drama', 'Sci-Fi']","['Gore', 'Martial Arts']"
968,Fighting Beauty Wulong Rebirth,TV,Manga,25,25,R - 17+ (violence & profanity),7.2,1249,3979,9729,4762,4,2006,['Seinen'],['TMS Entertainment'],"['Action', 'Comedy']","['Martial Arts', 'School']"
969,Tsubasa RESERVoir CHRoNiCLE Season Two,TV,Manga,26,25,PG-13 - Teens 13 or older,7.59,61525,1869,2076,123356,408,2006,['Shounen'],['Bee Train'],"['Action', 'Adventure', 'Drama', 'Fantasy', 'Romance']",[]
970,,TV,Manga,47,24,PG-13 - Teens 13 or older,7.35,2451,3028,8402,7015,46,1991,[],['Azeta Pictures'],"['Action', 'Adventure']",['Historical']
971,Astro Boy (2003),TV,Manga,50,24,G - All Ages,7.23,12972,3756,4763,28870,199,2003,['Shounen'],['Tezuka Productions'],"['Action', 'Adventure', 'Sci-Fi']",['Super Power']
972,Bible Black Origins,OVA,Visual novel,2,28,Rx - Hentai,6.72,15197,,4720,29458,78,,[],['Studio Jam'],"['Supernatural', 'Hentai']",[]
973,Glass Fleet,TV,Original,24,24,PG-13 - Teens 13 or older,6.61,4089,7497,6414,13625,20,2006,[],"['Gonzo', 'Satelight']","['Adventure', 'Sci-Fi']",[]
974,Dead Leaves,Movie,Original,1,52,R+ - Mild Nudity,7.21,44681,3889,2368,102293,724,,[],['Production I.G'],"['Action', 'Comedy', 'Sci-Fi']","['Gore', 'Super Power']"
975,,OVA,Manga,2,28,G - All Ages,7.49,17543,2319,3698,47939,494,,['Seinen'],['Ajia-do'],"['Sci-Fi', 'Slice of Life']",['Iyashikei']
976,,OVA,Manga,2,32,R+ - Mild Nudity,7.21,10860,3943,5140,24026,68,,['Seinen'],['Ajia-do'],"['Sci-Fi', 'Slice of Life']",['Iyashikei']
977,The Legend of the Blue Wolves,OVA,Original,1,45,Rx - Hentai,5.44,3923,,7634,8947,16,,[],['Phoenix Entertainment'],"['Boys Love', 'Sci-Fi', 'Hentai']",['Mecha']
978,Getter Robo: Armageddon,OVA,Manga,13,24,R - 17+ (violence & profanity),7.87,7622,1009,5678,18629,401,,['Shounen'],"[""Brain's Base""]","['Adventure', 'Horror', 'Sci-Fi']","['Mecha', 'Psychological']"
979,Street Fighter Alpha: The Movie,Movie,Game,1,90,PG-13 - Teens 13 or older,6.53,10641,8023,5716,18306,27,,[],['Plum'],"['Action', 'Drama']","['Martial Arts', 'Super Power']"
980,Ground Defense Force! Mao-chan,TV,Original,26,12,G - All Ages,6.71,1990,6906,8597,6624,11,2002,['Kids'],['Xebec'],"['Comedy', 'Sci-Fi']",['Military']
981,Ichigo 100% Original DVD Animation,OVA,Manga,4,29,PG-13 - Teens 13 or older,6.82,15207,6177,4810,28302,8,,['Shounen'],['Madhouse'],"['Comedy', 'Romance', 'Ecchi']","['Harem', 'School']"
982,,OVA,Original,3,29,R+ - Mild Nudity,5.86,6486,11689,6267,14385,8,,[],['TNK'],"['Comedy', 'Ecchi']","['Otaku Culture', 'Parody', 'School']"
983,,OVA,Original,1,5,G - All Ages,5.71,1418,12401,10769,3482,1,,[],['TNK'],['Comedy'],[]
984,Dragon Ball Z: Plan to Eradicate the Saiyans,OVA,Manga,2,30,PG-13 - Teens 13 or older,6.7,28899,6945,3454,54193,15,,['Shounen'],['Toei Animation'],"['Action', 'Adventure', 'Comedy', 'Fantasy']",['Martial Arts']
985,Dragon Ball Z: The History of Trunks,TV Special,Manga,1,48,PG-13 - Teens 13 or older,7.84,91084,1074,1939,135447,237,,['Shounen'],['Toei Animation'],"['Adventure', 'Drama', 'Fantasy']",[]
986,"Dragon Ball Z: Bardock, The Father of Goku",TV Special,Manga,1,47,PG-13 - Teens 13 or older,7.6,74640,1809,2162,116726,174,,['Shounen'],['Toei Animation'],"['Adventure', 'Comedy', 'Fantasy', 'Sci-Fi']",[]
987,Dragon Ball GT: A Hero's Legacy,TV Special,Manga,1,44,PG-13 - Teens 13 or older,6.57,51056,7728,2640,86205,90,,['Shounen'],['Toei Animation'],"['Action', 'Adventure', 'Comedy', 'Fantasy']",['Martial Arts']
988,,TV,Original,12,26,PG-13 - Teens 13 or older,6.05,308,10791,12619,2086,2,2005,[],"['Group TAC', 'G&G Direction']","['Action', 'Comedy']","['Historical', 'Military', 'Samurai']"
989,,TV Special,Original,1,51,PG-13 - Teens 13 or older,5.96,282,11209,14624,1191,2,,[],['T.P.O'],[],"['Historical', 'Military']"
990,,TV,Light novel,13,25,PG-13 - Teens 13 or older,7.14,23239,4365,3588,50525,91,2006,[],['Toei Animation'],"['Comedy', 'Romance', 'Supernatural']","['Mythology', 'School']"
991,,OVA,Manga,3,26,R+ - Mild Nudity,5.62,3236,12847,7560,9134,11,,['Seinen'],['Chaos Project'],"['Action', 'Comedy', 'Romance', 'Ecchi']",[]
992,Dual! Parallel Trouble Adventure,TV,Original,13,25,PG-13 - Teens 13 or older,7.12,9672,4460,5425,21152,75,1999,[],['AIC'],"['Comedy', 'Sci-Fi']","['Harem', 'Isekai', 'Mecha']"
993,,Special,Original,1,29,PG-13 - Teens 13 or older,6.81,3149,6241,8815,6215,8,,[],['AIC'],"['Comedy', 'Drama', 'Romance', 'Sci-Fi']","['Harem', 'Isekai', 'Mecha']"
994,,OVA,Original,1,21,PG-13 - Teens 13 or older,4.68,1547,14676,10501,3763,2,,[],['Mook Animation'],['Mystery'],[]
995,The Prince of Tennis: National Championship Chapter,OVA,Manga,13,23,PG-13 - Teens 13 or older,7.89,27071,978,3608,49967,66,,['Shounen'],['M.S.C'],['Sports'],[]
996,Sailor Moon Sailor Stars,TV,Manga,34,24,PG-13 - Teens 13 or older,7.98,61326,777,2083,122985,1291,1996,['Shoujo'],['Toei Animation'],"['Adventure', 'Comedy', 'Drama', 'Romance']",['Mahou Shoujo']
997,Sailor Moon S Movie: Hearts in Ice,Movie,Manga,1,60,PG-13 - Teens 13 or older,7.7,31008,1452,3307,58549,129,,['Shoujo'],['Toei Animation'],"['Adventure', 'Drama', 'Romance']",['Mahou Shoujo']
998,Blue Seed,TV,Manga,26,23,PG-13 - Teens 13 or older,7.05,11717,4852,4456,33606,140,1994,['Seinen'],"['Production I.G', 'Ashi Productions']","['Action', 'Adventure', 'Drama', 'Horror', 'Mystery', 'Romance', 'Supernatural']",['Mythology']
999,Blue Seed Beyond,OVA,Manga,3,28,R - 17+ (violence & profanity),6.57,3373,7729,7939,8041,2,,['Seinen'],"['Production I.G', 'Xebec']","['Action', 'Adventure', 'Drama', 'Horror', 'Mystery', 'Supernatural']",['Mythology']
1000,Space Pirate Captain Harlock,TV,Manga,42,25,PG-13 - Teens 13 or older,7.78,12460,1256,3914,43842,391,1978,['Seinen'],['Toei Animation'],"['Action', 'Adventure', 'Drama', 'Sci-Fi']",['Space']
1001,,Special,Original,1,23,PG-13 - Teens 13 or older,6.57,947,7778,12431,2199,1,,[],['Telecom Animation Film'],"['Adventure', 'Drama']",[]
1002,Gunbuster 2,OVA,Original,6,29,R+ - Mild Nudity,7.62,39318,1751,2659,85676,914,,[],['Gainax'],"['Award Winning', 'Comedy', 'Drama', 'Sci-Fi']","['Mecha', 'Space']"
1003,Ah! My Goddess Specials,Special,Manga,3,24,PG-13 - Teens 13 or older,7.51,15127,2189,4769,28819,43,,['Seinen'],['AIC'],"['Comedy', 'Romance', 'Supernatural']",[]
1004,She and Her Cat: Their Standing Points,OVA,Original,1,4,G - All Ages,7.24,56082,3714,2351,103208,301,,[],['CoMix Wave Films'],['Slice of Life'],['Pets']
1005,Star Ocean EX,TV,Game,26,22,PG-13 - Teens 13 or older,6.71,6775,6915,6216,14739,32,2001,['Shounen'],['Studio Deen'],"['Adventure', 'Fantasy', 'Sci-Fi']",[]
1006,Tenchi Muyo! In Love,Movie,Original,1,94,PG-13 - Teens 13 or older,7.49,13438,2315,4923,26657,51,,[],['AIC'],"['Action', 'Comedy', 'Romance', 'Sci-Fi']","['School', 'Space']"
1007,Ranma ½ OVA,OVA,Manga,6,30,PG-13 - Teens 13 or older,7.75,18392,1320,4158,38833,90,,['Shounen'],"['Studio Deen', 'Kitty Film Mitaka Studio']","['Action', 'Comedy', 'Romance', 'Ecchi']","['Magical Sex Shift', 'Martial Arts']"
1008,Ranma 1/2 Special: Reawakening Memories,OVA,Manga,2,30,PG-13 - Teens 13 or older,7.6,10358,1828,5367,21761,34,,['Shounen'],['Studio Deen'],"['Comedy', 'Drama', 'Romance']",['Magical Sex Shift']
1009,Art of Fighting,TV Special,Game,1,48,PG-13 - Teens 13 or older,5.08,2400,14224,9824,4626,7,,[],['Studio Comet'],"['Action', 'Comedy']",['Martial Arts']
1010,Ranma ½: Team Ranma vs. The Legendary Phoenix,Movie,Manga,1,31,PG-13 - Teens 13 or older,7.38,9113,2854,5656,18893,7,,['Shounen'],['Studio Deen'],"['Action', 'Adventure', 'Comedy', 'Supernatural']",['Martial Arts']
1011,,OVA,Manga,3,26,PG-13 - Teens 13 or older,7.66,10128,1604,5273,22663,25,,['Shounen'],['Studio Deen'],"['Action', 'Adventure', 'Comedy', 'Romance', 'Supernatural']",['Martial Arts']
1012,,Special,Manga,2,9,R - 17+ (violence & profanity),6.32,901,9283,12765,1984,1,,['Shounen'],['Magic Bus'],"['Action', 'Comedy']","['Martial Arts', 'School']"
1013,,TV,Original,24,25,R - 17+ (violence & profanity),7.2,16540,3978,3105,65325,266,2006,[],['Production I.G'],"['Mystery', 'Supernatural']",['Historical']
1014,Sugar: A Little Snow Fairy Summer Special,TV Special,Original,2,24,G - All Ages,7.05,2539,4852,8971,5994,6,,[],['J.C.Staff'],"['Comedy', 'Fantasy']",[]
1015,Full Metal Panic! The Second Raid: A Relatively Leisurely Day in the Life of a Fleet Captain,Special,Manga,1,30,PG-13 - Teens 13 or older,7.64,41718,1660,2886,74157,99,,[],['Kyoto Animation'],['Comedy'],[]
1016,Battle Angel Alita,OVA,Manga,2,30,R+ - Mild Nudity,7.1,31824,4600,3015,69034,303,,['Seinen'],['Madhouse'],"['Drama', 'Sci-Fi']",['Mecha']
1017,Orphen,TV,Light novel,24,24,PG-13 - Teens 13 or older,7.13,17171,4427,3569,50967,190,1998,[],['J.C.Staff'],"['Action', 'Adventure', 'Comedy', 'Fantasy']",[]
1018,Orphen 2: Revenge,TV,Light novel,23,24,PG-13 - Teens 13 or older,6.85,8224,6001,5470,20621,24,1999,[],['J.C.Staff'],"['Adventure', 'Comedy', 'Fantasy']",[]
1019,Mirage of Blaze,TV,Light novel,13,24,PG-13 - Teens 13 or older,6.49,8668,8228,4930,26540,87,2002,['Shoujo'],['Madhouse'],"['Action', 'Boys Love', 'Drama', 'Supernatural']","['Historical', 'Reincarnation', 'School']"
1020,Mirage of Blaze: Rebels of the River Edge,OVA,Light novel,3,30,R - 17+ (violence & profanity),6.8,4430,6295,6776,11965,30,,['Shoujo'],['Madhouse'],"['Action', 'Boys Love', 'Drama', 'Supernatural']","['Historical', 'Reincarnation']"
1021,,TV,Manga,44,24,PG-13 - Teens 13 or older,7.41,4653,2687,6127,15354,111,1999,['Shoujo'],['Studio Hibari'],"['Drama', 'Romance']","['Music', 'Showbiz']"
1022,,TV,Original,12,24,PG-13 - Teens 13 or older,7.03,4261,4978,6930,11363,33,1998,[],['Tatsunoko Production'],"['Action', 'Adventure', 'Comedy', 'Drama', 'Sci-Fi']",['Time Travel']
1023,Wolf's Rain OVA,OVA,Original,4,23,PG-13 - Teens 13 or older,8.0,38119,758,2821,77257,426,,[],['Bones'],"['Action', 'Adventure', 'Drama', 'Fantasy']",[]
1024,Knight Hunters OVA,OVA,Unknown,2,30,R - 17+ (violence & profanity),6.93,2983,5564,8714,6396,20,,[],"['Triangle Staff', 'animate Film']","['Action', 'Drama']",[]
1025,Legend of Black Heaven,TV,Original,13,25,R+ - Mild Nudity,7.08,9480,4713,4373,35012,130,1999,[],"['AIC', 'APPP']","['Adventure', 'Comedy', 'Sci-Fi']","['Music', 'Space']"
1026,Eight Clouds Rising,OVA,Manga,2,29,PG-13 - Teens 13 or older,6.32,1972,9297,9301,5433,7,,['Shoujo'],['Studio Pierrot'],"['Adventure', 'Horror', 'Supernatural']",['Historical']
1027,,OVA,Game,2,31,PG-13 - Teens 13 or older,5.68,1389,12582,11129,3156,3,,[],['Triangle Staff'],"['Action', 'Sci-Fi']",['Super Power']
1028,Princess Arete,Movie,Novel,1,104,G - All Ages,6.97,5633,5287,6093,15583,63,,[],['Studio 4°C'],['Fantasy'],[]
1029,Only Yesterday,Movie,Manga,1,118,G - All Ages,7.46,85997,2455,1652,165886,1405,,['Josei'],['Studio Ghibli'],"['Drama', 'Romance']",[]
1030,Pom Poko,Movie,Original,1,119,G - All Ages,7.31,71060,3240,2097,121647,382,,['Kids'],['Studio Ghibli'],['Award Winning'],['Anthropomorphic']
1031,Yonna in the Solitary Fortress,Movie,Original,1,33,PG - Children,4.92,1343,14426,11308,3008,3,,[],['CoMix Wave Films'],"['Adventure', 'Fantasy']",[]
1032,"Like the Clouds, Like the Wind",TV Special,Novel,1,78,G - All Ages,6.86,4042,5940,7449,9480,17,,[],['Studio Pierrot'],"['Adventure', 'Drama', 'Romance']",['Historical']
1033,Millennium Actress,Movie,Original,1,86,PG-13 - Teens 13 or older,8.25,95921,387,1322,211648,3013,,[],['Madhouse'],"['Action', 'Adventure', 'Award Winning', 'Drama', 'Fantasy', 'Romance']","['Adult Cast', 'Historical', 'Showbiz']"
1034,Royal Space Force: The Wings of Honneamise,Movie,Original,1,121,R+ - Mild Nudity,7.52,19023,2170,3495,52908,332,,[],['Gainax'],"['Action', 'Award Winning', 'Drama', 'Sci-Fi']","['Military', 'Space']"
1035,,TV,Manga,26,9,PG-13 - Teens 13 or older,6.74,1645,6695,9539,5051,2,2005,['Shoujo'],['Magic Bus'],"['Adventure', 'Boys Love', 'Comedy', 'Fantasy']",[]
1036,,OVA,Manga,2,28,PG-13 - Teens 13 or older,5.92,2185,11393,9258,5502,4,,['Shoujo'],['Four Some'],"['Romance', 'Supernatural']",['Historical']
1037,,TV,Mixed media,6,25,PG-13 - Teens 13 or older,6.15,3208,10220,7177,10434,19,2003,[],['Tokyo Kids'],"['Action', 'Fantasy']",[]
1038,,OVA,Visual novel,2,30,Rx - Hentai,6.07,1075,,11149,3135,3,,[],['Arms'],['Hentai'],[]
1039,,OVA,Visual novel,2,29,PG-13 - Teens 13 or older,7.0,2450,5164,9440,5216,5,,[],['OLM'],"['Drama', 'Romance', 'Supernatural']",[]
1040,,TV,Manga,47,25,PG-13 - Teens 13 or older,7.36,1717,2956,8747,6321,17,1996,['Shoujo'],['Studio Comet'],"['Drama', 'Romance']",['School']
1041,,OVA,Manga,1,45,PG-13 - Teens 13 or older,6.36,7125,,6233,14620,40,,['Shoujo'],['Madhouse'],"['Boys Love', 'Drama', 'Sports', 'Erotica']",['Music']
1042,,OVA,Manga,1,48,R - 17+ (violence & profanity),6.36,6121,,6788,11911,32,,['Shoujo'],['Production I.G'],"['Boys Love', 'Drama', 'Sports', 'Erotica']",['Music']
1043,,OVA,Manga,2,49,R - 17+ (violence & profanity),6.69,9239,7036,5361,21801,40,,['Shoujo'],['animate Film'],"['Action', 'Drama', 'Mystery', 'Supernatural']",[]
1044,Horus: Prince of the Sun,Movie,Other,1,82,G - All Ages,6.58,5053,7714,7166,10470,19,,[],['Toei Animation'],"['Adventure', 'Drama']",[]
1045,Those Who Hunt Elves,TV,Manga,12,24,PG-13 - Teens 13 or older,7.09,12037,4658,4629,30934,56,1996,['Shounen'],['Group TAC'],"['Adventure', 'Comedy', 'Fantasy', 'Ecchi']",['Isekai']
1046,Those Who Hunt Elves II,TV,Manga,12,24,PG-13 - Teens 13 or older,7.16,7908,4223,6082,15661,13,1997,['Shounen'],['Group TAC'],"['Adventure', 'Comedy', 'Fantasy']",['Isekai']
1047,On Your Mark,Music,Original,1,6,G - All Ages,7.52,21585,,3858,44692,117,,[],['Studio Ghibli'],"['Drama', 'Sci-Fi']",['Music']
1048,SoulTaker,TV,Original,13,25,PG-13 - Teens 13 or older,6.43,9129,8634,4671,30395,84,2001,[],['Tatsunoko Production'],"['Horror', 'Supernatural']",['Mythology']
1049,Gauche the Cellist,Movie,Book,1,61,G - All Ages,6.94,6298,5477,6030,15985,30,,['Kids'],['Oh! Production'],"['Award Winning', 'Drama', 'Fantasy']","['Music', 'Performing Arts']"
1050,Bobobo-bo Bo-bobo,TV,Manga,76,25,PG-13 - Teens 13 or older,7.51,41322,2188,2384,101374,1170,2003,['Shounen'],['Toei Animation'],"['Adventure', 'Comedy', 'Sci-Fi']","['Gag Humor', 'Parody']"
1051,Blue Submarine No. 6,OVA,Manga,4,31,PG-13 - Teens 13 or older,7.03,25948,4964,3082,66386,319,,['Shounen'],['Gonzo'],"['Adventure', 'Award Winning', 'Sci-Fi']","['Mecha', 'Military']"
1052,Ten Tokyo Warriors,OVA,Unknown,3,26,PG-13 - Teens 13 or older,5.73,1037,12336,11447,2892,2,,[],['Zexcs'],"['Action', 'Adventure', 'Supernatural']",[]
1053,,OVA,Manga,2,30,R - 17+ (violence & profanity),4.79,1558,14570,10205,4149,3,,[],['Shinkuukan'],"['Comedy', 'Drama', 'Romance', 'Ecchi']",['School']
1055,,ONA,Manga,6,6,R+ - Mild Nudity,5.92,12524,11379,4298,36308,109,,['Seinen'],['Group TAC'],"['Drama', 'Sci-Fi', 'Suspense']","['Mecha', 'Psychological', 'Survival']"
1056,,OVA,Manga,1,19,PG - Children,6.18,3976,10025,8124,7650,4,,['Shoujo'],"['Production I.G', 'Trans Arts']","['Comedy', 'Drama', 'Romance']",['School']
1057,,TV,Manga,16,3,R+ - Mild Nudity,6.18,3063,10032,7866,8250,11,1999,[],['Group TAC'],"['Action', 'Comedy', 'Ecchi']",[]
1058,Moeyo Ken,OVA,Game,4,25,PG-13 - Teens 13 or older,5.65,721,12719,12207,2333,1,,[],"['Trinet Entertainment', 'Picture Magic']","['Adventure', 'Comedy']",['Historical']
1059,,OVA,Other,2,28,G - All Ages,5.25,1716,13919,10639,3605,12,,[],"['Bee Media', 'Tsuburaya Productions']","['Action', 'Adventure', 'Comedy', 'Sci-Fi']","['Anthropomorphic', 'Martial Arts', 'Super Power']"
1060,,TV,Manga,24,8,R+ - Mild Nudity,7.36,21476,2961,3313,58360,393,1999,['Seinen'],"['Gainax', 'Group TAC']","['Comedy', 'Ecchi']","['Anthropomorphic', 'Gag Humor', 'Pets']"
1062,,TV,Manga,27,1,R - 17+ (violence & profanity),6.66,5990,7204,6514,13164,94,1999,[],['Kent House'],"['Action', 'Comedy']",['Anthropomorphic']
1064,Mazinkaiser,OVA,Manga,7,28,R+ - Mild Nudity,7.49,5507,2301,6566,12917,70,,['Shounen'],"[""Brain's Base""]","['Adventure', 'Comedy', 'Sci-Fi']",['Mecha']
1065,,TV,Manga,101,25,PG-13 - Teens 13 or older,8.08,12092,636,4072,40390,620,1985,['Shounen'],['Group TAC'],"['Drama', 'Romance', 'Sports']","['Love Polygon', 'School', 'Team Sports']"
1066,,Special,Light novel,4,6,PG-13 - Teens 13 or older,7.05,18141,4893,4342,35509,23,,[],['J.C.Staff'],['Comedy'],['Parody']
1067,Demonbane,TV,Visual novel,12,25,R - 17+ (violence & profanity),6.56,13976,7813,4165,38693,41,2006,[],['Viewworks'],"['Drama', 'Fantasy', 'Romance', 'Sci-Fi']","['Harem', 'Mecha']"
1068,,TV,Original,54,25,PG-13 - Teens 13 or older,7.04,1752,4907,9557,5024,15,1976,[],"['Sunrise', 'Toei Animation']","['Adventure', 'Sci-Fi']",['Mecha']
1069,Voltes V,TV,Original,40,23,PG-13 - Teens 13 or older,7.56,4492,1965,7417,9591,86,1977,[],"['Sunrise', 'Toei Animation']","['Adventure', 'Drama', 'Sci-Fi']",['Mecha']
1070,,TV,Visual novel,25,24,PG-13 - Teens 13 or older,6.73,2503,6756,7431,9546,9,2006,[],['Radix'],"['Comedy', 'Romance']",['Showbiz']
1071,,OVA,Visual novel,1,26,PG-13 - Teens 13 or older,6.34,1595,9129,10492,3769,2,,[],['Doga Kobo'],"['Drama', 'Romance']",[]
1072,Sweat Punch,OVA,Original,5,11,R+ - Mild Nudity,7.26,16609,3594,4063,40511,194,,[],['Studio 4°C'],['Fantasy'],"['Historical', 'Mecha']"
1074,Naruto: Finally a Clash!! Jounin vs. Genin!,OVA,Game,1,26,PG-13 - Teens 13 or older,6.77,44167,6509,2657,85778,100,,['Shounen'],['Studio Pierrot'],['Action'],[]
1075,,OVA,Original,1,29,PG-13 - Teens 13 or older,5.31,1394,13788,11083,3194,11,,[],['Studio Hibari'],"['Comedy', 'Ecchi']",['Mahou Shoujo']
1076,,OVA,Game,1,50,R - 17+ (violence & profanity),6.08,2246,10630,9758,4718,5,,[],['TMS Entertainment'],"['Action', 'Adventure', 'Fantasy']",[]
1078,Cardcaptor Sakura: Leave it to Kero! Theatrical Version,Movie,Manga,1,10,G - All Ages,7.32,16952,3165,4474,33333,39,,['Shoujo'],['Madhouse'],"['Comedy', 'Gourmet']",[]
1079,Armitage III,OVA,Original,4,33,R+ - Mild Nudity,7.05,16063,4847,4016,41744,146,,[],['AIC'],"['Mystery', 'Romance', 'Sci-Fi']","['Detective', 'Mecha']"
1080,Yukikaze,OVA,Novel,5,37,PG-13 - Teens 13 or older,7.33,7841,3143,5302,22366,218,,[],['Gonzo'],"['Action', 'Award Winning', 'Drama', 'Sci-Fi', 'Suspense']","['Military', 'Psychological', 'Space']"
1081,,OVA,Manga,13,25,PG-13 - Teens 13 or older,7.39,3270,2813,7127,10613,43,,['Seinen'],['Madhouse'],"['Action', 'Adventure', 'Drama', 'Sci-Fi']",['Space']
1082,Daphne in the Brilliant Blue,TV,Original,24,24,PG-13 - Teens 13 or older,6.95,5952,5426,5707,18372,35,2004,[],['J.C.Staff'],"['Comedy', 'Drama', 'Mystery', 'Sci-Fi', 'Ecchi']","['Detective', 'Psychological']"
1083,Human Crossing,TV,Manga,13,24,PG-13 - Teens 13 or older,6.31,990,9328,9703,4797,4,2003,['Seinen'],['A.C.G.T.'],['Drama'],[]
1084,I''s,OVA,Manga,2,29,PG-13 - Teens 13 or older,5.98,5154,11093,6919,11397,7,,['Shounen'],"['Studio Pierrot', 'Arms']","['Drama', 'Romance']",[]
1085,Interlude,OVA,Visual novel,3,40,R - 17+ (violence & profanity),6.39,5704,8834,6037,15929,22,,[],['Toei Animation'],"['Adventure', 'Horror', 'Mystery']",[]
1086,Mars Daybreak,TV,Original,26,23,PG-13 - Teens 13 or older,7.2,8759,3978,5122,24222,31,2004,[],['Bones'],"['Adventure', 'Comedy', 'Romance', 'Sci-Fi']","['Mecha', 'Military']"
1087,Kimagure Orange Road,TV,Manga,48,25,PG-13 - Teens 13 or older,7.55,14549,2027,3450,54391,665,1987,['Shounen'],['Studio Pierrot'],"['Comedy', 'Drama', 'Romance']","['Love Polygon', 'School', 'Super Power']"
1088,Super Dimension Fortress Macross,TV,Original,36,25,PG-13 - Teens 13 or older,7.91,40334,918,2057,124744,1885,1982,[],['Tatsunoko Production'],"['Romance', 'Sci-Fi']","['Mecha', 'Military', 'Music', 'Space']"
1089,Super Dimension Fortress Macross: Do You Remember Love?,Movie,Original,1,115,R+ - Mild Nudity,7.97,25495,812,3447,54481,820,,[],['Tatsunoko Production'],"['Romance', 'Sci-Fi']","['Mecha', 'Military', 'Music', 'Space']"
1090,Mobile Suit Gundam I,Movie,Original,1,139,PG-13 - Teens 13 or older,7.28,31485,3435,3480,53484,135,,[],['Sunrise'],"['Adventure', 'Drama', 'Sci-Fi']","['Mecha', 'Military', 'Space']"
1091,Mobile Suit Gundam II: Soldiers of Sorrow,Movie,Original,1,133,PG-13 - Teens 13 or older,7.37,26059,2889,3968,42636,58,,[],['Sunrise'],"['Drama', 'Sci-Fi']","['Mecha', 'Military', 'Space']"
1092,Mobile Suit Gundam III: Encounters in Space,Movie,Original,1,140,PG-13 - Teens 13 or older,7.8,24899,1184,3992,42203,184,,[],['Sunrise'],"['Adventure', 'Drama', 'Sci-Fi']","['Mecha', 'Military', 'Space']"
1093,,TV,Manga,136,23,PG-13 - Teens 13 or older,7.37,1175,2897,8828,6182,42,1988,['Seinen'],['Shin-Ei Animation'],"['Drama', 'Gourmet']",[]
1094,One Piece: Adventure in the Ocean's Navel,TV Special,Manga,1,49,PG-13 - Teens 13 or older,7.14,21339,4373,3975,42459,24,,['Shounen'],['Toei Animation'],"['Action', 'Adventure', 'Fantasy']",[]
1095,Patlabor: The Movie,Movie,Original,1,99,PG-13 - Teens 13 or older,7.6,23938,1820,3358,56830,312,,[],"['Production I.G', 'Studio Deen']",['Drama'],"['Adult Cast', 'Mecha', 'Military']"
1096,Patlabor 2: The Movie,Movie,Original,1,113,PG-13 - Teens 13 or older,8.08,20173,630,3753,46907,975,,[],['Production I.G'],"['Award Winning', 'Drama', 'Mystery', 'Sci-Fi']","['Detective', 'Mecha', 'Military']"
1097,,TV,Visual novel,13,25,R+ - Mild Nudity,6.05,3952,10781,6634,12596,12,2003,[],['Studio Hibari'],"['Drama', 'Supernatural', 'Ecchi']","['Harem', 'Historical', 'Mecha']"
1098,Samurai Girl Real Bout High School,TV,Light novel,13,23,PG-13 - Teens 13 or older,6.01,4639,10978,6830,11722,11,2001,[],['Gonzo'],"['Action', 'Comedy', 'Fantasy']","['Martial Arts', 'School']"
1099,,OVA,Manga,1,60,PG-13 - Teens 13 or older,5.79,839,12081,11762,2661,4,,['Shounen'],[],"['Action', 'Adventure', 'Drama', 'Fantasy']","['Martial Arts', 'Super Power']"
1100,Starship Girl Yamamoto Yohko,OVA,Novel,3,28,PG-13 - Teens 13 or older,6.22,1754,9844,8332,7148,3,,[],['J.C.Staff'],"['Adventure', 'Comedy', 'Sci-Fi']",[]
1101,Tenchi the Movie 2: Daughter of Darkness,Movie,Original,1,59,R+ - Mild Nudity,7.15,8613,4325,5897,16969,17,,[],['AIC'],"['Action', 'Comedy', 'Sci-Fi']",['Space']
1102,,ONA,Original,5,6,PG-13 - Teens 13 or older,4.39,2069,14825,9841,4604,4,,[],['Romanov Films'],"['Action', 'Sci-Fi']","['Historical', 'Military']"
1103,Marriage of God & Soul Godannar!!,TV,Original,13,24,PG-13 - Teens 13 or older,6.74,6053,6700,5008,25620,63,2003,[],"['OLM', 'AIC ASTA']","['Comedy', 'Romance', 'Sci-Fi', 'Ecchi']",['Mecha']
1104,Marriage of God & Soul Godannar!! 2nd Season,TV,Original,13,24,PG-13 - Teens 13 or older,7.02,4185,5068,7050,10837,12,2004,[],"['OLM', 'AIC ASTA']","['Comedy', 'Romance', 'Sci-Fi', 'Ecchi']",['Mecha']
1105,,OVA,Original,6,3,R+ - Mild Nudity,5.44,2980,13408,8335,7147,1,,[],['Studio 4°C'],['Comedy'],['Psychological']
1106,Eternal Family,Movie,Original,1,28,PG-13 - Teens 13 or older,5.98,4596,11086,6869,11580,17,,[],['Studio 4°C'],['Comedy'],['Psychological']
1107,Wicked City,Movie,Novel,1,82,R+ - Mild Nudity,6.48,26194,8321,3069,66846,274,,[],['Madhouse'],"['Action', 'Adventure', 'Drama', 'Horror', 'Supernatural']","['Gore', 'Super Power']"
1108,Soul Hunter,TV,Manga,26,24,PG-13 - Teens 13 or older,7.05,7341,4890,5648,18969,76,1999,['Shounen'],['Studio Deen'],"['Action', 'Adventure', 'Fantasy']",[]
1109,,TV Special,Manga,1,24,R - 17+ (violence & profanity),6.64,5004,7332,6694,12296,20,,['Seinen'],['Madhouse'],"['Drama', 'Mystery', 'Suspense']","['Adult Cast', 'Psychological']"
1110,,TV,Manga,39,24,PG - Children,7.3,26388,3316,3615,49890,268,2004,['Shoujo'],"['Actas', 'Synergy Japan']",['Romance'],"['Mahou Shoujo', 'Music']"
1111,,OVA,Original,1,86,PG-13 - Teens 13 or older,7.0,3478,5177,7689,8771,3,,[],['Gonzo'],"['Adventure', 'Comedy', 'Sci-Fi', 'Ecchi']","['Mecha', 'Space']"
1112,,OVA,Original,1,78,PG-13 - Teens 13 or older,6.88,3429,5852,7725,8673,5,,[],['Gonzo'],"['Adventure', 'Comedy', 'Sci-Fi', 'Ecchi']","['Mecha', 'Space']"
1113,,OVA,Visual novel,3,30,Rx - Hentai,6.57,1763,,10011,4396,11,,[],['Arms'],['Hentai'],[]
1115,Handsome Girl,OVA,Manga,1,36,PG-13 - Teens 13 or older,5.83,2386,11853,9289,5447,3,,['Shoujo'],['J.C.Staff'],['Romance'],['Showbiz']
1116,,Movie,Novel,1,99,G - All Ages,7.17,2900,4164,7899,8175,14,,[],['Triangle Staff'],"['Award Winning', 'Drama']",[]
1117,Pokémon: The Movie 2000,Movie,Game,1,80,PG - Children,7.36,132686,2963,1374,204163,238,,['Kids'],['OLM'],"['Adventure', 'Comedy', 'Fantasy']",[]
1118,Pokémon 3: The Movie,Movie,Game,1,73,PG - Children,7.1,121749,4633,1456,190494,162,,['Kids'],['OLM'],"['Action', 'Adventure', 'Comedy', 'Drama', 'Fantasy']",[]
1119,Pokémon 4Ever,Movie,Game,1,79,PG - Children,6.93,104585,5554,1651,166190,77,,['Kids'],['OLM'],"['Adventure', 'Comedy', 'Drama', 'Fantasy']",[]
1120,Pokémon Heroes,Movie,Game,1,74,PG - Children,7.19,80796,4047,1996,129648,145,,['Kids'],['OLM'],"['Adventure', 'Comedy', 'Drama', 'Fantasy']",[]
1121,Pokémon: Jirachi — Wish Maker,Movie,Game,1,81,PG - Children,6.77,65283,6509,2296,106670,29,,['Kids'],['OLM'],"['Adventure', 'Comedy', 'Drama', 'Fantasy']",[]
1122,Pokémon: Destiny Deoxys,Movie,Game,1,98,PG - Children,7.0,76636,5168,2065,124411,63,,['Kids'],['OLM'],"['Action', 'Adventure', 'Comedy', 'Fantasy', 'Sci-Fi']",[]
1123,Beet the Vandel Buster Excellion,TV,Manga,25,24,PG - Children,6.9,4303,5695,7562,9141,7,2005,['Shounen'],['Toei Animation'],"['Action', 'Adventure', 'Fantasy']",[]
1124,Crest of the Stars: Birth,TV Special,Light novel,1,25,PG-13 - Teens 13 or older,7.03,4423,5002,7424,9566,11,,[],['Sunrise'],"['Romance', 'Sci-Fi']","['Military', 'Space']"
1126,,TV,Original,13,47,PG-13 - Teens 13 or older,7.33,4197,3107,6025,16030,86,2001,[],['OLM'],"['Sci-Fi', 'Slice of Life']",[]
1127,UFO Ultramaiden Valkyrie,TV,Manga,12,23,R+ - Mild Nudity,6.82,8585,6206,5205,23323,54,2002,['Shounen'],['TNK'],"['Comedy', 'Sci-Fi', 'Ecchi']",[]
1128,UFO Ultramaiden Valkyrie 2: December Nocturne,TV,Manga,12,23,R+ - Mild Nudity,7.08,5225,4742,6932,11353,15,2003,['Shounen'],['TNK'],"['Comedy', 'Romance', 'Sci-Fi']",[]
1129,,Special,Manga,1,24,PG-13 - Teens 13 or older,7.01,2024,5132,9930,4489,1,,['Shounen'],['TNK'],"['Comedy', 'Romance', 'Sci-Fi']",[]
1130,Once Upon a Time,Movie,Original,1,100,R+ - Mild Nudity,6.64,4913,7356,6852,11638,34,,[],"['Kaname Productions', 'Idol']","['Action', 'Drama', 'Fantasy', 'Romance', 'Sci-Fi']",[]
1132,Digimon Frontier,TV,Original,50,23,PG - Children,7.19,102395,4029,1638,167258,655,2002,[],['Toei Animation'],"['Action', 'Adventure', 'Comedy', 'Drama', 'Fantasy']",['Isekai']
1133,,TV,Original,26,23,PG-13 - Teens 13 or older,7.18,15605,4119,4432,34011,142,2002,[],['AIC'],"['Comedy', 'Sci-Fi']","['Harem', 'Mecha', 'Space']"
1135,Munto 2: Beyond the Walls of Time,OVA,Original,1,60,PG-13 - Teens 13 or older,6.98,5996,5261,6403,13710,14,,[],['Kyoto Animation'],"['Action', 'Fantasy']",['Super Power']
1136,,TV,Original,26,24,R - 17+ (violence & profanity),6.77,5356,6472,5775,17896,85,1999,[],['Sunrise'],"['Adventure', 'Drama', 'Horror', 'Mystery', 'Sci-Fi']","['Mecha', 'Psychological']"
1137,Shinzo,TV,Original,32,23,PG - Children,7.02,9040,5054,5731,18230,90,2000,[],['Toei Animation'],"['Adventure', 'Drama', 'Fantasy', 'Sci-Fi']",[]
1138,Medabots,TV,Game,52,24,PG - Children,7.15,35225,4305,3148,63994,324,1999,"['Kids', 'Shounen']",['Bee Train'],"['Adventure', 'Comedy', 'Sci-Fi']",[]
1139,,TV,Novel,13,25,PG - Children,5.93,365,11351,14689,1165,4,1998,['Kids'],['Group TAC'],"['Adventure', 'Fantasy']",[]
1140,Origin: Spirits of the Past,Movie,Original,1,94,PG-13 - Teens 13 or older,7.05,37335,4862,2804,78094,207,,[],['Gonzo'],"['Adventure', 'Drama', 'Fantasy', 'Romance', 'Sci-Fi']",[]
1141,A Tree of Palme,Movie,Original,1,136,PG-13 - Teens 13 or older,6.6,3255,7570,7283,10081,37,,[],['Palm Studio'],"['Adventure', 'Drama', 'Fantasy', 'Romance']",[]
1142,Honey and Clover II,TV,Manga,12,23,PG-13 - Teens 13 or older,8.19,56893,462,2054,124989,963,2006,['Josei'],['J.C.Staff'],"['Drama', 'Romance']","['Adult Cast', 'Love Polygon', 'Visual Arts']"
1143,,Special,Original,1,24,PG-13 - Teens 13 or older,6.5,11734,8149,5083,24715,8,,[],['Bee Train'],"['Adventure', 'Fantasy', 'Mystery', 'Sci-Fi']",['Video Game']
1144,Tenchi Forever!,Movie,Original,1,95,R+ - Mild Nudity,7.26,8782,3600,5719,18284,27,,[],['AIC'],"['Drama', 'Romance', 'Sci-Fi']",[]
1145,Kaze no Yojimbo,TV,Original,25,23,R - 17+ (violence & profanity),7.28,3728,3433,5805,17716,49,2001,[],['Studio Pierrot'],"['Action', 'Drama', 'Mystery']",[]
1146,Tenchi Muyo! Ryo-Ohki: The Night Before The Carnival,OVA,Original,1,43,R+ - Mild Nudity,7.37,9270,2913,5734,18213,16,,[],['AIC'],"['Comedy', 'Romance', 'Sci-Fi']",['Harem']
1147,,OVA,Original,1,30,PG-13 - Teens 13 or older,7.27,6221,3530,6454,13451,16,,[],['AIC'],"['Action', 'Comedy', 'Sci-Fi']","['Harem', 'Space']"
1148,Doomed Megalopolis,OVA,Novel,4,42,R+ - Mild Nudity,6.09,3756,10621,6286,14333,46,,[],['Madhouse'],"['Horror', 'Supernatural']",['Historical']
1149,Super Heavy God Gravion Zwei,TV,Original,12,23,R+ - Mild Nudity,6.72,4339,6787,7070,10786,18,2004,[],['Gonzo'],"['Adventure', 'Comedy', 'Sci-Fi']",['Mecha']
1150,Legend of Crystania,OVA,Light novel,3,42,R - 17+ (violence & profanity),6.18,2549,10039,8153,7574,10,,[],['Triangle Staff'],"['Action', 'Adventure', 'Fantasy']",[]
1151,,OVA,Manga,4,37,PG-13 - Teens 13 or older,6.9,8524,5700,5402,21419,62,,[],['Agent 21'],"['Comedy', 'Sci-Fi']",['Mecha']
1152,New Dominion Tank Police,OVA,Manga,6,27,PG-13 - Teens 13 or older,6.96,5596,5389,6366,13855,38,,['Shounen'],['J.C.Staff'],"['Comedy', 'Mystery', 'Sci-Fi']","['Detective', 'Mecha']"
1153,,OVA,Manga,6,51,R+ - Mild Nudity,6.42,4384,8656,6247,14497,51,,['Seinen'],['Toei Animation'],"['Action', 'Drama', 'Romance']","['Martial Arts', 'Organized Crime']"
1154,E.Y.E.S. of Mars,Movie,Unknown,1,75,PG-13 - Teens 13 or older,5.49,623,13280,13004,1835,3,,[],['Toei Animation'],"['Adventure', 'Drama', 'Sci-Fi']",[]
1155,,OVA,Game,6,28,PG-13 - Teens 13 or older,6.43,1285,8612,10887,3363,5,,[],['Gonzo'],"['Adventure', 'Comedy', 'Sci-Fi']",['Space']
1156,Zaion: I Wish You Were Here,TV Special,Original,4,27,R - 17+ (violence & profanity),5.96,4200,11190,6914,11431,17,,[],['Gonzo'],"['Action', 'Drama', 'Mystery', 'Sci-Fi']",[]
1157,,TV,Game,25,24,PG-13 - Teens 13 or older,6.24,17597,9682,4119,39608,88,2001,[],['Gonzo'],"['Action', 'Adventure', 'Fantasy', 'Sci-Fi']",[]
1158,Geobreeders: (File-X) Get Back The Kitty,OVA,Manga,3,30,R+ - Mild Nudity,6.67,1947,7123,9456,5187,6,,['Seinen'],['Chaos Project'],"['Adventure', 'Comedy', 'Supernatural']",[]
1159,Geobreeders: Breakthrough,OVA,Manga,4,25,R+ - Mild Nudity,6.86,1359,5930,11231,3071,3,,['Seinen'],['Chaos Project'],"['Adventure', 'Comedy', 'Sci-Fi']",[]
1160,,Movie,Unknown,1,84,R+ - Mild Nudity,5.71,2116,12407,9316,5403,1,,[],['Studio Junio'],['Sci-Fi'],['Mecha']
1161,Maze: The Mega-Burst Space,TV,Manga,25,24,R+ - Mild Nudity,6.8,2637,6313,7714,8711,13,1997,['Shounen'],['J.C.Staff'],"['Adventure', 'Comedy', 'Fantasy']","['Isekai', 'Magical Sex Shift', 'Mecha']"
1162,Maze: The Mega-Burst Space OVA,OVA,Manga,2,30,R+ - Mild Nudity,6.29,1776,9437,9731,4760,4,,['Shounen'],['J.C.Staff'],"['Adventure', 'Comedy', 'Fantasy']","['Isekai', 'Magical Sex Shift', 'Mecha']"
1163,,TV,Original,48,15,PG-13 - Teens 13 or older,6.81,4127,6255,5546,19816,51,1998,[],['Studio Pierrot'],"['Adventure', 'Horror']",['Mecha']
1164,Rune Soldier,TV,Light novel,24,23,PG-13 - Teens 13 or older,7.25,10371,3651,4989,25853,92,2001,[],['J.C.Staff'],"['Action', 'Adventure', 'Comedy', 'Fantasy']",[]
1165,Sakura Wars,OVA,Game,4,28,PG-13 - Teens 13 or older,6.78,3064,6440,8093,7696,5,,[],['Radix'],"['Adventure', 'Sci-Fi']","['Mecha', 'Performing Arts']"
1166,Sakura Wars 2: Return of the Spirit Warriors,OVA,Game,6,31,PG-13 - Teens 13 or older,7.08,2393,4733,8916,6074,9,,[],['Radix'],"['Adventure', 'Sci-Fi', 'Slice of Life']","['Mecha', 'Performing Arts']"
1167,,TV,Manga,12,24,R - 17+ (violence & profanity),6.12,3352,10382,7124,10621,10,2004,['Seinen'],['Studio Egg'],['Action'],"['Historical', 'Samurai']"
1168,Irresponsible Captain Tylor OVA,OVA,Light novel,10,36,PG-13 - Teens 13 or older,7.36,5163,2960,6904,11462,12,,[],"['Studio Deen', 'Daume']","['Adventure', 'Comedy', 'Drama', 'Sci-Fi']","['Military', 'Space']"
1169,,OVA,Original,3,47,R+ - Mild Nudity,6.71,2709,6873,7945,8008,13,,[],['AIC'],"['Adventure', 'Drama', 'Sci-Fi']",[]
1170,Slayers: The Book of Spells,OVA,Light novel,3,29,PG-13 - Teens 13 or older,7.37,11111,2906,5322,22186,23,,[],['J.C.Staff'],"['Adventure', 'Comedy', 'Fantasy']",[]
1171,Slayers Excellent,OVA,Light novel,3,29,PG-13 - Teens 13 or older,7.33,11215,3148,5243,22904,17,,[],['J.C.Staff'],"['Adventure', 'Comedy', 'Fantasy']",[]
1172,,TV,Light novel,26,23,PG-13 - Teens 13 or older,7.84,31768,1094,3263,59825,246,1997,[],['E&G Films'],"['Action', 'Adventure', 'Comedy', 'Fantasy']",[]
1174,Munto,OVA,Original,1,54,PG-13 - Teens 13 or older,6.76,8426,6567,5283,22593,55,,[],['Kyoto Animation'],"['Fantasy', 'Romance']",[]
1175,Metal Fighter Miku,TV,Original,13,22,PG-13 - Teens 13 or older,6.62,1949,7434,8644,6526,10,1994,[],['J.C.Staff'],"['Comedy', 'Sci-Fi', 'Sports']",['Combat Sports']
1176,Mask of Zeguy,OVA,Original,2,36,R - 17+ (violence & profanity),6.32,1319,9344,10790,3458,2,,[],['KSS'],"['Action', 'Adventure', 'Fantasy']",[]
1177,,OVA,Manga,4,28,R - 17+ (violence & profanity),6.86,19880,5913,3708,47790,682,,['Seinen'],['J.C.Staff'],"['Horror', 'Sci-Fi']","['Psychological', 'School']"
1178,Detonator Orgun,OVA,Original,3,52,R+ - Mild Nudity,6.55,3272,7865,7920,8091,19,,[],"['AIC', 'Artmic']",['Sci-Fi'],['Mecha']
1179,Shingu: Secret of the Stellar Wars,TV,Original,26,25,PG-13 - Teens 13 or older,7.13,2384,4404,7682,8787,30,2001,[],['Madhouse'],"['Adventure', 'Sci-Fi', 'Supernatural']","['Mecha', 'Space']"
1180,,TV,Manga,25,24,R - 17+ (violence & profanity),7.34,4151,3049,6375,13827,62,1997,[],['Studio Pierrot'],"['Action', 'Comedy', 'Fantasy', 'Romance', 'Sci-Fi']",[]
1181,Ruin Explorers Fam & Ihrie,OVA,Manga,4,29,R+ - Mild Nudity,6.84,5022,6049,6317,14166,25,,[],['Ajia-do'],"['Action', 'Adventure', 'Comedy', 'Fantasy']",[]
1182,,OVA,Original,6,28,PG-13 - Teens 13 or older,6.78,5827,6446,5827,17527,81,,[],['Triangle Staff'],"['Action', 'Fantasy', 'Romance']",[]
1183,Variable Geo,OVA,Game,3,27,R+ - Mild Nudity,5.8,2573,12044,8241,7332,14,,[],['Chaos Project'],"['Action', 'Ecchi']","['Martial Arts', 'Super Power']"
1184,,TV,Light novel,26,22,PG-13 - Teens 13 or older,7.14,7821,4361,5568,19632,63,1998,[],['E&G Films'],"['Adventure', 'Comedy', 'Drama', 'Sci-Fi']",['Space']
1185,Battle Athletes,OVA,Original,6,32,PG-13 - Teens 13 or older,6.48,2433,8268,8460,6884,7,,[],['AIC'],"['Comedy', 'Sci-Fi', 'Sports', 'Ecchi']",['Space']
1186,Battle Athletes Victory,TV,Original,26,22,PG - Children,6.99,3982,5196,6982,11161,34,1997,[],['AIC'],"['Adventure', 'Sci-Fi', 'Sports']",['School']
1187,,OVA,Manga,3,23,PG-13 - Teens 13 or older,6.53,7888,7985,6166,15077,6,,['Shounen'],['Madhouse'],"['Comedy', 'Drama', 'Sci-Fi']",['Time Travel']
1188,,TV,4-koma manga,23,6,PG-13 - Teens 13 or older,6.48,1263,8296,10516,3739,3,1998,['Seinen'],['Studio Deen'],['Comedy'],[]
1189,,TV,Manga,26,24,PG-13 - Teens 13 or older,6.72,3028,6795,8021,7848,11,1999,['Shounen'],['Studio Deen'],"['Action', 'Adventure', 'Fantasy', 'Romance', 'Sci-Fi']",[]
1190,Prince of Tennis: A Day of the Survival Mountain,OVA,Manga,1,30,PG-13 - Teens 13 or older,7.34,8616,3079,5972,16442,22,,['Shounen'],['Production I.G'],['Sports'],[]
1191,,OVA,Novel,6,27,PG-13 - Teens 13 or older,7.28,7027,3451,6451,13466,15,,[],['HAL Film Maker'],"['Comedy', 'Romance', 'Sci-Fi']","['Harem', 'Mecha']"
1192,Kakurenbo: Hide & Seek,Movie,Original,1,24,PG-13 - Teens 13 or older,6.6,20424,7552,4098,39842,106,,[],['Yamato Works'],"['Horror', 'Supernatural']",['Psychological']
1193,,TV,Light novel,13,24,PG - Children,6.57,2327,7736,8623,6570,8,2005,[],['Studio Hibari'],"['Comedy', 'Fantasy']",['School']
1194,,TV,Original,12,24,PG-13 - Teens 13 or older,6.72,9631,6790,5221,23144,39,2006,[],['ufotable'],"['Action', 'Adventure', 'Sci-Fi']",['Space']
1195,The Familiar of Zero,TV,Light novel,13,23,PG-13 - Teens 13 or older,7.21,486710,3946,245,870510,8199,2006,[],['J.C.Staff'],"['Action', 'Adventure', 'Comedy', 'Fantasy', 'Romance', 'Ecchi']","['Harem', 'Isekai', 'School']"
1196,,TV,Manga,12,5,PG-13 - Teens 13 or older,7.12,3773,4489,7106,10685,59,2005,['Shounen'],['Artland'],['Comedy'],['Gag Humor']
1198,,TV,Visual novel,12,25,PG-13 - Teens 13 or older,6.57,8247,7781,5392,21526,23,2006,[],"['Trinet Entertainment', 'Studio Hibari']","['Comedy', 'Romance']",['School']
1199,Ninjaboy Rantaro,TV,Manga,,10,G - All Ages,7.11,2692,4563,7717,8714,88,1993,['Kids'],"['Ajia-do', 'Gakken']",['Comedy'],[]
1200,Gun Samurai,TV,Original,26,25,PG-13 - Teens 13 or older,5.43,1431,13443,7483,9373,23,2006,[],['ACC Production'],"['Adventure', 'Fantasy']",['Samurai']
1202,,OVA,Game,1,24,PG-13 - Teens 13 or older,6.13,7036,10295,6321,14166,14,,[],['Trans Arts'],"['Action', 'Adventure', 'Fantasy', 'Sci-Fi']",[]
1203,,Movie,Other,1,99,PG - Children,7.26,3673,3588,7141,10556,18,,[],['WAO World'],['Drama'],"['Historical', 'Music', 'Performing Arts']"
1204,Glassy Ocean,Movie,Original,1,22,G - All Ages,6.59,4354,7620,7094,10723,43,,['Kids'],['Project Team Sarah'],"['Award Winning', 'Drama', 'Fantasy']",[]
1205,A Traveller's Diary,ONA,Original,6,3,G - All Ages,7.06,12528,4799,4806,28357,131,,[],['Robot Communications'],"['Adventure', 'Fantasy']",[]
1206,Spring and Chaos,Movie,Novel,1,56,PG-13 - Teens 13 or older,7.49,3888,2291,6959,11243,65,,[],['Group TAC'],['Drama'],"['Anthropomorphic', 'Historical']"
1207,Fantasy of a Kitten,Movie,Manga,1,96,G - All Ages,7.0,2758,5184,8020,7847,30,,['Shoujo'],['Mushi Production'],"['Drama', 'Fantasy', 'Romance']","['Pets', 'Psychological']"
1208,Taro the Dragon Boy,Movie,Novel,1,75,G - All Ages,6.97,2071,5330,9566,5012,10,,[],['Toei Animation'],"['Adventure', 'Fantasy']","['Historical', 'Mythology']"
1209,Nasu: Summer in Andalusia,Movie,Manga,1,46,PG-13 - Teens 13 or older,6.97,5013,5321,6742,12107,14,,['Seinen'],['Madhouse'],['Sports'],['Racing']
1210,Welcome to the N.H.K.,TV,Novel,24,23,R+ - Mild Nudity,8.32,373378,310,265,836821,30271,2006,[],['Gonzo'],"['Comedy', 'Drama', 'Romance']",['Psychological']
1211,,Movie,Original,1,114,R+ - Mild Nudity,7.77,9644,1271,5429,21121,109,,[],['Triangle Staff'],"['Adventure', 'Romance', 'Sci-Fi']","['Mecha', 'Military', 'Space']"
1212,,TV,Original,26,25,PG - Children,7.51,26202,2211,3381,56081,568,2006,[],['HAL Film Maker'],"['Adventure', 'Sci-Fi']","['Mecha', 'Racing']"
1214,,TV,Manga,10,24,G - All Ages,6.99,7948,5193,5099,24489,45,2006,['Seinen'],['Toei Animation'],['Slice of Life'],[]
1215,Mobile Suit Gundam SEED C.E.73: Stargazer,ONA,Original,3,16,PG-13 - Teens 13 or older,7.15,13958,4295,4966,26116,48,,[],['Sunrise'],['Sci-Fi'],"['Mecha', 'Military', 'Space']"
1216,I Shall Never Return,OVA,Manga,1,28,PG-13 - Teens 13 or older,5.39,5309,13569,7109,10679,6,,[],['J.C.Staff'],"['Boys Love', 'Drama']",[]
1217,,OVA,Manga,1,30,PG-13 - Teens 13 or older,6.32,4376,9281,7566,9126,9,,['Shoujo'],['Horannabi'],"['Boys Love', 'Comedy', 'Drama']",[]
1218,,TV,Manga,13,23,PG-13 - Teens 13 or older,6.71,24405,6925,3487,53191,56,2006,['Shounen'],['Daume'],"['Comedy', 'Romance', 'Ecchi']",['School']
1219,,TV,Manga,24,23,R+ - Mild Nudity,6.81,9107,6227,5222,23139,41,2006,['Seinen'],['Nomad'],"['Comedy', 'Drama', 'Romance', 'Ecchi']",[]
1220,Hoshizora Kiseki,ONA,Original,1,27,PG-13 - Teens 13 or older,5.7,5144,12471,6640,12604,8,,[],['CoMix Wave Films'],"['Romance', 'Sci-Fi']",[]
1221,Powerpuff Girls Z,TV,Other,52,24,PG - Children,6.52,16634,8041,4114,39649,200,2006,[],['Toei Animation'],['Action'],"['Mahou Shoujo', 'School']"
1222,We Were There,TV,Manga,26,25,PG-13 - Teens 13 or older,7.24,103448,3687,1175,242288,1961,2006,['Shoujo'],['Artland'],"['Drama', 'Romance']",['Love Polygon']
1223,,ONA,Original,1,6,G - All Ages,5.74,5388,12247,7451,9479,4,,[],[],['Romance'],[]
1224,Aquarian Age: Sign for Evolution,TV,Card game,13,24,PG-13 - Teens 13 or older,6.14,5025,10242,6207,14808,13,2002,[],['Madhouse'],"['Action', 'Adventure', 'Fantasy', 'Romance', 'Sci-Fi']","['Music', 'Super Power']"
1225,3x3 Eyes: Legend of the Divine Demon,OVA,Manga,3,48,R+ - Mild Nudity,6.95,8156,5404,5919,16836,46,,['Seinen'],['Studio Junio'],"['Action', 'Adventure', 'Horror', 'Romance', 'Supernatural']","['Gore', 'Mythology']"
1226,Angel Links,TV,Novel,13,24,PG-13 - Teens 13 or older,6.09,3590,10551,6898,11468,7,1999,[],['Sunrise'],"['Action', 'Adventure', 'Comedy', 'Drama', 'Romance', 'Sci-Fi']",['Space']
1227,Shuten Doji - The Star Hand Kid,OVA,Manga,4,50,R+ - Mild Nudity,6.15,1558,10226,9820,4633,4,,['Shounen'],['Studio Signal'],"['Horror', 'Sci-Fi', 'Supernatural']","['Historical', 'Mythology', 'Space']"
1228,Sorcerer on the Rocks,OVA,Manga,2,27,R+ - Mild Nudity,6.11,1976,10410,9698,4806,3,,[],['Daume'],"['Action', 'Comedy', 'Fantasy', 'Ecchi']",[]
1230,,TV,Original,12,23,PG-13 - Teens 13 or older,6.8,10928,6297,4768,28821,52,2006,[],"[""Brain's Base""]","['Adventure', 'Drama', 'Sci-Fi']","['Mecha', 'Military']"
1231,,TV,Unknown,26,25,PG-13 - Teens 13 or older,7.33,8345,3139,5944,16633,41,1998,[],['HAL Film Maker'],"['Adventure', 'Comedy', 'Sci-Fi']","['Harem', 'Mecha']"
1232,Saber Marionette R,OVA,Original,3,28,R+ - Mild Nudity,6.63,4355,7397,7257,10161,6,,[],"['animate Film', 'Zero-G Room']","['Comedy', 'Sci-Fi']","['Harem', 'Mecha']"
1233,801 T.T.S. Airbats,OVA,Manga,7,27,R+ - Mild Nudity,6.63,3859,7361,7092,10724,33,,['Shounen'],['Studio Fantasia'],"['Action', 'Comedy', 'Romance']",['Military']
1234,,OVA,Original,1,25,PG-13 - Teens 13 or older,5.95,1930,11235,9572,5007,2,,[],['Tokyo Kids'],"['Comedy', 'Romance', 'Sci-Fi', 'Ecchi']",[]
1235,Ichitaka's Delusion Diary,Special,Manga,5,1,R+ - Mild Nudity,6.32,3667,9262,8177,7535,2,,[],"['Studio Pierrot', 'Arms']","['Comedy', 'Romance', 'Ecchi']",[]
1236,Spaceketeers,TV,Original,73,25,G - All Ages,7.28,1358,3454,10613,3632,22,1978,[],['Toei Animation'],"['Adventure', 'Sci-Fi']","['Mecha', 'Space']"
1237,"One Piece: Open Upon the Great Sea! A Father's Huge, HUGE Dream!",TV Special,Manga,1,46,PG-13 - Teens 13 or older,7.16,17471,4249,4296,36343,17,,['Shounen'],['Toei Animation'],"['Action', 'Adventure', 'Fantasy']",[]
1238,One Piece: Protect! The Last Great Performance,TV Special,Manga,1,45,PG-13 - Teens 13 or older,7.28,16513,3445,4374,35020,11,,['Shounen'],['Toei Animation'],"['Action', 'Adventure', 'Fantasy']",[]
1239,Sailor Moon SuperS,TV,Manga,39,24,PG-13 - Teens 13 or older,7.66,66240,1582,1989,130242,591,1995,['Shoujo'],['Toei Animation'],['Romance'],['Mahou Shoujo']
1240,Sailor Moon SuperS the Movie: Black Dream Hole,Movie,Manga,1,60,PG-13 - Teens 13 or older,7.55,23364,2000,3875,44435,65,,['Shoujo'],['Toei Animation'],['Drama'],['Mahou Shoujo']
1241,Mobile Suit Gundam SEED Destiny Final Plus: The Chosen Future,TV Special,Original,1,46,R - 17+ (violence & profanity),7.37,13631,2890,4992,25847,52,,[],['Sunrise'],"['Drama', 'Sci-Fi']","['Mecha', 'Military', 'Space']"
1243,,TV,Other,24,24,R - 17+ (violence & profanity),6.77,10744,6506,4451,33664,74,2006,[],['Bee Media'],"['Drama', 'Mystery', 'Sci-Fi', 'Suspense']","['Psychological', 'Super Power']"
1244,Guardian of Darkness,OVA,Original,3,42,R - 17+ (violence & profanity),6.15,1193,10165,10977,3285,2,,[],['J.C.Staff'],"['Drama', 'Sci-Fi', 'Supernatural']",['Mecha']
1245,Twilight of the Dark Master,OVA,Manga,1,45,R+ - Mild Nudity,5.91,5187,11476,6308,14234,27,,['Shoujo'],['Madhouse'],"['Action', 'Drama', 'Horror', 'Sci-Fi', 'Supernatural']",['Mythology']
1246,Yugo The Negotiator,TV,Manga,13,24,R - 17+ (violence & profanity),7.16,4385,4271,6200,14846,32,2004,['Seinen'],"['Artland', 'G&G Direction']","['Action', 'Drama', 'Mystery', 'Suspense']","['Military', 'Psychological']"
1247,Project Blue Earth SOS,TV,Other,6,45,PG-13 - Teens 13 or older,6.59,1288,7635,9835,4609,8,2006,[],['A.C.G.T.'],"['Adventure', 'Comedy', 'Sci-Fi']",[]
1248,Zone of the Enders: 2167 Idolo,OVA,Game,1,55,PG-13 - Teens 13 or older,6.92,4868,5622,6937,11310,14,,[],['Sunrise'],"['Drama', 'Romance', 'Sci-Fi']","['Mecha', 'Military', 'Space']"
1249,Zone of the Enders: Dolores,TV,Game,26,24,PG-13 - Teens 13 or older,6.99,4670,5225,6313,14204,40,2001,[],['Sunrise'],"['Adventure', 'Comedy', 'Sci-Fi']","['Mecha', 'Military', 'Space']"
1250,Elemental Gelade,TV,Manga,26,24,PG-13 - Teens 13 or older,7.26,46680,3552,2390,100982,471,2005,['Shounen'],['Xebec'],"['Action', 'Adventure', 'Fantasy', 'Romance']",[]
1251,Nadia: The Secret of Blue Water,TV,Original,39,25,PG-13 - Teens 13 or older,7.57,22654,1925,2751,80318,609,1990,[],"['Gainax', 'Group TAC', 'Dongwoo A&E']","['Adventure', 'Comedy', 'Romance', 'Sci-Fi']",['Historical']
1252,Nadia: The Secret of Blue Water - The Motion Picture,Movie,Original,1,87,PG-13 - Teens 13 or older,5.34,3273,13706,7350,9843,6,,[],"['Gainax', 'Group TAC', 'Dongwoo A&E']","['Action', 'Adventure', 'Drama', 'Mystery', 'Romance', 'Sci-Fi']",['Historical']
1253,Saint Seiya: The Hades Chapter - Inferno,OVA,Manga,12,24,PG-13 - Teens 13 or older,7.8,33960,1192,3392,55726,175,,['Shounen'],['Toei Animation'],"['Action', 'Adventure', 'Fantasy', 'Sci-Fi']",['Mythology']
1254,Saint Seiya: Knights of the Zodiac,TV,Manga,114,24,PG-13 - Teens 13 or older,7.78,109255,1251,1364,205192,4367,1986,['Shounen'],['Toei Animation'],"['Action', 'Adventure', 'Fantasy', 'Sci-Fi']",['Mythology']
1255,Saint Seiya: Legend of Crimson Youth,Movie,Manga,1,74,PG-13 - Teens 13 or older,7.25,10054,3666,5775,17912,34,,['Shounen'],['Toei Animation'],"['Adventure', 'Fantasy', 'Sci-Fi']",[]
1256,Saint Seiya: Evil Goddess Eris,Movie,Manga,1,45,PG-13 - Teens 13 or older,6.83,12442,6134,5416,21284,17,,['Shounen'],['Toei Animation'],"['Adventure', 'Sci-Fi']",[]
1257,Saint Seiya: The Hades Chapter - Sanctuary,OVA,Manga,13,29,PG-13 - Teens 13 or older,8.09,38486,621,3156,63666,415,,['Shounen'],['Toei Animation'],"['Action', 'Adventure', 'Fantasy', 'Sci-Fi']",['Mythology']
1258,Saint Seiya: The Heated Battle of the Gods,Movie,Manga,1,45,PG-13 - Teens 13 or older,6.91,11038,5669,5582,19514,23,,['Shounen'],['Toei Animation'],"['Adventure', 'Sci-Fi']",[]
1259,Saint Seiya: The Heaven Chapter - Overture,Movie,Manga,1,83,PG-13 - Teens 13 or older,7.24,15479,3738,4922,26663,70,,['Shounen'],['Toei Animation'],"['Action', 'Adventure', 'Fantasy', 'Sci-Fi']",['Mythology']
1260,Saint Seiya: Warriors of the Final Holy Battle,Movie,Manga,1,44,PG-13 - Teens 13 or older,6.8,10226,6319,5713,18354,19,,['Shounen'],['Toei Animation'],"['Adventure', 'Sci-Fi']",[]
1261,Samurai Pizza Cats,TV,Original,54,24,G - All Ages,7.26,6763,3570,6076,15686,71,1990,[],['Tatsunoko Production'],"['Comedy', 'Sci-Fi']","['Anthropomorphic', 'Mecha', 'Super Power']"
1262,Super Dimensional Fortress Macross II: Lovers Again,OVA,Original,6,24,PG-13 - Teens 13 or older,6.36,7371,9024,6123,15380,28,,[],"['AIC', 'ONIRO']","['Adventure', 'Sci-Fi']","['Mecha', 'Military', 'Space']"
1263,Wet Summer Days,OVA,Visual novel,3,27,Rx - Hentai,6.55,2398,,8671,6481,7,,[],['APPP'],"['Drama', 'Fantasy', 'Hentai']",[]
1264,Samurai Troopers,TV,Original,39,23,PG-13 - Teens 13 or older,7.18,10498,4132,5365,21762,184,1988,[],['Sunrise'],"['Adventure', 'Sci-Fi']",['Samurai']
1265,Ronin Warriors Gaiden,OVA,Original,2,25,PG-13 - Teens 13 or older,6.86,1836,5966,10007,4393,8,,[],['Sunrise'],"['Adventure', 'Fantasy']",['Samurai']
1266,Ronin Warriors Legend of Kikoutei,OVA,Original,4,26,PG-13 - Teens 13 or older,6.89,1576,5796,10475,3795,5,,[],['Sunrise'],"['Adventure', 'Fantasy']",['Samurai']
1267,Ronin Warriors Message,OVA,Original,5,26,PG-13 - Teens 13 or older,6.39,1441,8868,10647,3597,4,,[],['Sunrise'],"['Adventure', 'Fantasy']",['Samurai']
1268,Aquarian Age: The Movie,OVA,Card game,1,60,PG-13 - Teens 13 or older,6.13,1426,10291,10135,4222,1,,[],['Madhouse'],"['Action', 'Fantasy']",['Super Power']
1269,,OVA,Manga,1,58,R+ - Mild Nudity,6.06,7513,10708,5772,17910,21,,['Seinen'],['Madhouse'],"['Action', 'Fantasy', 'Horror']","['Gore', 'Mythology']"
1270,,OVA,Manga,1,48,R - 17+ (violence & profanity),6.55,9497,7853,5350,21895,34,,[],"['AIC', 'animate Film']",['Sci-Fi'],"['Mecha', 'Military']"
1271,Very Private Lesson,OVA,Manga,2,39,R+ - Mild Nudity,5.4,2511,13552,8591,6628,7,,['Seinen'],['AIC'],"['Comedy', 'Romance', 'Ecchi']",['School']
1272,La Blue Girl,OVA,Manga,6,45,Rx - Hentai,6.27,3721,,7351,9836,40,,[],['Studio Kikan'],"['Supernatural', 'Hentai']",['Mythology']
1273,La Blue Girl Returns,OVA,Manga,4,29,Rx - Hentai,6.11,2065,,9216,5548,11,,[],['Arms'],"['Supernatural', 'Hentai']",['Mythology']
1274,Lady Blue,OVA,Manga,4,30,Rx - Hentai,6.15,1382,,10043,4348,12,,[],['Arms'],"['Supernatural', 'Hentai']",['Mythology']
1275,Can Can Bunny,OVA,Visual novel,6,28,Rx - Hentai,6.57,1668,,9831,4618,5,,[],['Triple X'],"['Fantasy', 'Hentai']",[]
1276,,OVA,Game,7,26,PG-13 - Teens 13 or older,6.78,3658,6471,7320,9952,13,,[],"['Tokyo Kids', 'Urban Product']","['Action', 'Adventure', 'Drama', 'Fantasy']",[]
1277,Ys II: Castle in the Heavens,OVA,Game,4,30,PG-13 - Teens 13 or older,7.07,2790,4793,8635,6551,7,,[],['Tokyo Kids'],"['Action', 'Adventure', 'Drama', 'Fantasy']",[]
1278,Sailor Moon SuperS Plus: Ami's First Love,Special,Manga,1,15,PG-13 - Teens 13 or older,7.34,13401,3036,4827,28021,17,,['Shoujo'],['Toei Animation'],"['Comedy', 'Romance']",['Mahou Shoujo']
1279,The Mysterious Cities of Gold,TV,Novel,39,27,PG-13 - Teens 13 or older,7.78,6388,1254,5998,16254,133,1982,[],['Studio Pierrot'],"['Adventure', 'Sci-Fi']",['Historical']
1280,Devil Hunter Yohko,OVA,Original,5,37,R+ - Mild Nudity,6.41,5581,8735,6042,15895,34,,['Seinen'],['Madhouse'],"['Comedy', 'Horror', 'Supernatural']",[]
1281,Ghost Stories,TV,Novel,19,23,PG-13 - Teens 13 or older,7.76,106758,1286,1121,252494,2420,2000,[],['Studio Pierrot'],"['Horror', 'Mystery', 'Supernatural']",[]
1283,Gestalt,OVA,Manga,2,29,PG-13 - Teens 13 or older,6.31,2392,9302,9463,5186,5,,[],['Tokyo Kids'],"['Adventure', 'Comedy', 'Fantasy']",[]
1284,Jewel BEM Hunter Lime,OVA,Visual novel,3,27,PG-13 - Teens 13 or older,6.56,1567,7805,10462,3806,3,,[],['Ashi Productions'],"['Comedy', 'Fantasy']",[]
1285,M.D. Geist,OVA,Original,1,44,R+ - Mild Nudity,5.42,8937,13486,5596,19404,89,,[],"['Zero-G Room', 'Production Wave']",['Sci-Fi'],"['Adult Cast', 'Gore', 'Mecha', 'Military']"
1286,M.D. Geist: Death Force,OVA,Original,1,47,R+ - Mild Nudity,5.18,5503,14062,7340,9859,22,,[],['Zero-G Room'],['Sci-Fi'],"['Adult Cast', 'Gore', 'Mecha', 'Military']"
1287,Odin: Starlight Mutiny,Movie,Original,1,139,PG-13 - Teens 13 or older,5.58,1706,12980,9999,4404,3,,[],['Toei Animation'],"['Action', 'Adventure', 'Drama', 'Sci-Fi']",['Space']
1288,Patlabor: The Mobile Police,OVA,Original,7,28,PG-13 - Teens 13 or older,7.34,16626,3052,3785,46177,262,,[],['Studio Deen'],"['Comedy', 'Sci-Fi']","['Adult Cast', 'Mecha', 'Workplace']"
1289,Mobile Police Patlabor: The New Files,OVA,Original,16,25,PG-13 - Teens 13 or older,7.67,4669,1563,6510,13179,42,,[],['Sunrise'],"['Comedy', 'Sci-Fi']","['Adult Cast', 'Mecha', 'Workplace']"
1290,Patlabor Movie 3: WXIII,Movie,Original,1,100,R - 17+ (violence & profanity),6.69,6681,7040,6229,14631,24,,[],['Madhouse'],"['Mystery', 'Sci-Fi']","['Detective', 'Mecha']"
1292,Afro Samurai,TV,Manga,5,26,R+ - Mild Nudity,7.38,217835,2827,658,412147,2156,2007,[],['Gonzo'],"['Action', 'Adventure']","['Gore', 'Samurai']"
1293,Urusei Yatsura,TV,Manga,195,25,PG-13 - Teens 13 or older,7.81,21687,1170,2403,99680,1358,1981,['Shounen'],"['Studio Pierrot', 'Studio Deen']","['Comedy', 'Romance', 'Sci-Fi']",[]
1295,Project A-ko: Uncivil Wars,OVA,Original,2,50,R+ - Mild Nudity,6.42,3110,8642,8334,7142,4,,[],"['Studio Fantasia', 'Studio Signal']","['Action', 'Adventure', 'Comedy', 'Romance', 'Sci-Fi']",['Super Power']
1296,Project A-Ko 2: Plot of the Daitokuji Financial Group,OVA,Original,1,48,PG-13 - Teens 13 or older,6.65,4503,7277,7707,8723,3,,[],['APPP'],"['Comedy', 'Sci-Fi']","['Mecha', 'Super Power']"
1297,,OVA,Original,1,45,R+ - Mild Nudity,6.55,3929,7895,8094,7700,5,,[],['Studio Fantasia'],"['Comedy', 'Sci-Fi']","['Mecha', 'Super Power']"
1298,Project A-ko: Love & Robots,OVA,Original,1,53,R+ - Mild Nudity,6.6,3650,7566,8216,7410,2,,[],['Studio Fantasia'],"['Comedy', 'Sci-Fi']","['Mecha', 'Super Power']"
1299,,ONA,Original,13,24,PG-13 - Teens 13 or older,7.2,5432,3963,5085,24686,87,,[],['The Answer Studio'],[],"['Adult Cast', 'Mecha', 'Military']"
1300,,TV,Manga,24,10,PG - Children,6.91,1714,5663,9323,5392,6,1999,['Shounen'],['APPP'],['Comedy'],[]
1301,Galaxy Express 999,Movie,Manga,1,128,PG-13 - Teens 13 or older,7.61,9281,1770,5140,24030,180,,[],['Toei Animation'],"['Adventure', 'Drama', 'Fantasy', 'Sci-Fi']",['Space']
1302,Adieu Galaxy Express 999,Movie,Manga,1,130,PG-13 - Teens 13 or older,7.31,4427,3262,6962,11229,26,,[],['Toei Animation'],"['Adventure', 'Drama', 'Sci-Fi']",['Space']
1303,The Animatrix,OVA,Other,9,10,R - 17+ (violence & profanity),7.31,48055,3274,2505,93541,301,,[],"['Madhouse', 'Studio 4°C', 'Square Pictures']","['Action', 'Drama', 'Sci-Fi']",[]
1311,Chobits: Hibiya and Kotoko Chat,Special,Manga,1,24,PG-13 - Teens 13 or older,6.93,20783,5528,4133,39326,43,,[],['Madhouse'],"['Comedy', 'Drama', 'Romance', 'Sci-Fi', 'Ecchi']",[]
1312,Dai-Guard: Terrestrial Defense Corp.,TV,Original,26,23,PG-13 - Teens 13 or older,7.28,3602,3414,6972,11203,34,1999,[],['Xebec'],"['Adventure', 'Comedy', 'Sci-Fi']","['Mecha', 'Military']"
1313,Digimon Adventure 02,TV,Original,50,25,PG - Children,7.25,149862,3621,1213,233843,814,2000,['Kids'],['Toei Animation'],"['Action', 'Adventure', 'Comedy', 'Fantasy']",['Isekai']
1314,DT Eightron,TV,Original,26,25,PG-13 - Teens 13 or older,6.9,968,5700,11031,3247,8,1998,[],['Sunrise'],"['Action', 'Sci-Fi']",[]
1316,Idaten Jump,TV,Manga,52,24,G - All Ages,7.47,13896,2386,5155,23892,245,2005,[],['Trans Arts'],"['Fantasy', 'Sports']","['Isekai', 'Racing', 'School']"
1317,The Illusionary Golden Bowl,Special,Manga,1,29,PG - Children,6.61,3881,7494,7544,9179,8,,['Shounen'],['Production I.G'],['Sports'],['Team Sports']
1324,Earthian,OVA,Manga,4,35,R - 17+ (violence & profanity),6.03,4153,10862,6721,12172,25,,['Shoujo'],['J.C.Staff'],"['Boys Love', 'Drama']",[]
1325,Violinist of Hamelin,TV,Manga,25,24,PG-13 - Teens 13 or older,6.67,2128,7125,8104,7690,25,1996,[],['Studio Deen'],"['Adventure', 'Drama', 'Fantasy']",[]
1327,Blue Legend Shoot!,TV,Manga,58,24,PG-13 - Teens 13 or older,7.51,7384,2186,5893,16997,73,1993,['Shounen'],['Toei Animation'],"['Romance', 'Sports']","['Love Polygon', 'School', 'Team Sports']"
1328,One Pound Gospel,OVA,Manga,1,50,PG-13 - Teens 13 or older,6.45,3449,8442,8461,6888,2,,['Seinen'],['Gallop'],"['Comedy', 'Romance', 'Sports']",['Combat Sports']
1329,Rail of the Star: A True Story of Children,Movie,Novel,1,75,G - All Ages,6.96,1259,5370,10035,4358,5,,[],['Madhouse'],['Drama'],['Historical']
1331,,OVA,Manga,3,25,Rx - Hentai,6.12,2888,,8573,6681,11,,[],['AIC'],"['Action', 'Adventure', 'Comedy', 'Fantasy', 'Hentai']",[]
1332,The Elven Bride,OVA,Manga,2,26,Rx - Hentai,5.9,1546,,10361,3950,5,,[],['AIC'],"['Fantasy', 'Hentai']",[]
1333,Noozles,TV,Original,26,25,G - All Ages,6.06,469,10716,14160,1335,2,1984,['Kids'],['Nippon Animation'],"['Adventure', 'Comedy', 'Fantasy']",[]
1335,Ghost in the Shell: Stand Alone Complex: Tachikomatic Days,Special,Manga,26,1,PG - Children,7.11,12672,4550,4903,27074,36,,[],['Production I.G'],"['Comedy', 'Sci-Fi']",['Mecha']
1336,The Guyver: Bio-Booster Armor,OVA,Manga,6,25,R+ - Mild Nudity,7.05,4869,4878,7306,9992,41,,['Shounen'],['Visual 80'],"['Action', 'Horror', 'Sci-Fi']","['Gore', 'Super Power']"
1337,,TV,Manga,25,25,PG-13 - Teens 13 or older,6.84,1279,6045,9505,5132,4,1973,['Shounen'],['Toei Animation'],"['Comedy', 'Horror', 'Supernatural']",['Mythology']
1338,Tokyo Revelation,OVA,Manga,2,30,R - 17+ (violence & profanity),5.59,3500,12960,7572,9098,24,,[],['J.C.Staff'],"['Action', 'Horror', 'Sci-Fi', 'Supernatural']",['Mythology']
1339,,OVA,Manga,11,24,Rx - Hentai,6.4,3074,,7730,8665,25,,[],[],['Hentai'],[]
1340,Judge,OVA,Manga,1,48,R - 17+ (violence & profanity),5.65,2351,12745,9532,5068,6,,['Seinen'],"['J.C.Staff', 'animate Film']","['Horror', 'Supernatural']",[]
1341,Violence Jack: Slumking,OVA,Manga,1,37,R+ - Mild Nudity,5.32,7308,13774,6072,15735,17,,['Shounen'],['Ashi Productions'],"['Action', 'Drama', 'Horror']",['Gore']
1342,Violence Jack: Evil Town,OVA,Manga,1,58,R+ - Mild Nudity,5.7,6687,12497,6378,13835,24,,['Shounen'],['Studio 88'],"['Action', 'Drama', 'Horror']",['Gore']
1343,Violence Jack: Hell's Wind,OVA,Manga,1,54,R+ - Mild Nudity,5.65,5749,12743,6966,11230,10,,['Shounen'],['Studio 88'],"['Action', 'Drama', 'Horror']",['Gore']
1344,8 Man After,OVA,Manga,4,28,R - 17+ (violence & profanity),6.46,2513,8396,9042,5862,9,,[],"['J.C.Staff', 'Sanctuary']","['Action', 'Drama', 'Sci-Fi']",[]
1345,Psychic Wars,OVA,Novel,1,54,R+ - Mild Nudity,3.26,2697,14975,9271,5477,3,,[],['Toei Animation'],"['Action', 'Fantasy']","['Mythology', 'Super Power', 'Time Travel']"
1346,AD Police Files,OVA,Original,3,27,R+ - Mild Nudity,6.39,8443,8813,5303,22342,33,,[],"['AIC', 'Artmic']","['Adventure', 'Horror', 'Mystery', 'Sci-Fi', 'Suspense']","['Adult Cast', 'Detective', 'Gore', 'Mecha', 'Psychological']"
1347,,OVA,Original,8,40,R+ - Mild Nudity,7.39,18873,2780,3098,65559,625,,[],"['AIC', 'Artmic']","['Adventure', 'Sci-Fi']","['Adult Cast', 'Mecha']"
1348,,OVA,Original,3,45,PG-13 - Teens 13 or older,6.72,6314,6788,6118,15410,20,,[],"['Artmic', 'Darts']","['Adventure', 'Sci-Fi']","['Adult Cast', 'Mecha']"
1349,A.D. Police: To Protect and Serve,TV,Original,12,24,PG-13 - Teens 13 or older,6.07,5044,10636,6325,14138,22,1999,[],['Plum'],['Sci-Fi'],"['Adult Cast', 'Mecha']"
1350,,OVA,Original,3,30,R+ - Mild Nudity,6.67,7263,7147,5071,24873,49,,[],['AIC'],['Sci-Fi'],"['Gore', 'Mecha']"
1351,,OVA,Original,6,29,R+ - Mild Nudity,6.07,9312,10639,4787,28550,126,,[],['D.A.S.T Corporation'],"['Action', 'Sci-Fi']","['Adult Cast', 'Gore']"
1352,Cyber City,OVA,Original,3,43,R - 17+ (violence & profanity),7.29,14194,3349,4188,38268,239,,[],['Madhouse'],"['Action', 'Adventure', 'Sci-Fi']",['Adult Cast']
1353,,OVA,Unknown,3,40,Rx - Hentai,5.61,1113,,9961,4456,4,,[],['Phoenix Entertainment'],"['Adventure', 'Horror', 'Supernatural', 'Hentai']",['Mythology']
1355,Dark Warrior,OVA,Unknown,2,47,R+ - Mild Nudity,4.84,430,14521,13757,1478,0,,[],[],"['Action', 'Sci-Fi']",[]
1356,Fist of the North Star 2,TV,Manga,43,25,R - 17+ (violence & profanity),7.64,15508,1664,4346,35446,162,1987,['Shounen'],['Toei Animation'],"['Action', 'Drama', 'Sci-Fi']","['Gore', 'Martial Arts']"
1357,New Fist of the North Star,OVA,Light novel,3,58,R+ - Mild Nudity,6.96,6781,5383,5946,16624,23,,['Shounen'],['A.C.G.T.'],"['Action', 'Drama', 'Sci-Fi']","['Gore', 'Martial Arts']"
1358,Fist of the North Star: The Movie,Movie,Manga,1,110,R - 17+ (violence & profanity),7.24,13555,3709,5142,23999,134,,['Shounen'],['Toei Animation'],"['Action', 'Drama', 'Sci-Fi']","['Gore', 'Martial Arts', 'Super Power']"
1359,Body Transfer,OVA,Visual novel,2,28,Rx - Hentai,6.32,5117,,6719,12188,38,,[],['Arms'],['Hentai'],[]
1360,Jiburiru: The Devil Angel,OVA,Visual novel,4,28,Rx - Hentai,6.45,3731,,7307,9990,28,,[],['Studio Ten'],['Hentai'],[]
1361,Final Fantasy: The Spirits Within,Movie,Game,1,105,PG-13 - Teens 13 or older,6.29,50242,9421,2908,73441,56,,[],['Square Pictures'],['Sci-Fi'],[]
1362,Street Fighter II: The Animated Movie,Movie,Game,1,101,R+ - Mild Nudity,7.24,22214,3740,4254,37004,176,,[],['Group TAC'],['Action'],['Martial Arts']
1363,Case Closed Movie 04: Captured In Her Eyes,Movie,Manga,1,99,PG-13 - Teens 13 or older,8.04,41009,697,3007,69430,109,,['Shounen'],['TMS Entertainment'],"['Adventure', 'Comedy', 'Mystery']",['Detective']
1364,Case Closed Movie 05: Countdown to Heaven,Movie,Manga,1,100,PG-13 - Teens 13 or older,8.13,41675,554,2978,70682,70,,['Shounen'],['TMS Entertainment'],"['Adventure', 'Comedy', 'Mystery']",['Detective']
1365,Case Closed Movie 06: The Phantom of Baker Street,Movie,Manga,1,107,PG-13 - Teens 13 or older,8.31,51213,316,2649,86032,297,,['Shounen'],['TMS Entertainment'],"['Adventure', 'Mystery']",['Detective']
1366,Detective Conan Movie 07: Crossroad in the Ancient Capital,Movie,Manga,1,108,PG-13 - Teens 13 or older,7.81,33913,1159,3326,57892,41,,['Shounen'],['TMS Entertainment'],"['Adventure', 'Comedy', 'Mystery']",['Detective']
1367,Detective Conan Movie 08: Magician of the Silver Sky,Movie,Manga,1,108,PG-13 - Teens 13 or older,8.07,36493,648,3179,63099,53,,['Shounen'],['TMS Entertainment'],"['Adventure', 'Comedy', 'Mystery']",['Detective']
1368,Detective Conan OVA 06: Follow the Vanished Diamond! Conan & Heiji vs. Kid!,OVA,Manga,1,23,PG-13 - Teens 13 or older,7.36,8385,2953,5872,17186,2,,['Shounen'],['TMS Entertainment'],"['Comedy', 'Mystery']",['Detective']
1369,Detective Conan OVA 01: Conan VS KID VS Yaiba,OVA,Manga,1,24,PG-13 - Teens 13 or older,7.23,11476,3796,5369,21747,12,,['Shounen'],['TMS Entertainment'],"['Adventure', 'Comedy', 'Mystery']",[]
1370,Mt. Head,Movie,Other,1,10,PG - Children,6.34,4984,9103,7543,9183,8,,[],"['Studio Deen', 'Yamamura Animation']","['Avant Garde', 'Award Winning', 'Comedy', 'Fantasy', 'Suspense']",['Psychological']
1371,Phoenix,TV,Manga,13,25,PG-13 - Teens 13 or older,7.27,3466,3496,6789,11907,37,2004,['Shounen'],['Tezuka Productions'],"['Adventure', 'Drama', 'Sci-Fi', 'Supernatural']",['Historical']
1372,You're Under Arrest (1996),TV,Manga,47,24,PG-13 - Teens 13 or older,7.65,11660,1641,3878,44408,273,1996,['Seinen'],['Studio Deen'],"['Action', 'Comedy']","['Adult Cast', 'Workplace']"
1373,,TV Special,Manga,4,23,PG-13 - Teens 13 or older,7.3,2717,3288,8545,6729,5,,['Shounen'],['Tezuka Productions'],['Drama'],['Medical']
1374,Guyver: The Bioboosted Armor,TV,Manga,26,23,R - 17+ (violence & profanity),7.27,10534,3511,5020,25516,155,2005,['Shounen'],['OLM'],"['Action', 'Horror', 'Sci-Fi']","['Gore', 'Super Power']"
1375,My Daddy Long Legs,TV,Novel,40,23,G - All Ages,7.73,7386,1385,5558,19731,163,1990,[],['Nippon Animation'],"['Comedy', 'Romance']","['Historical', 'School']"
1376,,OVA,Original,13,25,G - All Ages,8.01,6178,739,6372,13847,113,,[],['Toei Animation'],['Comedy'],['Mahou Shoujo']
1377,Space Symphonic Poem Maetel: Galaxy Express 999 Side Story,TV,Unknown,13,25,PG-13 - Teens 13 or older,6.95,1867,5469,9021,5921,9,2004,[],['Azeta Pictures'],"['Drama', 'Sci-Fi']",['Space']
1378,Wrath of the Ninja,Movie,Unknown,1,86,R - 17+ (violence & profanity),6.2,2862,9942,8802,6229,7,,[],['J.C.Staff'],['Action'],"['Martial Arts', 'Samurai']"
1379,Kino's Journey: In Order to Do Something - Life Goes On,Movie,Light novel,1,29,R - 17+ (violence & profanity),7.74,27240,1336,3181,63078,53,,[],['A.C.G.T.'],"['Adventure', 'Drama', 'Fantasy']",[]
1380,Blue Gender: The Warrior,Movie,Original,1,98,R - 17+ (violence & profanity),6.18,5373,10014,6668,12434,8,,[],['AIC'],"['Adventure', 'Drama', 'Horror', 'Sci-Fi']","['Gore', 'Mecha', 'Military', 'Space']"
1381,,TV Special,Light novel,1,90,PG-13 - Teens 13 or older,7.12,1462,4495,10249,4109,2,,[],['Sunrise'],"['Action', 'Romance', 'Sci-Fi']","['Military', 'Space']"
1382,GaoGaiGar Final,OVA,Original,8,32,PG-13 - Teens 13 or older,8.27,5569,363,6471,13350,198,,[],['Sunrise'],"['Adventure', 'Drama', 'Sci-Fi']","['Mecha', 'Super Power']"
1383,Countdown Conjoined,OVA,Manga,6,15,Rx - Hentai,5.83,1046,,10336,3986,12,,[],['AIC'],"['Comedy', 'Fantasy', 'Horror', 'Hentai']",['Mecha']
1384,Vampire Princess Miyu,OVA,Manga,4,28,PG-13 - Teens 13 or older,7.1,9553,4616,5001,25733,85,,['Shoujo'],['AIC'],"['Action', 'Drama', 'Horror', 'Supernatural']","['Mythology', 'Vampire']"
1385,Black Widow,OVA,Visual novel,2,28,Rx - Hentai,5.77,1811,,9717,4781,10,,[],['Mook Animation'],['Hentai'],[]
1386,,OVA,Visual novel,2,30,Rx - Hentai,5.52,1916,,9188,5607,8,,[],['AT-2'],['Hentai'],[]
1387,Night Shift Nurses,OVA,Visual novel,10,28,Rx - Hentai,6.44,5543,,6374,13843,88,,[],['AT-2'],['Hentai'],[]
1388,Night Shift Nurses 2,OVA,Visual novel,5,27,Rx - Hentai,6.03,2261,,8847,6164,5,,[],['Studio 9 Maiami'],['Hentai'],[]
1389,Night Shift Nurses: Experiment,OVA,Visual novel,3,28,Rx - Hentai,6.17,2109,,8956,6010,8,,[],['AT-2'],['Hentai'],[]
1390,Parade Parade,OVA,Manga,2,30,Rx - Hentai,6.0,1538,,10305,4045,14,,[],['AIC'],['Hentai'],[]
1391,,TV,Original,37,24,PG-13 - Teens 13 or older,7.58,3088,1888,6871,11568,67,1991,[],['Sunrise'],"['Adventure', 'Sci-Fi']",['Racing']
1392,,OVA,Original,6,30,PG-13 - Teens 13 or older,7.48,1681,2335,10373,3932,10,,[],['Sunrise'],"['Drama', 'Sci-Fi']",['Racing']
1393,,OVA,Original,8,30,PG-13 - Teens 13 or older,7.58,1601,1887,10581,3670,19,,[],['Sunrise'],"['Drama', 'Sci-Fi']",['Racing']
1394,,OVA,Original,8,30,R+ - Mild Nudity,7.47,1451,2382,10604,3640,15,,[],['Sunrise'],"['Drama', 'Sci-Fi']",['Racing']
1395,,OVA,Original,5,27,PG-13 - Teens 13 or older,7.66,1471,1590,10522,3733,24,,[],['Sunrise'],"['Drama', 'Sci-Fi']",['Racing']
1396,,OVA,Unknown,2,58,PG-13 - Teens 13 or older,7.11,367,4541,14198,1325,0,,[],['Sunrise'],"['Drama', 'Sci-Fi', 'Sports']",[]
1397,,TV,Original,49,25,PG-13 - Teens 13 or older,7.24,13912,3721,4332,35729,323,1994,[],"['Ashi Productions', 'Hero']","['Adventure', 'Comedy', 'Drama', 'Romance', 'Sci-Fi']","['Mecha', 'Military', 'Music', 'Space']"
1398,,OVA,Original,4,30,PG-13 - Teens 13 or older,6.91,6807,5654,6028,15996,20,,[],['Ashi Productions'],"['Adventure', 'Comedy', 'Sci-Fi']","['Mecha', 'Music', 'Space']"
1399,,OVA,Original,3,24,PG-13 - Teens 13 or older,7.07,5366,4771,7014,11034,5,,[],['Ashi Productions'],"['Comedy', 'Drama', 'Sci-Fi']","['Mecha', 'Music', 'Space']"
1400,Macross 7: The Galaxy is Calling Me,Movie,Original,1,33,PG-13 - Teens 13 or older,7.0,5474,5161,6931,11357,10,,[],['Ashi Productions'],"['Adventure', 'Comedy', 'Drama', 'Sci-Fi']","['Mecha', 'Music']"
1401,Bible Black: New Testament,OVA,Visual novel,6,29,Rx - Hentai,6.75,14394,,4770,28824,100,,[],['Studio Jam'],['Hentai'],[]
1402,Princess Memory,OVA,Visual novel,2,26,Rx - Hentai,5.58,601,,12613,2088,3,,[],['Arms'],"['Fantasy', 'Hentai']",[]
1403,Wife Eater,OVA,Visual novel,2,29,Rx - Hentai,6.43,2716,,8027,7845,11,,[],['Himajin Planning'],['Hentai'],[]
1404,Virgin Touch,OVA,Visual novel,2,29,Rx - Hentai,5.67,919,,11701,2703,3,,[],['Arms'],['Hentai'],[]
1405,Tokio Private Police,OVA,Novel,2,27,Rx - Hentai,5.93,1187,,11034,3246,4,,[],['Arms'],"['Comedy', 'Hentai']",['Parody']
1406,Stepmother's Sin,OVA,Visual novel,2,29,Rx - Hentai,5.88,2466,,8701,6415,29,,[],['Y.O.U.C'],"['Drama', 'Hentai']",[]
1407,,OVA,Manga,2,28,Rx - Hentai,6.09,2385,,8628,6567,25,,[],['OLM'],"['Girls Love', 'Hentai']",[]
1408,Moonlight Lady,OVA,Visual novel,5,29,Rx - Hentai,6.59,4785,,6895,11492,47,,[],"['Imagin', 'ORADA COMPANY']",['Hentai'],[]
1409,,TV,Original,5,5,PG-13 - Teens 13 or older,6.5,1684,8172,9544,5048,6,2003,[],"['Bee Train', 'Production I.G']","['Sci-Fi', 'Sports']",['Mecha']
1410,IGPX: Immortal Grand Prix Season 2,TV,Original,13,23,PG-13 - Teens 13 or older,7.29,5841,3364,6686,12330,27,2006,[],['Production I.G'],['Sci-Fi'],"['Mecha', 'Racing']"
1411,,OVA,Original,6,28,R+ - Mild Nudity,6.3,1572,9396,10496,3770,3,,[],['Ashi Productions'],"['Adventure', 'Comedy', 'Sci-Fi', 'Ecchi']","['Mecha', 'Space']"
1412,Lupin III,TV,Manga,23,24,PG-13 - Teens 13 or older,7.66,34583,1597,2214,112408,1093,1971,['Seinen'],['Tokyo Movie Shinsha'],"['Action', 'Adventure', 'Comedy', 'Mystery']",['Adult Cast']
1413,,TV Special,Manga,1,91,PG-13 - Teens 13 or older,7.18,4044,4101,7526,9248,11,,['Seinen'],['TMS Entertainment'],"['Action', 'Adventure', 'Comedy']",['Adult Cast']
1414,Lupin III: Angel Tactics,TV Special,Manga,1,92,PG-13 - Teens 13 or older,7.1,3400,4620,7968,7972,1,,['Seinen'],['TMS Entertainment'],"['Action', 'Adventure', 'Comedy', 'Mystery']",['Adult Cast']
1415,Lupin III: Goodbye Lady Liberty,TV Special,Manga,1,96,R+ - Mild Nudity,6.95,4957,5439,7218,10337,6,,['Seinen'],['Tokyo Movie Shinsha'],"['Action', 'Adventure', 'Comedy', 'Mystery']",['Adult Cast']
1416,Lupin III: Dead or Alive,Movie,Manga,1,97,PG-13 - Teens 13 or older,7.19,5716,4042,6518,13131,11,,['Seinen'],['Tokyo Movie Shinsha'],"['Action', 'Adventure', 'Comedy', 'Mystery']",['Adult Cast']
1417,Lupin III: Dragon of Doom,TV Special,Manga,1,90,R+ - Mild Nudity,7.14,4858,4371,7172,10452,5,,['Seinen'],['Tokyo Movie Shinsha'],"['Action', 'Adventure', 'Comedy', 'Mystery']",['Adult Cast']
1418,Lupin III Episode 0: The First Contact,TV Special,Manga,1,91,R - 17+ (violence & profanity),7.62,5978,1745,6582,12843,17,,['Seinen'],['TMS Entertainment'],"['Action', 'Adventure', 'Comedy', 'Mystery']",['Adult Cast']
1419,Lupin III: Farewell to Nostradamus,Movie,Manga,1,97,R+ - Mild Nudity,7.43,6642,2589,6443,13497,14,,['Seinen'],['Tokyo Movie Shinsha'],"['Action', 'Adventure', 'Comedy', 'Mystery']",['Adult Cast']
1420,Lupin III: From Siberia With Love,TV Special,Manga,1,90,R+ - Mild Nudity,6.83,3749,6116,7837,8336,3,,['Seinen'],['Tokyo Movie Shinsha'],"['Action', 'Adventure', 'Comedy', 'Mystery']",['Adult Cast']
1421,Lupin III: The Hemingway Papers,TV Special,Manga,1,90,PG-13 - Teens 13 or older,7.01,3690,5115,7872,8244,5,,['Seinen'],['Tokyo Movie Shinsha'],"['Action', 'Adventure', 'Comedy', 'Mystery']",['Adult Cast']
1422,Lupin III: Missed by a Dollar,TV Special,Manga,1,91,PG-13 - Teens 13 or older,7.23,3749,3793,7705,8727,3,,['Seinen'],['TMS Entertainment'],"['Action', 'Adventure', 'Comedy', 'Mystery']",['Adult Cast']
1423,Lupin III: Napoleon's Dictionary,TV Special,Manga,1,90,PG-13 - Teens 13 or older,6.77,3523,6501,7903,8154,1,,['Seinen'],"['Tokyo Movie Shinsha', 'TMS Entertainment']","['Action', 'Adventure', 'Comedy', 'Mystery']",['Adult Cast']
1424,Lupin III: Operation Return the Treasure,TV Special,Manga,1,91,PG-13 - Teens 13 or older,7.43,3476,2591,7857,8278,4,,['Seinen'],['TMS Entertainment'],"['Action', 'Adventure', 'Comedy', 'Mystery']",['Adult Cast']
1425,,TV,Manga,155,24,PG-13 - Teens 13 or older,7.86,13845,1042,4104,39743,411,1977,['Seinen'],['Tokyo Movie Shinsha'],"['Action', 'Adventure', 'Comedy', 'Mystery']",['Adult Cast']
1426,,TV,Manga,50,24,R+ - Mild Nudity,7.43,7962,2588,5012,25655,37,1984,['Seinen'],['Tokyo Movie Shinsha'],"['Action', 'Adventure', 'Comedy']",['Adult Cast']
1427,Lupin III: Return of Pycal,OVA,Manga,1,49,R+ - Mild Nudity,6.01,3064,10964,8308,7186,2,,['Seinen'],['TMS Entertainment'],"['Action', 'Adventure', 'Comedy', 'Mystery']",['Adult Cast']
1428,,Movie,Manga,1,12,R+ - Mild Nudity,6.41,2698,8729,8547,6730,4,,['Seinen'],['Tokyo Movie Shinsha'],"['Action', 'Adventure', 'Comedy', 'Mystery']",['Adult Cast']
1429,Lupin III: Swallowtail Tattoo,TV Special,Manga,1,91,PG-13 - Teens 13 or older,7.19,3236,4040,8118,7662,1,,['Seinen'],['TMS Entertainment'],"['Action', 'Adventure', 'Comedy', 'Mystery']",['Adult Cast']
1430,Lupin III: The Castle of Cagliostro,Movie,Manga,1,99,PG-13 - Teens 13 or older,8.16,79602,510,1893,139064,1506,,['Seinen'],"['Tokyo Movie Shinsha', 'Telecom Animation Film']","['Action', 'Adventure', 'Award Winning', 'Comedy', 'Mystery']",['Adult Cast']
1431,Lupin III: The Columbus Files,TV Special,Manga,1,91,PG-13 - Teens 13 or older,6.89,3664,5754,7734,8651,5,,['Seinen'],['Tokyo Movie Shinsha'],"['Action', 'Adventure', 'Comedy', 'Mystery']",['Adult Cast']
1432,Lupin III: The Fuma Conspiracy,Movie,Manga,1,73,PG-13 - Teens 13 or older,7.41,6652,2697,6462,13415,15,,['Seinen'],['Tokyo Movie Shinsha'],"['Action', 'Adventure', 'Comedy', 'Mystery']",['Adult Cast']
1433,Lupin III: The Legend of the Gold of Babylon,Movie,Manga,1,100,R+ - Mild Nudity,6.63,5274,7397,7058,10828,8,,['Seinen'],['Tokyo Movie Shinsha'],"['Action', 'Adventure', 'Comedy', 'Mystery']",['Adult Cast']
1434,Lupin III: The Pursuit of Harimao's Treasure,TV Special,Manga,1,90,PG-13 - Teens 13 or older,7.06,4104,4819,7609,9011,2,,['Seinen'],"['Tokyo Movie Shinsha', 'TMS Entertainment']","['Action', 'Adventure', 'Comedy', 'Mystery']",['Adult Cast']
1435,Lupin III: The Mystery of Mamo,Movie,Manga,1,102,R+ - Mild Nudity,7.12,8835,4480,5956,16550,74,,['Seinen'],['Tokyo Movie Shinsha'],"['Action', 'Adventure', 'Comedy', 'Mystery']",['Adult Cast']
1436,Lupin III: The Secret of Twilight Gemini,TV Special,Manga,1,91,R+ - Mild Nudity,7.04,4433,4935,7473,9412,5,,['Shounen'],"['Tokyo Movie Shinsha', 'TMS Entertainment']","['Action', 'Adventure', 'Comedy']",['Adult Cast']
1437,Lupin III: Tokyo Crisis,TV Special,Manga,1,92,PG-13 - Teens 13 or older,7.39,4493,2798,7350,9840,14,,['Shounen'],['Tokyo Movie Shinsha'],"['Action', 'Adventure', 'Comedy', 'Mystery']",['Adult Cast']
1438,Lupin III: Voyage to Danger,TV Special,Manga,1,90,PG-13 - Teens 13 or older,7.06,4325,4821,7399,9660,5,,['Seinen'],['Tokyo Movie Shinsha'],"['Action', 'Adventure', 'Comedy', 'Mystery']",['Adult Cast']
1439,Lupin III: Island of Assassins,TV Special,Manga,1,92,PG-13 - Teens 13 or older,7.47,4802,2395,7221,10326,20,,['Seinen'],['Tokyo Movie Shinsha'],"['Action', 'Adventure', 'Comedy', 'Mystery']",['Adult Cast']
1440,Ninja Cadets,OVA,Original,2,30,PG-13 - Teens 13 or older,6.11,1952,10434,10061,4322,7,,[],['AIC'],"['Adventure', 'Comedy', 'Supernatural']",[]
1441,Night on the Galactic Railroad,Movie,Novel,1,107,G - All Ages,7.41,11166,2676,4641,30828,420,,['Kids'],['Group TAC'],"['Award Winning', 'Drama', 'Fantasy', 'Mystery']","['Anthropomorphic', 'Psychological']"
1442,Reign: The Conqueror,TV,Novel,13,23,R+ - Mild Nudity,5.97,3959,11125,7266,10138,38,1999,[],['Madhouse'],"['Action', 'Adventure', 'Fantasy', 'Sci-Fi']",['Historical']
1443,,OVA,Original,2,47,R+ - Mild Nudity,6.51,2928,8135,7560,9135,13,,[],['AIC'],"['Action', 'Adventure', 'Sci-Fi']",['Space']
1444,Sol Bianca: The Legacy,OVA,Original,6,29,R+ - Mild Nudity,6.56,2654,7838,8485,6834,15,,[],['AIC'],"['Adventure', 'Sci-Fi']","['Mecha', 'Space']"
1445,Speed Racer,TV,Manga,52,25,PG-13 - Teens 13 or older,6.73,8330,6747,5792,17816,148,1967,['Shounen'],['Tatsunoko Production'],['Adventure'],['Racing']
1448,Voltron: Defender of the Universe,TV,Original,52,23,PG-13 - Teens 13 or older,6.92,6621,5581,6320,14168,69,1981,[],['Toei Animation'],"['Adventure', 'Sci-Fi']",['Mecha']
1450,Brigadoon,TV,Original,26,24,PG-13 - Teens 13 or older,7.56,4487,1967,6022,16066,165,2000,[],['Sunrise'],"['Adventure', 'Comedy', 'Drama', 'Sci-Fi']",['Mecha']
1451,Sword for Truth,OVA,Novel,1,51,R+ - Mild Nudity,5.06,2836,14270,9173,5644,3,,[],['Magic Bus'],"['Action', 'Supernatural', 'Suspense']","['Gore', 'Historical', 'Samurai']"
1452,,OVA,Manga,1,46,R+ - Mild Nudity,6.02,1597,10938,10882,3363,2,,['Seinen'],['Ginga Teikoku'],"['Comedy', 'Romance']",['School']
1453,Maison Ikkoku,TV,Manga,96,25,R+ - Mild Nudity,8.24,21624,398,2693,83544,1917,1986,['Seinen'],['Studio Deen'],"['Comedy', 'Drama', 'Romance']",['Adult Cast']
1454,,TV,Original,13,23,R+ - Mild Nudity,7.41,21881,2689,2704,83125,549,2006,[],['Madhouse'],"['Action', 'Avant Garde', 'Horror', 'Romance', 'Supernatural']","['Adult Cast', 'Gore', 'Mythology']"
1455,Ninja Resurrection,OVA,Novel,2,40,R+ - Mild Nudity,5.41,4016,13517,7804,8426,14,,[],['Phoenix Entertainment'],"['Action', 'Supernatural']","['Historical', 'Samurai']"
1456,Licensed by Royalty,TV,Original,12,23,PG-13 - Teens 13 or older,6.64,2034,7325,8836,6173,11,2003,[],['TNK'],"['Action', 'Adventure', 'Mystery']",['Detective']
1457,Key the Metal Idol,OVA,Original,15,34,R+ - Mild Nudity,7.02,7362,5044,4619,31099,186,,[],['Studio Pierrot'],"['Award Winning', 'Drama', 'Sci-Fi']","['Mecha', 'Music', 'Psychological']"
1458,Tekkaman,TV,Original,26,25,G - All Ages,6.65,1366,7293,10059,4325,3,1975,[],['Tatsunoko Production'],"['Adventure', 'Sci-Fi']","['Mecha', 'Space']"
1459,Tekkaman Blade,TV,Original,49,25,R - 17+ (violence & profanity),7.62,6578,1752,5560,19714,179,1992,[],['Tatsunoko Production'],"['Adventure', 'Drama', 'Romance', 'Sci-Fi']","['Mecha', 'Military', 'Space']"
1460,Tekkaman Blade II,OVA,Original,6,30,R+ - Mild Nudity,6.6,2417,7588,9194,5590,7,,[],['Tatsunoko Production'],"['Adventure', 'Drama', 'Sci-Fi']","['Mecha', 'Military', 'Space']"
1462,Memories,Movie,Manga,3,37,PG-13 - Teens 13 or older,7.74,57339,1340,1681,161106,941,,[],"['Madhouse', 'Studio 4°C']","['Award Winning', 'Drama', 'Horror', 'Sci-Fi', 'Suspense']","['Military', 'Psychological', 'Space']"
1465,Sadamitsu the Destroyer,TV,Manga,10,22,R - 17+ (violence & profanity),6.97,2902,5302,8379,7056,20,2001,['Seinen'],['Studio Deen'],['Sci-Fi'],"['Mecha', 'School']"
1466,Hakugei: Legend of the Moby Dick,TV,Original,26,23,PG-13 - Teens 13 or older,6.92,1621,5584,8766,6290,37,1997,[],"['Studio Junio', 'Annapuru']","['Adventure', 'Sci-Fi']",['Space']
1468,Baoh the Visitor,OVA,Manga,1,46,R - 17+ (violence & profanity),6.22,11245,9796,5232,23002,51,,['Shounen'],['Studio Pierrot'],"['Action', 'Sci-Fi']","['Gore', 'Martial Arts', 'Super Power']"
1469,Monster Rancher,TV,Game,48,24,PG-13 - Teens 13 or older,6.85,25396,6002,3632,49390,123,1999,[],['TMS Entertainment'],"['Action', 'Adventure', 'Comedy', 'Fantasy']",['Isekai']
1470,,TV,Manga,51,24,PG-13 - Teens 13 or older,7.93,26655,860,2533,91919,1115,1987,['Shounen'],['Sunrise'],"['Action', 'Comedy', 'Mystery']",['Adult Cast']
1471,,TV,Manga,63,25,PG-13 - Teens 13 or older,8.1,12931,595,4554,31820,178,1988,['Shounen'],['Sunrise'],"['Action', 'Comedy', 'Mystery']",[]
1472,,TV,Manga,13,24,PG-13 - Teens 13 or older,7.85,22030,1053,4230,37288,51,1989,['Shounen'],['Sunrise'],"['Action', 'Comedy', 'Mystery']",[]
1473,,TV,Manga,13,23,PG-13 - Teens 13 or older,7.77,10221,1258,4739,29201,81,1991,['Shounen'],['Sunrise'],"['Action', 'Comedy', 'Mystery']",[]
1474,City Hunter: .357 Magnum,Movie,Manga,1,87,PG-13 - Teens 13 or older,7.44,4722,2526,7170,10458,10,,['Shounen'],['Sunrise'],"['Action', 'Comedy', 'Mystery']",[]
1475,City Hunter: Bay City Wars,Movie,Manga,1,45,PG-13 - Teens 13 or older,7.37,4482,2881,7263,10148,7,,['Shounen'],['Sunrise'],"['Action', 'Comedy', 'Mystery']",[]
1476,City Hunter: Million Dollar Conspiracy,Movie,Manga,1,45,PG-13 - Teens 13 or older,7.31,3889,3229,7530,9221,3,,['Shounen'],['Sunrise'],"['Action', 'Comedy', 'Mystery']",[]
1477,City Hunter: The Secret Service,TV Special,Manga,1,90,PG-13 - Teens 13 or older,7.42,3839,2616,7314,9974,6,,['Shounen'],['Sunrise'],"['Action', 'Comedy', 'Mystery']",[]
1478,City Hunter: The Motion Picture,TV Special,Manga,1,90,PG-13 - Teens 13 or older,7.57,3958,1920,7480,9386,8,,['Shounen'],['Sunrise'],"['Adventure', 'Comedy']",[]
1479,City Hunter: Death of the Vicious Criminal Ryo Saeba,TV Special,Manga,1,91,PG-13 - Teens 13 or older,7.36,2927,2928,8241,7340,8,,['Shounen'],['Sunrise'],[],[]
1480,,OVA,Original,1,28,PG-13 - Teens 13 or older,6.59,3782,7649,8031,7826,3,,[],['J.C.Staff'],['Sci-Fi'],"['Mecha', 'Military']"
1481,,Special,Manga,1,44,PG-13 - Teens 13 or older,6.74,2770,6711,8512,6806,4,,['Shounen'],['Studio Pierrot'],"['Action', 'Adventure', 'Comedy', 'Drama', 'Romance', 'Sci-Fi']",[]
1482,D.Gray-man,TV,Manga,103,23,PG-13 - Teens 13 or older,8.0,297756,749,318,732060,13939,2006,['Shounen'],['TMS Entertainment'],"['Action', 'Adventure', 'Fantasy']",['Urban Fantasy']
1483,,TV,Manga,24,23,R - 17+ (violence & profanity),7.73,7088,1377,4488,32995,166,1998,['Seinen'],['Madhouse'],"['Adventure', 'Drama', 'Mystery']","['Adult Cast', 'Historical']"
1484,Blood Reign: Curse of the Yoma,OVA,Manga,2,38,R - 17+ (violence & profanity),6.21,4589,9903,6846,11654,30,,['Shoujo'],['J.C.Staff'],"['Action', 'Drama', 'Horror', 'Supernatural', 'Suspense']",['Mythology']
1485,Baby and Me,TV,Manga,35,25,G - All Ages,7.89,21227,960,4191,38157,164,1996,['Shoujo'],['Studio Pierrot'],"['Comedy', 'Drama']",['Childcare']
1486,Kodocha,TV,Manga,102,24,PG-13 - Teens 13 or older,8.09,30050,615,2783,78936,1493,1996,['Shoujo'],['Gallop'],"['Comedy', 'Drama', 'Romance']","['Love Polygon', 'Showbiz']"
1487,,Special,Original,1,24,PG-13 - Teens 13 or older,6.65,12041,7240,5031,25391,15,,[],['Bee Train'],"['Adventure', 'Comedy', 'Fantasy', 'Sci-Fi']",['Video Game']
1488,,OVA,Manga,3,65,R+ - Mild Nudity,7.57,8045,1919,5333,22073,245,,['Shounen'],['Studio Pierrot'],"['Action', 'Adventure', 'Drama', 'Romance']",['Military']
1489,,Special,Original,3,13,R+ - Mild Nudity,6.85,3847,6010,7834,8346,4,,[],['Remic'],"['Comedy', 'Ecchi']","['CGDCT', 'Parody', 'Vampire']"
1490,The Galaxy Railways,TV,Original,26,24,PG-13 - Teens 13 or older,7.18,3919,4083,6241,14543,53,2003,[],['Planet'],"['Action', 'Adventure', 'Drama', 'Sci-Fi']",['Space']
1491,Galaxy Express 999,TV,Manga,113,24,G - All Ages,7.87,8622,1014,3767,46533,511,1978,[],['Toei Animation'],"['Adventure', 'Drama', 'Sci-Fi']",['Space']
1492,Project ARMS,TV,Manga,26,24,R - 17+ (violence & profanity),7.03,4492,5000,5913,16885,40,2001,['Shounen'],['TMS Entertainment'],['Action'],"['Martial Arts', 'Super Power']"
1493,Project ARMS: The 2nd Chapter,TV,Manga,26,24,R - 17+ (violence & profanity),7.12,2702,4497,8262,7282,7,2001,['Shounen'],['TMS Entertainment'],"['Action', 'Fantasy']","['Martial Arts', 'School', 'Super Power']"
1494,,Movie,Manga,1,83,R+ - Mild Nudity,6.02,4990,10905,6544,13007,32,,[],['J.C.Staff'],"['Horror', 'Mystery', 'Sci-Fi']",['Psychological']
1495,,OVA,Unknown,2,45,PG-13 - Teens 13 or older,6.69,2189,7016,9085,5780,6,,[],['Vega Entertainment'],"['Drama', 'Sci-Fi']",['Space']
1496,Miyuki-chan in Wonderland,OVA,Manga,2,14,R+ - Mild Nudity,5.73,7124,12302,6196,14883,11,,[],['animate Film'],"['Comedy', 'Fantasy', 'Girls Love', 'Ecchi']",[]
1497,Tales of the Street Corner,Movie,Original,1,39,G - All Ages,6.53,2273,7972,9326,5386,11,,[],['Mushi Production'],"['Award Winning', 'Drama', 'Romance']","['Music', 'Performing Arts']"
1498,Black Blood Brothers,TV,Light novel,12,24,R - 17+ (violence & profanity),7.11,57369,4526,2268,108267,413,2006,[],"['Group TAC', 'Studio Live']","['Action', 'Comedy', 'Fantasy']","['Urban Fantasy', 'Vampire']"
1499,,OVA,Manga,2,26,Rx - Hentai,5.3,616,,12547,2136,3,,[],[],['Hentai'],[]
1500,Ghost Talker's Daydream,OVA,Manga,4,24,R+ - Mild Nudity,6.17,5170,10110,6271,14357,21,,['Shounen'],['HAL Film Maker'],"['Comedy', 'Drama', 'Horror', 'Supernatural', 'Ecchi']",[]
1501,,OVA,Original,1,26,G - All Ages,6.66,3423,7201,8129,7637,8,,[],['Gonzo'],['Comedy'],[]
1502,Magical Project S,TV,Original,26,23,PG - Children,7.1,3331,4625,7313,9974,20,1996,[],['AIC'],['Comedy'],"['Mahou Shoujo', 'Parody']"
1503,Magical Project S Specials,Special,Original,7,3,PG - Children,6.31,623,9325,12514,2152,1,,['Seinen'],['AIC'],"['Adventure', 'Comedy']","['Mahou Shoujo', 'Parody']"
1504,Super Dimension Fortress Macross Flash Back 2012,OVA,Original,1,29,R+ - Mild Nudity,6.91,5397,5655,7027,10964,8,,[],['Tatsunoko Production'],"['Drama', 'Sci-Fi']","['Mecha', 'Military']"
1505,Detective Conan Movie 09: Strategy Above the Depths,Movie,Manga,1,107,PG-13 - Teens 13 or older,7.8,31887,1189,3409,55399,20,,['Shounen'],['TMS Entertainment'],"['Adventure', 'Comedy', 'Mystery']",['Detective']
1506,Detective Conan Movie 10: The Private Eyes' Requiem,Movie,Manga,1,111,PG-13 - Teens 13 or older,8.04,35632,698,3190,62771,58,,['Shounen'],['TMS Entertainment'],"['Adventure', 'Comedy', 'Mystery']",['Detective']
1508,Sci-Fi Harry,TV,Manga,20,25,R - 17+ (violence & profanity),6.31,2927,9334,7043,10875,20,2000,[],['APPP'],"['Drama', 'Horror', 'Sci-Fi', 'Suspense']","['Psychological', 'Super Power']"
1509,Save Me! Lollipop,TV,Manga,13,25,PG-13 - Teens 13 or older,6.69,13972,7019,4797,28471,126,2006,['Shoujo'],['Studio Comet'],"['Adventure', 'Comedy', 'Romance']",[]
1510,Forbidden Love,OVA,Visual novel,2,30,Rx - Hentai,6.22,1963,,9458,5195,6,,[],['Datama Film'],['Hentai'],[]
1511,Debts of Desire,OVA,Visual novel,2,29,Rx - Hentai,5.61,1273,,10191,4171,3,,[],['Y.O.U.C'],['Hentai'],[]
1512,Angels in the Court,OVA,Visual novel,2,27,Rx - Hentai,5.78,1276,,10597,3652,3,,[],['P core'],"['Sports', 'Hentai']",['School']
1513,Angels in the Court 2,OVA,Visual novel,2,27,Rx - Hentai,5.67,844,,11466,2877,3,,[],['P core'],['Hentai'],[]
1514,UFO Ultramaiden Valkyrie 3: Bride of Celestial Souls' Day,OVA,Manga,6,24,PG-13 - Teens 13 or older,7.08,3794,4748,7825,8386,4,,['Shounen'],['TNK'],"['Comedy', 'Romance', 'Sci-Fi']",[]
1515,"Fighting Fairy Girl: Rescue Me, Mave-chan!",OVA,Novel,1,23,PG-13 - Teens 13 or older,5.28,1628,13854,10000,4397,2,,[],['Studio Fantasia'],"['Comedy', 'Sci-Fi']","['Parody', 'Super Power']"
1516,Kirarin Revolution,TV,Manga,153,22,PG-13 - Teens 13 or older,7.21,15164,3916,4302,36283,288,2006,['Shoujo'],"['SynergySP', 'G&G Entertainment']","['Comedy', 'Drama', 'Romance']",['Showbiz']
1517,,TV,Manga,26,24,PG-13 - Teens 13 or older,6.95,5737,5459,5640,19044,56,1998,[],['Radix'],"['Action', 'Comedy', 'Drama', 'Fantasy', 'Horror', 'Romance', 'Sci-Fi']",[]
1519,Black Lagoon: The Second Barrage,TV,Manga,12,23,R - 17+ (violence & profanity),8.18,342452,477,434,576090,3375,2006,['Seinen'],['Madhouse'],['Action'],"['Adult Cast', 'Organized Crime']"
1520,Black Jack,OVA,Manga,12,50,R+ - Mild Nudity,7.79,13762,1200,3766,46607,410,,['Shounen'],['Tezuka Productions'],"['Drama', 'Mystery', 'Suspense']","['Medical', 'Psychological']"
1521,Black Jack: The Movie,Movie,Manga,1,93,R - 17+ (violence & profanity),7.42,8031,2611,6059,15818,43,,['Shounen'],['Tezuka Productions'],"['Award Winning', 'Drama']",['Medical']
1524,Windy Tales,TV,Original,13,25,G - All Ages,7.34,5156,3044,5317,22236,139,2004,[],['Production I.G'],"['Slice of Life', 'Supernatural']","['Iyashikei', 'School']"
1525,Pokémon: The Legend of Thunder!,TV Special,Game,1,69,PG - Children,6.88,14023,5891,4983,25928,10,,['Kids'],['OLM'],"['Action', 'Adventure', 'Comedy', 'Fantasy']",[]
1526,Pokémon: Lucario and the Mystery of Mew,Movie,Game,1,100,PG - Children,7.35,78888,3010,2030,126626,123,,['Kids'],['OLM'],"['Action', 'Adventure', 'Drama', 'Fantasy']",[]
1527,Pokémon: The Mastermind of Mirage Pokémon,ONA,Game,1,42,PG - Children,6.52,18181,8068,4366,35139,3,,['Kids'],['OLM'],"['Adventure', 'Comedy', 'Fantasy']",[]
1528,Battle Skipper,OVA,Original,3,27,PG-13 - Teens 13 or older,5.78,1252,12097,11216,3083,1,,[],['Artmic'],"['Comedy', 'Sci-Fi']",['Mecha']
1529,Devadasy,OVA,Game,3,23,R+ - Mild Nudity,5.0,1684,14336,10085,4285,0,,[],['Studio Gazelle'],['Ecchi'],"['Mecha', 'Psychological']"
1530,Kanon,TV,Visual novel,24,24,PG-13 - Teens 13 or older,7.94,143246,850,964,291885,4544,2006,[],['Kyoto Animation'],"['Drama', 'Romance', 'Supernatural']",[]
1531,,OVA,Light novel,1,25,PG-13 - Teens 13 or older,7.13,18050,4439,4309,36135,20,,[],['J.C.Staff'],"['Comedy', 'Fantasy', 'Romance', 'Ecchi']",['Urban Fantasy']
1532,Sukisho,TV,Visual novel,12,24,PG-13 - Teens 13 or older,6.65,24466,7285,3507,52671,235,2005,[],['Zexcs'],"['Boys Love', 'Comedy', 'Drama']",['School']
1533,Wedding Peach,TV,Manga,51,24,PG - Children,6.85,11735,5968,4959,26257,155,1995,['Shoujo'],"['OLM', 'KSS']","['Comedy', 'Romance']",['Mahou Shoujo']
1534,Pretty Cure Splash Star,TV,Original,49,24,G - All Ages,7.41,7027,2674,5915,16873,105,2006,[],['Toei Animation'],"['Action', 'Comedy']",['Mahou Shoujo']
1535,Death Note,TV,Manga,37,23,R - 17+ (violence & profanity),8.62,3007014,99,2,4300530,185772,2006,['Shounen'],['Madhouse'],"['Supernatural', 'Suspense']",['Psychological']
1536,Buso Renkin,TV,Manga,26,24,PG-13 - Teens 13 or older,7.3,83160,3288,1538,179997,899,2006,['Shounen'],['Xebec'],"['Action', 'Supernatural']",['School']
1537,Ryu the Primitive Boy,TV,Manga,22,25,PG-13 - Teens 13 or older,6.8,1133,6288,10966,3300,8,1971,['Shounen'],['Toei Animation'],"['Action', 'Adventure', 'Sci-Fi']",[]
1538,,TV,Manga,24,23,R - 17+ (violence & profanity),7.23,18752,3801,3730,47455,147,2006,['Shounen'],"['Gonzo', 'AIC']","['Action', 'Comedy', 'Drama']",['Military']
1539,,TV Special,Manga,1,91,PG-13 - Teens 13 or older,6.86,1886,5966,10281,4066,2,,['Shounen'],['Group TAC'],"['Romance', 'Sports']",['Team Sports']
1540,,TV Special,Manga,1,91,R+ - Mild Nudity,6.63,1986,7402,9966,4442,3,,['Shounen'],['Group TAC'],"['Romance', 'Sports']",['Team Sports']
1541,Fist of the Blue Sky,TV,Manga,22,27,R - 17+ (violence & profanity),6.77,4277,6525,6334,14056,25,2006,[],['APPP'],['Action'],"['Historical', 'Martial Arts']"
1542,,TV,Original,26,25,PG-13 - Teens 13 or older,6.38,3685,8878,6474,13333,49,1998,[],['Sunrise'],"['Adventure', 'Sci-Fi']",['Mecha']
1543,Brighter Than the Dawning Blue,TV,Visual novel,12,23,PG-13 - Teens 13 or older,7.16,17752,4271,3931,43474,159,2006,[],['Daume'],"['Comedy', 'Romance', 'Sci-Fi']",['School']
1544,Super Robot Wars Original Generation: The Animation,OVA,Game,3,28,PG-13 - Teens 13 or older,6.7,1986,6978,9685,4830,5,,[],"[""Brain's Base""]",['Sci-Fi'],"['Mecha', 'Space']"
1546,Negima!? Magister Negi Magi,TV,Manga,26,23,PG-13 - Teens 13 or older,6.96,38977,5368,2361,102688,278,2006,['Shounen'],"['Shaft', 'GANSIS']","['Comedy', 'Fantasy', 'Romance']","['Harem', 'School']"
1547,,TV,Manga,96,25,G - All Ages,7.03,476,4996,13922,1421,0,1965,[],['Shin-Ei Animation'],"['Comedy', 'Supernatural']",['School']
1548,Queen Millennia,TV,Manga,42,24,PG-13 - Teens 13 or older,7.37,1984,2904,8245,7323,34,1981,[],['Toei Animation'],"['Drama', 'Mystery', 'Sci-Fi']",[]
1549,,Movie,Manga,1,121,PG-13 - Teens 13 or older,6.97,2122,5281,8876,6128,11,,[],['Toei Animation'],"['Adventure', 'Drama', 'Fantasy', 'Sci-Fi']",[]
1550,,TV,Manga,104,24,PG-13 - Teens 13 or older,6.98,4635,5234,6925,11376,86,1970,['Shoujo'],['Tokyo Movie Shinsha'],"['Drama', 'Sports']",['Team Sports']
1552,Sunny Ryoko! You Were There in a Dream,Movie,Manga,1,67,PG-13 - Teens 13 or older,6.56,704,7804,12922,1876,2,,['Shoujo'],['Group TAC'],"['Comedy', 'Drama', 'Romance']",[]
1553,,OVA,Manga,4,36,PG-13 - Teens 13 or older,6.95,3302,5451,7514,9282,16,,['Shounen'],['OLM'],"['Action', 'Adventure', 'Sci-Fi']",['Space']
1554,Living for the Day After Tomorrow,TV,Manga,12,24,PG-13 - Teens 13 or older,7.11,11194,4525,4913,26806,43,2006,[],['J.C.Staff'],"['Drama', 'Supernatural']",[]
1555,Tokimeki Memorial,TV,Visual novel,25,24,PG-13 - Teens 13 or older,7.11,16405,4578,4100,39785,94,2006,[],['AIC ASTA'],"['Comedy', 'Romance']","['Harem', 'School']"
1556,Demon Prince Enma,OVA,Manga,4,40,R+ - Mild Nudity,7.11,8071,4545,5208,23317,49,,['Seinen'],"[""Brain's Base""]","['Horror', 'Mystery', 'Supernatural']","['Detective', 'Gore', 'Mythology']"
1557,Shonen Onmyoji,TV,Light novel,26,23,PG-13 - Teens 13 or older,7.57,21393,1944,3268,59550,279,2006,['Shoujo'],['Studio Deen'],"['Action', 'Supernatural']","['Historical', 'Mythology']"
1558,Sex Demon Queen,OVA,Original,1,29,Rx - Hentai,6.02,1844,,9891,4548,17,,[],['AIC'],"['Comedy', 'Fantasy', 'Hentai']",['Parody']
1559,KenIchi: The Mightiest Disciple,TV,Manga,50,24,PG-13 - Teens 13 or older,8.04,166047,703,871,324873,3732,2006,['Shounen'],['TMS Entertainment'],"['Action', 'Comedy']","['Martial Arts', 'School']"
1560,Voltage Fighter Gowcaizer,OVA,Game,3,30,R+ - Mild Nudity,5.4,2176,13539,8751,6300,10,,[],['J.C.Staff'],"['Action', 'Sci-Fi', 'Ecchi']","['Gore', 'Martial Arts', 'Super Power']"
1561,Lovely Idol,TV,Visual novel,12,24,PG-13 - Teens 13 or older,6.32,3508,9266,7344,9851,11,2006,[],"['AIC ASTA', 'TNK']",[],"['Idols (Female)', 'Music']"
1562,The Wallflower,TV,Manga,25,24,PG-13 - Teens 13 or older,7.72,85566,1422,1605,172351,2442,2006,['Shoujo'],['Nippon Animation'],['Comedy'],['Reverse Harem']
1563,Magic Knight Rayearth II,TV,Manga,29,24,PG-13 - Teens 13 or older,7.55,19031,2028,4162,38772,166,1995,['Shoujo'],['TMS Entertainment'],"['Adventure', 'Drama', 'Fantasy', 'Romance']","['Isekai', 'Mecha']"
1564,Pokémon: Advanced,TV,Game,192,24,PG - Children,7.16,125143,4250,1371,204241,308,2002,['Kids'],['OLM'],"['Action', 'Adventure', 'Comedy', 'Fantasy']",[]
1565,Pokémon: Diamond and Pearl,TV,Game,191,23,PG - Children,7.34,99440,3068,1664,163930,561,2006,['Kids'],['OLM'],"['Action', 'Adventure', 'Comedy', 'Fantasy']",[]
1566,Ghost in the Shell: Stand Alone Complex - Solid State Society,TV Special,Manga,1,108,R - 17+ (violence & profanity),8.1,50432,598,2266,108316,263,,['Seinen'],['Production I.G'],"['Award Winning', 'Mystery', 'Sci-Fi']","['Adult Cast', 'Detective', 'Mecha', 'Military']"
1567,Mysterious Thief Saint Tail,TV,Manga,43,22,G - All Ages,7.65,9033,1629,5117,24291,243,1995,['Shoujo'],['TMS Entertainment'],"['Adventure', 'Romance']",[]
1568,Sumomomo Momomo: The World's Strongest Bride,TV,Manga,22,23,PG-13 - Teens 13 or older,6.87,26252,5900,2924,72866,104,2006,['Seinen'],['Studio Hibari'],"['Action', 'Comedy', 'Romance']","['Harem', 'Martial Arts']"
1569,Otoboku: Maidens are Falling for Me!,TV,Visual novel,12,24,PG-13 - Teens 13 or older,7.07,27635,4779,3063,67196,182,2006,[],['feel.'],"['Comedy', 'Drama', 'Romance']","['Crossdressing', 'School']"
1570,Happiness!,TV,Visual novel,12,24,PG-13 - Teens 13 or older,6.44,17225,8528,4160,38808,39,2006,[],['Artland'],"['Comedy', 'Romance']","['Harem', 'School']"
1571,Ghost Hunt,TV,Manga,25,24,PG-13 - Teens 13 or older,7.75,104577,1310,1172,243404,3125,2006,['Shoujo'],['J.C.Staff'],"['Horror', 'Mystery', 'Supernatural']",[]
1572,Kimba the White Lion,TV,Manga,52,25,G - All Ages,6.76,3607,6550,7504,9314,27,1965,"['Kids', 'Shounen']",['Mushi Production'],['Adventure'],[]
1573,Zenki,TV,Manga,51,24,PG-13 - Teens 13 or older,7.06,6256,4818,6006,16178,36,1995,['Shounen'],['Studio Deen'],"['Action', 'Horror', 'Supernatural']",['Mythology']
1574,,TV,Original,51,23,PG-13 - Teens 13 or older,7.21,741,3899,11422,2908,5,2004,[],['Studio Deen'],"['Adventure', 'Sci-Fi']",['Mecha']
1575,Code Geass: Lelouch of the Rebellion,TV,Original,25,24,R - 17+ (violence & profanity),8.71,1523787,64,22,2473474,117458,2006,[],['Sunrise'],"['Award Winning', 'Drama', 'Sci-Fi']","['Mecha', 'Military', 'School', 'Super Power']"
1576,Intrigue in the Bakumatsu: Irohanihoheto,ONA,Original,26,24,PG-13 - Teens 13 or older,7.08,12653,4700,4087,40047,134,,[],['Sunrise'],"['Action', 'Drama']","['Historical', 'Samurai']"
1577,You're Under Arrest,OVA,Manga,4,29,PG-13 - Teens 13 or older,7.57,11158,1947,4282,36597,134,,['Seinen'],['Studio Deen'],"['Action', 'Comedy']","['Adult Cast', 'Workplace']"
1578,Loving Angel Angelique: When Hearts Awaken,TV,Visual novel,13,23,PG-13 - Teens 13 or older,6.91,4256,5646,6530,13070,23,2006,['Shoujo'],['Satelight'],"['Adventure', 'Comedy', 'Drama', 'Fantasy', 'Romance', 'Sci-Fi']",['Reverse Harem']
1579,La corda d'oro: primo passo,TV,Visual novel,25,24,PG-13 - Teens 13 or older,7.42,50724,2632,2374,102076,868,2006,['Josei'],['Yumeta Company'],['Romance'],"['Music', 'Reverse Harem', 'School']"
1580,Madara,OVA,Manga,2,58,PG-13 - Teens 13 or older,6.67,1362,7148,10826,3433,7,,[],"['Studio Fantasia', 'animate Film']","['Adventure', 'Supernatural']",['Mythology']
1581,,TV,Visual novel,12,24,PG-13 - Teens 13 or older,6.66,14873,7195,4448,33711,30,2006,[],['OLM'],"['Comedy', 'Drama', 'Romance']","['Harem', 'School']"
1582,Submarine 707R,OVA,Manga,2,50,PG-13 - Teens 13 or older,6.28,1446,9499,10606,3640,3,,[],['Group TAC'],"['Action', 'Adventure', 'Sci-Fi']",['Military']
1583,009-1,TV,Manga,12,24,R - 17+ (violence & profanity),6.38,8216,8870,5098,24506,31,2006,['Seinen'],['Ishimori Entertainment'],['Sci-Fi'],['Mecha']
1584,,OVA,Original,2,27,PG-13 - Teens 13 or older,6.88,1322,5844,10859,3399,3,,[],['Studio Fantasia'],"['Comedy', 'Sci-Fi']",['Military']
1585,,OVA,Game,2,24,PG-13 - Teens 13 or older,3.54,1204,14959,11078,3199,2,,[],[],['Fantasy'],[]
1586,Tristia of the Deep Blue Sea,OVA,Visual novel,2,27,PG - Children,5.59,1828,12923,10041,4345,2,,[],['ufotable'],['Adventure'],['Mecha']
1587,Ghost Slayers Ayashi,TV,Original,25,23,R - 17+ (violence & profanity),6.86,4840,5957,5703,18408,26,2006,[],['Bones'],['Supernatural'],"['Historical', 'Mythology']"
1588,Venus to Mamoru!,TV,Light novel,24,23,PG-13 - Teens 13 or older,7.08,11573,4725,4752,29033,46,2006,[],['Zexcs'],"['Comedy', 'Romance']",['School']
1589,Bartender,TV,Manga,11,23,PG-13 - Teens 13 or older,7.33,32466,3091,2280,107757,545,2006,['Seinen'],['Palm Studio'],"['Drama', 'Gourmet']","['Adult Cast', 'Workplace']"
1590,Legendz: Tale of the Dragon Kings,TV,Unknown,50,24,G - All Ages,7.68,1548,1530,10275,4076,50,2004,[],['Gallop'],"['Action', 'Adventure', 'Comedy', 'Fantasy']",[]
1591,,TV,Other,12,23,PG-13 - Teens 13 or older,6.22,5301,9818,6098,15558,16,2006,[],['Ajia-do'],"['Comedy', 'Romance']",['School']
1592,,TV,Manga,11,22,PG-13 - Teens 13 or older,7.04,8607,4921,4798,28452,63,2006,['Seinen'],['Gallop'],"['Comedy', 'Drama', 'Romance']","['Adult Cast', 'Workplace']"
1593,Azumanga Web Daioh,ONA,4-koma manga,1,3,G - All Ages,6.73,20016,6721,4205,37820,39,,[],['Ajia-do'],['Comedy'],"['CGDCT', 'Gag Humor', 'School']"
1594,Hell Girl: Two Mirrors,TV,Original,26,25,R - 17+ (violence & profanity),7.89,71589,966,1608,172163,697,2006,[],['Studio Deen'],"['Horror', 'Mystery', 'Supernatural', 'Suspense']",['Psychological']
1595,Beast City,OVA,Light novel,3,41,Rx - Hentai,5.63,954,,10946,3312,10,,[],['C and R'],['Hentai'],[]
1596,Arcade Gamer Fubuki,OVA,Manga,4,29,PG-13 - Teens 13 or older,5.54,3458,13093,7336,9853,11,,[],['Shaft'],"['Comedy', 'Sports', 'Ecchi']","['Parody', 'Super Power', 'Video Game']"
1597,,TV,Original,48,8,G - All Ages,7.11,2840,4564,8269,7274,17,2002,[],['Madhouse'],['Comedy'],[]
1598,Casshan: Robot Hunter,OVA,Unknown,4,27,PG-13 - Teens 13 or older,6.43,4077,8579,7154,10502,14,,[],['Tatsunoko Production'],"['Adventure', 'Sci-Fi']",['Mecha']
1599,,TV,Manga,12,23,PG-13 - Teens 13 or older,6.95,3215,5421,8000,7892,12,1998,['Shounen'],['Studio Deen'],"['Action', 'Adventure', 'Sci-Fi']",['Super Power']
1600,,TV,Other,13,24,PG-13 - Teens 13 or older,6.53,2178,7991,8691,6439,4,2006,[],['Satelight'],"['Comedy', 'Sci-Fi']",[]
1601,Red Garden,TV,Original,22,23,R - 17+ (violence & profanity),7.1,12181,4638,3626,49461,149,2006,[],['Gonzo'],"['Drama', 'Mystery', 'Supernatural', 'Suspense']",['Psychological']
1602,Strain: Strategic Armored Infantry,TV,Original,13,24,R+ - Mild Nudity,7.09,9942,4691,5057,25088,80,2006,[],['Studio Fantasia'],"['Drama', 'Sci-Fi', 'Ecchi']","['Mecha', 'Military', 'Space']"
1603,Super Robot Wars The Original Generation: The Divine Wars,TV,Game,25,24,PG-13 - Teens 13 or older,6.86,3371,5957,7623,8962,15,2006,[],['OLM'],['Sci-Fi'],['Mecha']
1604,Reborn!,TV,Manga,203,24,PG-13 - Teens 13 or older,8.12,270544,571,429,587786,16359,2006,['Shounen'],['Artland'],"['Action', 'Comedy']","['Organized Crime', 'Super Power']"
1606,Kekkaishi,TV,Manga,52,24,PG-13 - Teens 13 or older,7.62,52834,1741,2139,119068,649,2006,['Shounen'],['Sunrise'],"['Action', 'Adventure', 'Supernatural']",['Mythology']
1607,Venus Versus Virus,TV,Manga,12,24,PG-13 - Teens 13 or older,6.4,12623,8810,4529,32279,47,2007,[],['Studio Hibari'],"['Drama', 'Romance', 'Supernatural']",[]
1608,,TV,Manga,20,25,R+ - Mild Nudity,7.42,3483,2650,6893,11494,39,2001,['Seinen'],['JCF'],"['Action', 'Comedy', 'Drama']","['Adult Cast', 'Martial Arts']"
1609,My-Otome Zwei,OVA,Original,4,27,R+ - Mild Nudity,7.25,10871,3650,5491,20371,27,,[],['Sunrise'],['Action'],[]
1611,,OVA,Game,3,24,R - 17+ (violence & profanity),5.4,1617,13545,10142,4222,17,,[],[],"['Adventure', 'Drama', 'Horror', 'Mystery', 'Sci-Fi', 'Supernatural', 'Suspense']","['Military', 'Psychological']"
1613,,OVA,Manga,1,11,G - All Ages,5.46,1544,13358,11194,3101,4,,['Shoujo'],['Trans Arts'],"['Comedy', 'Fantasy']",[]
1614,Captain Tsubasa,TV,Manga,52,24,PG-13 - Teens 13 or older,7.5,40051,2239,3133,64554,360,2001,['Shounen'],['Group TAC'],['Sports'],['Team Sports']
1617,,TV,Manga,4,21,PG - Children,6.72,1529,6821,9588,4982,8,2003,['Josei'],['Yumeta Company'],['Slice of Life'],['Pets']
1618,,TV,Novel,26,24,PG-13 - Teens 13 or older,6.75,1467,6631,8451,6907,9,1999,[],['J.C.Staff'],"['Action', 'Adventure', 'Sci-Fi']",[]
1619,Negima!? Magister Negi Magi: Spring,OVA,Manga,1,24,PG-13 - Teens 13 or older,7.06,9720,4825,5433,21095,13,,['Shounen'],"['Shaft', 'GANSIS']","['Comedy', 'Fantasy', 'Romance', 'Ecchi']","['Harem', 'Super Power']"
1620,,OVA,Manga,4,28,R+ - Mild Nudity,6.22,1310,9825,10510,3751,5,,['Shounen'],['TMS Entertainment'],"['Action', 'Adventure', 'Comedy', 'Sci-Fi']",['Space']
1621,,OVA,Visual novel,1,20,PG-13 - Teens 13 or older,4.72,1071,14632,11911,2547,0,,[],['Asahi Production'],"['Action', 'Comedy']",['School']
1622,,OVA,Original,1,46,R - 17+ (violence & profanity),5.57,3921,13008,7733,8652,6,,[],['Production I.G'],"['Action', 'Fantasy']",['Historical']
1623,,TV,Original,13,22,R+ - Mild Nudity,6.17,2069,10066,8835,6168,6,2002,[],"['Shaft', 'TNK']","['Action', 'Comedy', 'Sci-Fi', 'Ecchi']",['School']
1624,,Special,Visual novel,1,23,PG-13 - Teens 13 or older,6.64,1739,7345,9840,4604,2,,[],['OLM'],"['Drama', 'Romance']",['School']
1625,,Special,Visual novel,1,25,PG-13 - Teens 13 or older,6.18,1394,10053,10811,3444,2,,[],['Picture Magic'],"['Adventure', 'Comedy', 'Romance', 'Sci-Fi', 'Ecchi']","['Military', 'Space']"
1626,Harmagedon,Movie,Manga,1,131,R+ - Mild Nudity,5.49,2684,13267,8121,7651,6,,['Shounen'],['Madhouse'],"['Adventure', 'Drama', 'Sci-Fi', 'Supernatural']",['Mecha']
1627,Dangaizer 3,OVA,Original,4,30,R+ - Mild Nudity,6.0,1247,10996,10187,4170,6,,[],['Chaos Project'],"['Adventure', 'Sci-Fi', 'Ecchi']",['Mecha']
1628,Demon Lord Dante,TV,Manga,13,24,R+ - Mild Nudity,6.09,4479,10543,6622,12671,12,2002,['Shounen'],['Magic Bus'],"['Action', 'Horror', 'Supernatural']",['Mythology']
1629,The Devil Lady,TV,Manga,26,24,R+ - Mild Nudity,6.73,7731,6731,4706,29715,116,1998,['Seinen'],['TMS Entertainment'],"['Action', 'Drama', 'Horror', 'Suspense']",['Psychological']
1630,Elf Princess Rane,OVA,Original,2,27,R+ - Mild Nudity,6.29,2511,9463,9224,5534,7,,[],['Dangun Pictures'],"['Adventure', 'Comedy', 'Fantasy']",[]
1631,,TV Special,Original,1,25,PG-13 - Teens 13 or older,6.94,4938,5493,6595,12804,10,,[],['Bones'],['Sci-Fi'],['Mecha']
1632,Princess 69: Midnight Gymnastics,OVA,Visual novel,2,29,Rx - Hentai,5.94,2222,,9092,5773,15,,[],['AT-2'],['Hentai'],['School']
1633,Princess 69,OVA,Visual novel,4,31,Rx - Hentai,6.28,2701,,8137,7624,40,,[],['ORADA COMPANY'],['Hentai'],[]
1634,Immoral Sisters,OVA,Visual novel,3,31,Rx - Hentai,6.49,5095,,6867,11593,40,,[],['Office Take Off'],['Hentai'],[]
1635,Immoral Sisters 2,OVA,Visual novel,2,32,Rx - Hentai,6.49,4032,,7503,9322,20,,[],['Actas'],['Hentai'],[]
1636,Immoral Sisters: Blossoming,OVA,Visual novel,2,28,Rx - Hentai,6.02,2693,,8432,6953,16,,[],['Arms'],['Hentai'],[]
1637,The Poem of Wind and Trees,OVA,Manga,1,59,PG-13 - Teens 13 or older,6.95,8201,5432,5778,17898,124,,['Shoujo'],['Triangle Staff'],"['Boys Love', 'Drama']","['Historical', 'School']"
1638,Peter Pan & Wendy,TV,Book,41,23,G - All Ages,6.78,2217,6438,9241,5514,12,1989,[],['Nippon Animation'],"['Adventure', 'Fantasy']",[]
1639,,OVA,Original,1,32,Rx - Hentai,4.2,125038,,1479,188707,1782,,[],"['Sugar Boy', 'Blue Cat']","['Boys Love', 'Hentai']",[]
1640,Angel's Feather,OVA,Visual novel,2,29,PG-13 - Teens 13 or older,5.41,10531,13496,5376,21668,32,,[],['Venet'],"['Boys Love', 'Drama', 'Fantasy', 'Sci-Fi']",['School']
1641,Iron Virgin Jun,OVA,Manga,1,46,R - 17+ (violence & profanity),4.57,1500,14750,10581,3667,2,,['Seinen'],['Dynamic Planning'],"['Action', 'Comedy', 'Fantasy', 'Ecchi']","['Martial Arts', 'Super Power']"
1642,Sugar Sugar Rune,TV,Manga,51,24,PG - Children,7.57,19504,1945,3660,48797,551,2005,['Shoujo'],['Studio Pierrot'],"['Comedy', 'Drama']",['Mahou Shoujo']
1643,,OVA,Original,2,27,R+ - Mild Nudity,6.35,1392,9080,11248,3054,3,,[],['animate Film'],"['Comedy', 'Sci-Fi']",['Mecha']
1644,,OVA,Original,2,28,PG-13 - Teens 13 or older,6.22,1228,9840,11177,3112,4,,[],"['J.C.Staff', 'Front Line']","['Fantasy', 'Romance']",[]
1645,Harlock Saga,OVA,Manga,6,25,R - 17+ (violence & profanity),6.77,2913,6490,8146,7601,6,,['Seinen'],"['Studio Z5', 'Studio March']","['Action', 'Adventure', 'Drama', 'Sci-Fi']",['Space']
1647,Apocalypse Zero,OVA,Manga,2,37,R+ - Mild Nudity,4.98,5509,14371,6352,13936,48,,['Shounen'],['Ashi Productions'],"['Horror', 'Sci-Fi']","['Gore', 'Mecha', 'Super Power']"
1648,"UFO Ultramaiden Valkyrie 4: Banquet of Time, Dreams, and Galaxies",OVA,Manga,2,24,PG-13 - Teens 13 or older,6.96,3172,5395,8361,7095,1,,['Shounen'],['TNK'],"['Comedy', 'Romance', 'Sci-Fi']",[]
1650,Star Blazers: The Quest for Iscandar,TV,Original,26,25,PG-13 - Teens 13 or older,7.68,8948,1538,4484,33102,247,1974,[],['Office Academy'],"['Action', 'Adventure', 'Award Winning', 'Drama', 'Sci-Fi']","['Adult Cast', 'Military', 'Space']"
1651,Star Blazers: The Comet Empire,TV,Original,26,24,PG-13 - Teens 13 or older,7.54,3640,2093,7260,10155,29,1978,[],['Academy Productions'],"['Action', 'Adventure', 'Drama', 'Sci-Fi']","['Adult Cast', 'Military', 'Space']"
1652,Star Blazers: The Bolar Wars,TV,Original,25,24,PG-13 - Teens 13 or older,7.22,2468,3872,8202,7436,9,1980,[],['Academy Productions'],"['Action', 'Adventure', 'Drama', 'Sci-Fi']","['Adult Cast', 'Military', 'Space']"
1654,Girl Meets Girl,OVA,Manga,1,26,PG-13 - Teens 13 or older,6.76,9183,6553,5957,16545,20,,[],['Studio Hibari'],"['Comedy', 'Drama', 'Girls Love']","['Love Polygon', 'Magical Sex Shift', 'School']"
1655,Nerima Daikon Brothers,TV,Original,12,24,R+ - Mild Nudity,7.34,4048,3065,7274,10108,73,2006,[],['Studio Hibari'],['Comedy'],['Music']
1656,,TV,Unknown,24,3,G - All Ages,5.27,203,13879,17086,654,0,2004,['Kids'],[],['Comedy'],[]
1657,Garzey's Wing,OVA,Novel,3,30,PG-13 - Teens 13 or older,4.13,7168,14889,5720,18288,101,,[],['J.C.Staff'],"['Action', 'Fantasy']",['Isekai']
1658,Puppet Princess,OVA,Manga,1,41,R+ - Mild Nudity,6.82,5047,6181,6486,13279,25,,['Shounen'],['TMS Entertainment'],"['Action', 'Comedy', 'Fantasy', 'Horror']","['Historical', 'Martial Arts', 'Samurai']"
1659,,Special,Original,9,3,PG-13 - Teens 13 or older,6.92,2901,5591,8629,6563,4,,[],['Sunrise'],"['Comedy', 'Drama', 'Fantasy']",[]
1660,Kurogane Communication,TV,Manga,24,14,R+ - Mild Nudity,6.93,2108,5539,8065,7746,7,1998,[],['APPP'],"['Action', 'Adventure', 'Drama', 'Sci-Fi']",[]
1661,,TV,Manga,25,25,PG-13 - Teens 13 or older,6.52,5084,8039,5535,19964,56,1973,[],['Toei Animation'],"['Action', 'Sci-Fi', 'Ecchi']",['School']
1662,,OVA,Manga,1,57,R+ - Mild Nudity,6.49,1666,8256,9995,4409,1,,['Seinen'],['TMS Entertainment'],"['Drama', 'Sci-Fi']",['Space']
1663,From the Appenines to the Andes,TV,Book,52,26,G - All Ages,7.57,4379,1931,6543,13013,66,1976,[],['Nippon Animation'],"['Adventure', 'Drama']",['Historical']
1664,Babel II: Beyond Infinity,TV,Manga,13,24,PG-13 - Teens 13 or older,5.94,1476,11273,9823,4624,3,2001,['Shounen'],['Vega Entertainment'],"['Action', 'Adventure', 'Mystery', 'Sci-Fi', 'Supernatural']",[]
1665,Babel II,OVA,Manga,4,27,PG-13 - Teens 13 or older,6.24,1447,9674,10650,3592,4,,['Shounen'],['J.C.Staff'],['Sci-Fi'],['Mecha']
1666,Babel II,TV,Manga,39,24,PG-13 - Teens 13 or older,6.88,846,5803,11519,2839,2,1973,['Shounen'],['Toei Animation'],"['Adventure', 'Sci-Fi', 'Supernatural']",[]
1667,Barom 1,TV,Manga,13,24,PG-13 - Teens 13 or older,5.7,1090,12451,10970,3290,3,2003,['Shounen'],['E&G Films'],"['Action', 'Sci-Fi', 'Supernatural']",[]
1668,Beyblade G Revolution,TV,Manga,52,23,PG - Children,7.04,32857,4906,3474,53744,235,2003,['Shounen'],['Nippon Animation'],"['Action', 'Adventure', 'Comedy', 'Sci-Fi']",[]
1669,Beyblade V-Force,TV,Manga,51,23,PG - Children,6.79,46048,6338,2889,74065,128,2002,['Shounen'],['Nippon Animation'],"['Action', 'Adventure', 'Comedy', 'Sci-Fi']",[]
1670,Beyblade the Movie: Decisive Battle! Takao VS Daichi,Movie,Manga,1,70,G - All Ages,6.72,7491,6781,6447,13475,10,,['Shounen'],"['Nippon Animation', 'Synergy Japan']","['Action', 'Adventure', 'Comedy', 'Sci-Fi']",[]
1671,Starship Girl Yamamoto Yohko II,OVA,Novel,3,28,PG-13 - Teens 13 or older,6.5,1186,8197,10881,3366,1,,[],['J.C.Staff'],"['Action', 'Adventure', 'Sci-Fi']",[]
1672,,TV,Game,48,24,PG - Children,7.03,1949,4967,10189,4175,10,1998,[],['Madhouse'],"['Comedy', 'Sci-Fi']",[]
1673,,TV,Game,50,24,PG-13 - Teens 13 or older,6.88,1221,5806,11500,2851,0,1999,[],['Madhouse'],['Sci-Fi'],[]
1674,,TV,Manga,47,27,G - All Ages,7.37,19107,2879,4503,32716,92,1994,['Shounen'],['Studio Comet'],['Sports'],['Team Sports']
1675,Transformers Armada,TV,Other,52,24,PG-13 - Teens 13 or older,6.9,6183,5695,6858,11620,63,2003,[],['Actas'],['Sci-Fi'],['Mecha']
1676,,TV,Game,13,24,PG-13 - Teens 13 or older,6.7,2493,6942,8405,7007,6,2001,[],['Vega Entertainment'],"['Action', 'Adventure', 'Sci-Fi']","['Military', 'Space']"
1677,Cosmo Warrior Zero - Hunt for Young Harlock,TV Special,Game,2,24,PG-13 - Teens 13 or older,6.38,1168,8927,11209,3088,0,,[],['Vega Entertainment'],"['Adventure', 'Drama', 'Sci-Fi']","['Military', 'Space']"
1678,Cyborg 009,TV,Manga,50,24,PG-13 - Teens 13 or older,7.37,14108,2881,4190,38203,209,2001,['Shounen'],['Japan Vistec'],"['Action', 'Adventure', 'Sci-Fi']",[]
1679,,OVA,Visual novel,3,9,R+ - Mild Nudity,6.17,5260,10071,6948,11271,7,,[],['Studio Matrix'],"['Comedy', 'Romance', 'Ecchi']",[]
1681,Brave Story,Movie,Novel,1,112,G - All Ages,7.42,21586,2610,3709,47713,197,,[],['Gonzo'],"['Action', 'Adventure', 'Fantasy']",['Isekai']
1682,,OVA,Visual novel,4,29,R+ - Mild Nudity,6.55,8138,7853,5665,18785,32,,[],['Satelight'],"['Drama', 'Sci-Fi']",['Mecha']
1683,,TV,Unknown,104,12,G - All Ages,7.2,3226,3959,7537,9199,51,2003,[],['Madhouse'],"['Comedy', 'Fantasy', 'Sci-Fi']",[]
1684,.Koni-chan,TV,Original,26,25,PG-13 - Teens 13 or older,7.43,2261,2574,8863,6143,26,2000,[],['Shaft'],['Comedy'],"['Gag Humor', 'Parody']"
1685,,TV,Manga,26,21,PG-13 - Teens 13 or older,5.89,13648,11551,5078,24807,43,2002,['Kids'],"['Studio Hibari', 'A.C.G.T.']","['Action', 'Comedy', 'Fantasy']",['Strategy Game']
1686,Bleach the Movie: Memories of Nobody,Movie,Manga,1,92,PG-13 - Teens 13 or older,7.44,184119,2522,928,302416,689,,['Shounen'],['Studio Pierrot'],"['Action', 'Adventure', 'Supernatural']",[]
1688,,TV,Visual novel,12,24,PG-13 - Teens 13 or older,7.14,9974,4374,5076,24843,89,2007,[],['Studio Barcelona'],['Romance'],"['Mahou Shoujo', 'School']"
1689,5 Centimeters per Second,Movie,Original,3,22,PG-13 - Teens 13 or older,7.55,601060,2005,184,1014902,11463,,[],['CoMix Wave Films'],"['Drama', 'Romance']",[]
1690,Bokurano,TV,Manga,24,23,R - 17+ (violence & profanity),7.61,56618,1758,1381,203147,1227,2007,['Seinen'],['Gonzo'],"['Drama', 'Sci-Fi', 'Suspense']","['Mecha', 'Psychological', 'Survival']"
1691,Kaze no Stigma,TV,Light novel,24,24,PG-13 - Teens 13 or older,7.15,245377,4291,554,474719,1978,2007,[],['Gonzo'],"['Action', 'Romance', 'Supernatural']",[]
1692,,OVA,Visual novel,2,24,PG-13 - Teens 13 or older,5.89,6069,11581,6825,11755,5,,[],['Rikuentai'],"['Drama', 'Romance']",['Harem']
1693,Reideen,TV,Original,26,24,PG-13 - Teens 13 or older,6.76,3537,6577,7137,10577,9,2007,[],['Production I.G'],['Sci-Fi'],['Mecha']
1694,IDOLM@STER Xenoglossia,TV,Game,26,23,PG-13 - Teens 13 or older,6.57,7698,7740,5067,24951,32,2007,[],['Sunrise'],"['Comedy', 'Sci-Fi']",['Mecha']
1695,,TV,Novel,52,24,G - All Ages,7.98,11259,790,4387,34831,317,2007,[],['Nippon Animation'],['Drama'],['Historical']
1696,Murder Princess,OVA,Manga,6,24,R - 17+ (violence & profanity),7.0,30748,5165,3221,61342,166,,[],['Bee Train'],"['Action', 'Adventure', 'Fantasy']",['Gore']
1698,Nodame Cantabile,TV,Manga,23,22,PG-13 - Teens 13 or older,8.25,134816,383,846,332761,4995,2007,['Josei'],['J.C.Staff'],"['Comedy', 'Romance']","['Adult Cast', 'Music', 'Performing Arts']"
1699,Romeo x Juliet,TV,Book,24,24,PG-13 - Teens 13 or older,7.59,77868,1861,1445,192797,1217,2007,[],['Gonzo'],"['Drama', 'Fantasy', 'Romance']",['Historical']
1701,My Dear Marie,OVA,Manga,3,28,R+ - Mild Nudity,6.46,2614,8389,8617,6577,13,,['Seinen'],['Studio Pierrot'],"['Comedy', 'Romance', 'Sci-Fi', 'Ecchi']",[]
1702,Square Of The Moon: The Night Is Coming!,OVA,Visual novel,4,30,Rx - Hentai,5.51,832,,10782,3472,3,,[],['Shinkuukan'],"['Horror', 'Supernatural', 'Hentai']","['Mythology', 'Super Power']"
1703,,TV,Manga,13,24,R+ - Mild Nudity,6.62,2981,7461,6524,13078,32,2006,[],['Madhouse'],"['Action', 'Drama']",[]
1704,,TV,Manga,12,24,R - 17+ (violence & profanity),6.61,4291,7491,6189,14931,34,1997,['Shounen'],['Studio Deen'],"['Action', 'Adventure', 'Sci-Fi']",['Super Power']
1705,Genma Wars,TV,Manga,13,24,R+ - Mild Nudity,5.49,1104,13268,11518,2836,1,2002,['Seinen'],['E&G Films'],"['Adventure', 'Fantasy']",[]
1706,,TV,Manga,13,24,PG-13 - Teens 13 or older,6.65,4391,7254,6607,12742,25,2002,['Seinen'],['Vega Entertainment'],"['Action', 'Adventure', 'Drama', 'Sci-Fi']",['Historical']
1707,Ultimate Muscle,TV,Manga,51,24,PG-13 - Teens 13 or older,6.98,9957,5253,5562,19702,73,2002,[],['Toei Animation'],"['Comedy', 'Sci-Fi', 'Sports']",['Combat Sports']
1708,Beast Fighter: The Apocalypse,TV,Manga,13,24,R+ - Mild Nudity,5.54,1011,13115,10531,3728,4,2003,['Shounen'],['Magic Bus'],"['Action', 'Supernatural']","['Mythology', 'Super Power']"
1709,Pokémon: Mewtwo Returns,TV Special,Game,1,65,PG - Children,7.1,49542,4634,2687,83758,26,,['Kids'],['OLM'],"['Action', 'Adventure', 'Comedy', 'Drama', 'Fantasy']",[]
1710,MegaMan NT Warrior,TV,Game,56,23,PG-13 - Teens 13 or older,6.95,21448,5451,3941,43152,159,2002,[],['Xebec'],"['Action', 'Adventure', 'Comedy', 'Sci-Fi']",['Video Game']
1711,,TV,Original,13,22,PG-13 - Teens 13 or older,6.49,1456,8307,10303,4047,4,2004,[],['TNK'],"['Adventure', 'Comedy', 'Romance', 'Sci-Fi', 'Ecchi']",[]
1712,,TV,Manga,13,24,PG-13 - Teens 13 or older,6.21,789,9895,12380,2227,1,2002,['Shounen'],"['Plum', 'Studio Guts']",['Sci-Fi'],['Mecha']
1713,,TV,Manga,13,24,PG-13 - Teens 13 or older,6.78,1026,6453,11226,3077,2,2003,['Shounen'],['Vega Entertainment'],"['Action', 'Adventure', 'Sci-Fi']",['Military']
1718,Di Gi Charat: Winter Garden,TV Special,Original,2,23,G - All Ages,6.65,4202,7300,7604,9026,15,,[],['J.C.Staff'],"['Drama', 'Romance']",[]
1719,Rozen Maiden: Ouvertüre,TV Special,Manga,2,24,PG-13 - Teens 13 or older,7.73,35808,1378,3135,64432,220,,['Seinen'],['Nomad'],"['Action', 'Drama', 'Supernatural']",[]
1720,,OVA,Visual novel,3,28,PG-13 - Teens 13 or older,7.01,3430,5132,7893,8186,8,,[],['Chaos Project'],"['Comedy', 'Drama', 'Romance']","['Harem', 'School']"
1721,,TV,Manga,12,23,PG-13 - Teens 13 or older,6.84,8478,6055,5346,21928,32,2007,['Seinen'],['XEBEC M2'],"['Drama', 'Romance']","['Performing Arts', 'School']"
1722,,TV,Manga,26,24,PG-13 - Teens 13 or older,7.24,47016,3730,2249,109629,424,2007,['Shounen'],['feel.'],"['Comedy', 'Fantasy', 'Romance', 'Ecchi']",['Harem']
1723,Clannad The Motion Picture,Movie,Visual novel,1,93,PG-13 - Teens 13 or older,7.25,95806,3622,1483,188019,461,,[],['Toei Animation'],"['Drama', 'Romance', 'Supernatural']",['School']
1724,,TV,Original,26,25,PG-13 - Teens 13 or older,6.99,1931,5217,7817,8404,9,2007,[],['Studio Comet'],"['Adventure', 'Fantasy']",[]
1725,,ONA,Visual novel,6,7,PG-13 - Teens 13 or older,5.2,2268,14010,8918,6074,2,,[],['Studio Hibari'],"['Comedy', 'Drama', 'Romance']",['School']
1726,Devil May Cry,TV,Game,12,24,R - 17+ (violence & profanity),6.96,184364,5354,801,347053,1836,2007,[],['Madhouse'],"['Action', 'Fantasy']","['Gore', 'Mythology']"
1727,Polyphonica,TV,Visual novel,12,24,PG-13 - Teens 13 or older,6.86,11340,5954,4476,33293,46,2007,[],['Ginga Ya'],"['Drama', 'Fantasy', 'Romance']","['Music', 'School']"
1728,Super GALS!,TV,Manga,52,24,PG-13 - Teens 13 or older,7.55,9507,2046,4891,27176,244,2001,['Shoujo'],['Studio Pierrot'],['Comedy'],[]
1729,Maria Watches Over Us 3rd,OVA,Light novel,5,51,PG-13 - Teens 13 or older,7.87,11655,1027,5007,25712,101,,['Shoujo'],['Studio Deen'],"['Drama', 'Girls Love']",['School']
1731,,OVA,Game,4,32,PG-13 - Teens 13 or older,7.19,24196,4057,3414,55212,145,,[],['ufotable'],"['Action', 'Adventure', 'Fantasy']",['Martial Arts']
1732,Negima!? Magister Negi Magi: Summer,OVA,Manga,1,27,PG-13 - Teens 13 or older,7.06,8633,4827,5678,18634,13,,['Shounen'],"['Shaft', 'GANSIS']","['Comedy', 'Fantasy', 'Romance', 'Ecchi']",[]
1733,,Movie,Original,1,27,PG-13 - Teens 13 or older,6.55,2446,7861,9297,5435,2,,[],['Actas'],"['Action', 'Sci-Fi']",['Racing']
1734,,ONA,Original,4,28,PG-13 - Teens 13 or older,6.35,6404,9044,6113,15450,21,,[],['Actas'],"['Comedy', 'Drama', 'Romance']","['Music', 'School']"
1735,Naruto Shippuden,TV,Manga,500,23,PG-13 - Teens 13 or older,8.29,1824696,336,15,2749050,120510,2007,['Shounen'],['Studio Pierrot'],"['Action', 'Adventure', 'Fantasy']",['Martial Arts']
1736,,OVA,Manga,14,24,PG-13 - Teens 13 or older,7.28,2971,3409,8931,6042,12,,['Shounen'],['TMS Entertainment'],"['Action', 'Adventure']",[]
1737,Space Warrior Baldios,TV,Unknown,34,24,PG-13 - Teens 13 or older,7.07,1059,4791,10630,3614,11,1980,[],['Ashi Productions'],"['Adventure', 'Drama', 'Sci-Fi']","['Mecha', 'Space']"
1738,Ramen Fighter Miki,TV,Manga,12,24,PG-13 - Teens 13 or older,7.16,9042,4244,5275,22658,67,2006,['Shounen'],['Telecom Animation Film'],"['Action', 'Comedy']","['Martial Arts', 'Parody', 'Workplace']"
1739,,TV,Picture book,80,2,G - All Ages,6.28,175,9498,15644,918,1,2006,['Kids'],['Three-d'],[],['Educational']
1740,Government Crime Investigation Agent Zaizen Jotaro,TV,Manga,11,23,R - 17+ (violence & profanity),6.15,757,10209,11902,2551,3,2006,['Seinen'],['Trans Arts'],"['Action', 'Drama', 'Mystery']",['Detective']
1741,,Special,Original,4,14,PG-13 - Teens 13 or older,5.44,918,13411,12472,2176,0,,[],"['Imagin', 'Studio Live']","['Comedy', 'Ecchi']",[]
1742,Legend of the Dragon Kings,OVA,Novel,12,45,R - 17+ (violence & profanity),6.85,1308,6025,10157,4204,10,,[],['Kitty Film Mitaka Studio'],"['Drama', 'Mystery', 'Supernatural']",['Super Power']
1743,Super Milk-Chan,TV,Unknown,14,8,R+ - Mild Nudity,6.08,2393,10619,9016,5929,19,1998,[],['Tokyo Kids'],"['Action', 'Comedy', 'Sci-Fi']",['Parody']
1744,Mirmo Zibang!,TV,Manga,172,21,G - All Ages,7.36,9570,2972,5331,22117,142,2002,['Shoujo'],['Studio Hibari'],"['Adventure', 'Comedy', 'Drama', 'Fantasy', 'Romance']",['School']
1745,Wild 7 Another,TV,Manga,13,24,R - 17+ (violence & profanity),5.09,370,14222,13250,1705,1,2002,['Shounen'],['E&G Films'],"['Action', 'Adventure', 'Mystery']","['Detective', 'Gore']"
1746,Zoids Fuzors,TV,Unknown,26,24,PG-13 - Teens 13 or older,6.4,5304,8817,6769,11995,18,2004,[],['Tokyo Kids'],"['Adventure', 'Sci-Fi']",['Mecha']
1747,Freedom,OVA,Original,7,28,PG-13 - Teens 13 or older,7.4,8377,2748,4949,26398,72,,[],['Sunrise'],"['Action', 'Adventure', 'Sci-Fi']","['Racing', 'Space']"
1748,,OVA,Original,8,15,PG-13 - Teens 13 or older,6.89,1649,5771,10417,3866,9,,['Shounen'],['Madhouse'],"['Comedy', 'Sci-Fi']",[]
1749,Ah! My Buddha Special,Special,Manga,1,23,R+ - Mild Nudity,6.61,8071,7471,6067,15751,1,,['Seinen'],['Studio Deen'],"['Comedy', 'Romance', 'Supernatural', 'Ecchi']",['Harem']
1750,Ah My Buddha Katsu Special,Special,Manga,1,23,R+ - Mild Nudity,6.56,7351,7780,6124,15353,8,,['Seinen'],['Studio Deen'],"['Comedy', 'Romance', 'Supernatural', 'Ecchi']",['Harem']
1751,Chrono Trigger,OVA,Game,1,16,PG-13 - Teens 13 or older,5.3,4206,13806,8150,7586,8,,[],['Production I.G'],"['Action', 'Comedy', 'Fantasy']",[]
1752,Di Gi Charat Movie: A Trip To The Planet,Movie,Original,1,21,PG-13 - Teens 13 or older,6.87,2242,5865,9714,4782,4,,[],['Madhouse'],['Comedy'],[]
1753,,Special,Original,1,13,PG-13 - Teens 13 or older,6.48,1456,8272,11175,3118,1,,[],['Madhouse'],['Comedy'],[]
1754,,TV Special,Original,4,11,G - All Ages,6.74,2527,6661,9591,4974,5,,[],['Madhouse'],['Comedy'],[]
1755,,Special,Original,4,10,G - All Ages,6.96,2069,5357,10069,4317,2,,[],['Madhouse'],['Comedy'],[]
1756,,Special,Original,4,11,G - All Ages,6.87,2095,5860,10105,4266,2,,[],['Madhouse'],['Comedy'],[]
1757,,Special,Original,1,23,G - All Ages,6.8,2700,6280,9482,5156,4,,[],['Madhouse'],['Comedy'],[]
1758,,Special,Original,2,13,G - All Ages,6.74,1418,6664,10962,3301,2,,[],['Madhouse'],['Comedy'],[]
1759,Black Lion,OVA,Manga,1,42,R - 17+ (violence & profanity),5.87,2542,11652,9341,5369,8,,['Shounen'],"['Tokyo Kids', 'Minami Machi Bugyousho']","['Action', 'Adventure', 'Sci-Fi']","['Gore', 'Historical', 'Samurai']"
1760,Golgo 13: The Professional,Movie,Manga,1,93,R+ - Mild Nudity,6.87,9543,5864,5284,22569,81,,['Seinen'],['Tokyo Movie Shinsha'],"['Action', 'Adventure', 'Drama']","['Adult Cast', 'Military']"
1761,Golgo 13: Queen Bee,OVA,Manga,1,56,R+ - Mild Nudity,6.72,5586,6800,6632,12633,11,,['Seinen'],['Tezuka Productions'],"['Action', 'Adventure', 'Drama']","['Adult Cast', 'Military']"
1762,The Heroic Legend of Arslan,OVA,Novel,6,38,PG-13 - Teens 13 or older,6.94,7033,5475,5154,23902,92,,[],"['animate Film', 'Aubeck']","['Action', 'Adventure', 'Drama', 'Fantasy']",['Historical']
1763,,OVA,Manga,2,29,Rx - Hentai,5.82,1195,,10889,3362,7,,[],['Arms'],"['Action', 'Adventure', 'Fantasy', 'Hentai']",[]
1764,,Movie,Manga,1,30,PG-13 - Teens 13 or older,7.35,11995,3025,5184,23591,30,,['Shounen'],['Toei Animation'],['Sports'],"['School', 'Team Sports']"
1765,Vampire Wars,OVA,Novel,1,55,R+ - Mild Nudity,4.92,2828,14433,9078,5792,5,,[],['Toei Animation'],['Supernatural'],"['Super Power', 'Vampire']"
1766,Suikoden Demon Century,OVA,Light novel,1,45,R - 17+ (violence & profanity),6.05,1717,10799,10288,4056,3,,[],['J.C.Staff'],"['Action', 'Fantasy']",['Martial Arts']
1767,Psycho Diver: Soul Siren,OVA,Novel,1,48,R+ - Mild Nudity,5.8,2859,12032,8014,7851,6,,[],"['Madhouse', 'Studio Junio']","['Horror', 'Sci-Fi']","['Gore', 'Psychological']"
1768,Kikaider 01: The Animation,OVA,Other,4,27,PG-13 - Teens 13 or older,6.94,1758,5484,10485,3780,9,,['Shounen'],"['Radix', 'Studio OX']","['Adventure', 'Drama', 'Sci-Fi']",['Mecha']
1769,The Super Milk-Chan Show,TV,Original,12,21,R - 17+ (violence & profanity),6.21,2962,9886,8479,6840,48,2000,[],['Studio Pierrot'],"['Action', 'Comedy', 'Sci-Fi']",['Parody']
1770,Sibling Secret: She's the Twisted Sister,OVA,Visual novel,3,30,Rx - Hentai,5.66,965,,11266,3048,2,,[],['AT-2'],['Hentai'],[]
1771,Ring ni Kakero 1 Episode: The Pacific War,TV,Manga,12,23,PG-13 - Teens 13 or older,7.01,1217,5123,11168,3123,1,2006,['Shounen'],['Toei Animation'],['Sports'],['Combat Sports']
1772,Virgin Fleet,OVA,Unknown,3,29,PG-13 - Teens 13 or older,5.71,1277,12437,11149,3134,0,,[],['AIC'],"['Fantasy', 'Sci-Fi']","['Military', 'School']"
1773,Fist of the North Star: Raoh Side Story Junai Arc,Movie,Manga,1,95,R - 17+ (violence & profanity),7.51,5857,2197,6528,13072,19,,['Shounen'],['TMS Entertainment'],"['Action', 'Adventure']",['Martial Arts']
1774,HeatGuy J: Angel,Special,Original,1,25,PG-13 - Teens 13 or older,6.88,1235,5813,11239,3067,1,,[],['Satelight'],"['Action', 'Adventure', 'Sci-Fi']",['Organized Crime']
1775,Dimension Movement of Nazca,TV,Original,12,24,PG-13 - Teens 13 or older,5.68,1943,12564,7397,9654,15,1998,[],['Radix'],"['Action', 'Adventure', 'Drama', 'Fantasy']",['Reincarnation']
1776,Red Hawk - Weapon Of Death,Movie,Unknown,1,84,PG-13 - Teens 13 or older,5.5,651,13237,13582,1552,1,,[],[],['Action'],"['Martial Arts', 'Super Power']"
1777,The Weathering Continent,Movie,Light novel,1,54,PG-13 - Teens 13 or older,6.37,3209,8961,7702,8735,19,,[],['Production I.G'],"['Action', 'Adventure', 'Fantasy']",[]
1778,,TV,Other,26,24,PG - Children,7.23,1779,3761,9362,5333,44,2005,[],[],"['Adventure', 'Comedy', 'Gourmet']",['Historical']
1779,Bomb Milk Sisters,OVA,Original,2,29,Rx - Hentai,6.19,1771,,9384,5301,16,,[],['Y.O.U.C'],['Hentai'],[]
1780,Beat Angel Escalayer,OVA,Visual novel,3,28,Rx - Hentai,6.63,5080,,6773,11979,40,,[],['Chaos Project'],"['Sci-Fi', 'Supernatural', 'Hentai']",['Super Power']
1781,,OVA,Original,1,27,Rx - Hentai,6.2,1516,,9401,5280,14,,[],['Chaos Project'],['Hentai'],[]
1782,Hyakki: The Secret of Devil's Island,OVA,Visual novel,3,29,Rx - Hentai,5.56,997,,10741,3509,6,,[],['Arms'],"['Horror', 'Hentai']",[]
1783,Younger Sister Juice,OVA,Visual novel,2,29,Rx - Hentai,6.48,4479,,6949,11265,41,,[],['T-Rex'],['Hentai'],[]
1784,Bride of Darkness,OVA,Original,2,26,Rx - Hentai,5.33,679,,12337,2261,5,,[],['PP Project'],['Hentai'],[]
1785,The Story of Little Monica,OVA,Visual novel,2,30,Rx - Hentai,6.43,4373,,7326,9929,26,,[],['Y.O.U.C'],['Hentai'],[]
1786,Sprite: Between Two Worlds,OVA,Manga,2,40,R+ - Mild Nudity,5.98,1423,11117,10363,3946,2,,['Seinen'],['J.C.Staff'],"['Comedy', 'Romance', 'Ecchi']",['School']
1787,Viper GTS,OVA,Visual novel,3,28,Rx - Hentai,7.05,7129,,6164,15084,121,,[],['Studio G-1Neo'],"['Supernatural', 'Hentai']",['Mythology']
1788,Fruits Cup,OVA,Visual novel,2,23,Rx - Hentai,5.61,1552,,9646,4892,8,,[],['Shinkuukan'],['Hentai'],[]
1789,,Special,Original,1,25,PG-13 - Teens 13 or older,6.32,1853,9237,10030,4359,1,,[],['Sunrise'],['Sci-Fi'],['Mecha']
1790,,Special,Original,1,10,PG-13 - Teens 13 or older,5.78,801,12127,12619,2088,1,,[],[],"['Action', 'Comedy', 'Romance', 'Sci-Fi', 'Ecchi']",['Military']
1791,Love Doll,OVA,Visual novel,4,31,Rx - Hentai,5.63,1599,,9851,4595,6,,[],['Y.O.U.C'],"['Drama', 'Hentai']",[]
1792,,TV,Original,26,25,PG-13 - Teens 13 or older,7.28,5052,3444,5963,16502,60,2002,[],['Sunrise'],"['Adventure', 'Sci-Fi']",['Mecha']
1793,A Wind Named Amnesia,Movie,Light novel,1,80,R+ - Mild Nudity,6.38,9631,8893,5100,24478,56,,[],['Madhouse'],"['Action', 'Avant Garde', 'Drama', 'Sci-Fi']",[]
1794,Dirty Pair: Affair of Nolandia,OVA,Light novel,1,56,R+ - Mild Nudity,6.53,3027,7982,8437,6928,2,,[],['Sunrise'],"['Action', 'Adventure', 'Comedy', 'Sci-Fi']",[]
1795,Original Dirty Pair: Flight 005 Conspiracy,OVA,Light novel,1,59,R - 17+ (violence & profanity),6.9,2698,5701,8720,6384,3,,[],['Sunrise'],"['Action', 'Adventure', 'Comedy', 'Sci-Fi']",[]
1796,Dirty Pair: Project Eden,Movie,Light novel,1,81,PG-13 - Teens 13 or older,7.29,5042,3348,6560,12929,49,,[],['Sunrise'],"['Action', 'Adventure', 'Comedy', 'Sci-Fi']",[]
1797,Animation Runner Kuromi,OVA,Original,1,37,PG-13 - Teens 13 or older,6.97,5623,5286,6865,11591,15,,[],['Yumeta Company'],"['Comedy', 'Drama']","['Adult Cast', 'Otaku Culture', 'Parody', 'Workplace']"
1798,Animation Runner Kuromi 2,OVA,Original,1,45,PG-13 - Teens 13 or older,7.02,4146,5023,8302,7195,4,,[],['Yumeta Company'],"['Comedy', 'Drama']","['Adult Cast', 'Otaku Culture', 'Parody', 'Workplace']"
1799,Fatal Fury: Legend of the Hungry Wolf,TV Special,Game,1,45,PG-13 - Teens 13 or older,6.4,6866,8761,6553,12967,19,,[],['Studio Comet'],"['Action', 'Adventure', 'Drama', 'Romance']",['Martial Arts']
1800,Fatal Fury 2: The New Battle,TV Special,Game,1,71,R - 17+ (violence & profanity),6.73,6308,6722,6950,11257,31,,[],['Studio Comet'],"['Action', 'Adventure', 'Drama']",['Martial Arts']
1802,Dirty Pair Flash,OVA,Light novel,6,26,PG-13 - Teens 13 or older,6.8,4474,6282,6600,12767,26,,[],['Sunrise'],"['Action', 'Adventure', 'Comedy', 'Sci-Fi', 'Ecchi']",[]
1803,Dirty Pair: With Love From the Lovely Angels,OVA,Light novel,2,24,PG-13 - Teens 13 or older,7.17,3215,4156,8154,7571,6,,[],['Sunrise'],"['Action', 'Adventure', 'Comedy', 'Sci-Fi']",[]
1804,Here is Greenwood,OVA,Manga,6,30,PG-13 - Teens 13 or older,6.79,3390,6361,6840,11679,34,,['Shoujo'],['Studio Pierrot'],"['Slice of Life', 'Supernatural']",[]
1805,Master of Mosquiton,OVA,Manga,6,27,R+ - Mild Nudity,6.86,3131,5945,8144,7597,14,,[],['Zero-G Room'],"['Action', 'Adventure', 'Comedy', 'Supernatural']","['Mythology', 'Vampire']"
1806,Master of Mosquiton '99,TV,Manga,26,23,PG-13 - Teens 13 or older,6.93,2005,5547,9154,5660,5,1997,[],['Radix'],"['Action', 'Adventure', 'Comedy', 'Supernatural']",['Vampire']
1807,,TV,Visual novel,12,24,R+ - Mild Nudity,6.59,9710,7638,5092,24597,27,2007,[],['Front Line'],"['Action', 'Comedy', 'Fantasy', 'Romance']","['Harem', 'School']"
1808,,TV,Manga,26,24,PG-13 - Teens 13 or older,7.24,23963,3713,3359,56825,389,2007,['Shoujo'],['Satelight'],"['Comedy', 'Romance']","['Mahou Shoujo', 'School']"
1810,Shattered Angels,TV,Manga,12,24,PG-13 - Teens 13 or older,6.44,16186,8539,3774,46381,99,2007,['Shounen'],['TNK'],"['Drama', 'Fantasy', 'Romance']",[]
1811,,OVA,Original,2,29,R+ - Mild Nudity,5.86,2136,11686,9499,5136,5,,[],['animate Film'],"['Action', 'Sci-Fi']",['Space']
1812,,TV,Original,12,5,PG-13 - Teens 13 or older,3.44,2644,14961,8933,6037,20,2006,[],['RAMS'],['Sci-Fi'],[]
1813,,OVA,Manga,3,23,PG-13 - Teens 13 or older,7.61,31519,1769,3457,54141,29,,['Seinen'],['Ajia-do'],['Comedy'],"['Adult Cast', 'Otaku Culture', 'Parody']"
1815,Shakugan no Shana: The Movie,Movie,Light novel,1,86,PG-13 - Teens 13 or older,7.38,31665,2859,3092,65818,54,,[],['J.C.Staff'],"['Action', 'Fantasy', 'Romance']","['School', 'Urban Fantasy']"
1816,Sonic X,TV,Game,78,24,PG - Children,6.66,53138,7223,2554,90599,752,2003,['Kids'],['TMS Entertainment'],"['Action', 'Adventure', 'Comedy', 'Sci-Fi']",['Anthropomorphic']
1817,DearS: Is It a Golden Ball?,Special,Manga,1,23,R+ - Mild Nudity,6.77,14884,6480,4859,27639,10,,['Shounen'],['Daume'],"['Comedy', 'Romance', 'Sci-Fi', 'Ecchi']",['Harem']
1818,Claymore,TV,Manga,26,23,R+ - Mild Nudity,7.73,346447,1359,325,724539,8985,2007,['Shounen'],['Madhouse'],"['Action', 'Adventure', 'Fantasy']",['Gore']
1819,,OVA,Original,1,56,PG-13 - Teens 13 or older,5.61,1659,12855,10227,4130,3,,[],['AIC'],"['Horror', 'Sci-Fi']",['Mecha']
1820,,OVA,Game,2,27,R+ - Mild Nudity,5.89,1356,11569,10796,3457,2,,[],"['OLM', 'Artmic']","['Adventure', 'Sci-Fi']",['Mecha']
1821,Blood Shadow,OVA,Visual novel,3,29,Rx - Hentai,6.16,2004,,8466,6868,29,,[],['AT-2'],['Hentai'],['Harem']
1822,The Hakkenden: Legend of the Dog Warriors,OVA,Novel,6,30,R - 17+ (violence & profanity),6.85,3028,6020,6987,11125,15,,[],"['AIC', 'Artmic']","['Action', 'Adventure', 'Supernatural']","['Historical', 'Martial Arts', 'Mythology', 'Samurai']"
1823,,TV,Original,26,24,PG-13 - Teens 13 or older,7.25,2747,3670,8099,7696,26,1999,[],['Public & Basic'],"['Action', 'Adventure', 'Sci-Fi']",['Martial Arts']
1824,Barefoot Gen,Movie,Manga,1,83,PG-13 - Teens 13 or older,7.77,22960,1263,3237,61075,191,,['Shounen'],['Madhouse'],"['Award Winning', 'Drama']",['Historical']
1825,Barefoot Gen 2,Movie,Manga,1,85,PG-13 - Teens 13 or older,7.36,6793,2934,6057,15825,26,,['Shounen'],['Madhouse'],['Drama'],['Historical']
1826,Deltora Quest,TV,Book,65,25,PG-13 - Teens 13 or older,7.13,13514,4397,4523,32384,226,2007,['Kids'],['OLM'],"['Adventure', 'Fantasy']",[]
1827,Moribito - Guardian of the Spirit,TV,Novel,26,25,PG-13 - Teens 13 or older,8.13,80892,557,1201,236096,2892,2007,[],['Production I.G'],"['Action', 'Adventure', 'Fantasy']",[]
1828,Catblue Dynamite,ONA,Original,1,42,R - 17+ (violence & profanity),5.99,852,11040,12054,2451,1,,[],[],"['Action', 'Fantasy']",[]
1829,Tales from Earthsea,Movie,Novel,1,115,PG-13 - Teens 13 or older,6.8,96640,6286,1676,161550,306,,[],['Studio Ghibli'],"['Adventure', 'Fantasy']",[]
1830,,Special,Visual novel,6,11,PG-13 - Teens 13 or older,7.53,8275,2144,5959,16538,6,,[],['OLM'],"['Action', 'Comedy', 'Drama', 'Fantasy']",[]
1831,Iczelion,OVA,Original,2,27,R+ - Mild Nudity,6.17,1878,10079,9959,4452,5,,[],['AIC'],"['Action', 'Adventure', 'Sci-Fi']",[]
1832,Hades Project Zeorymer,OVA,Manga,4,28,R+ - Mild Nudity,6.29,3443,9446,7846,8294,20,,[],"['AIC', 'Artmic']","['Drama', 'Sci-Fi']","['Mecha', 'Psychological']"
1833,Garaga,Movie,Manga,1,100,R - 17+ (violence & profanity),5.72,1167,12357,11857,2586,3,,[],"['Anime R', 'Aubeck']","['Action', 'Adventure', 'Sci-Fi']",[]
1834,Dragon Knight: Wheel of Time,OVA,Visual novel,4,30,Rx - Hentai,5.73,1429,,10651,3594,5,,[],['Dangun Pictures'],"['Adventure', 'Fantasy', 'Hentai']",[]
1835,Megaman Star Force,TV,Game,55,10,PG - Children,7.17,6573,4192,6184,14971,85,2006,[],['Xebec'],"['Action', 'Sci-Fi']",['Strategy Game']
1836,,TV,Visual novel,12,24,PG-13 - Teens 13 or older,6.56,24858,7836,3280,59282,46,2007,[],['asread.'],"['Comedy', 'Fantasy', 'Romance', 'Ecchi']","['Harem', 'School', 'Urban Fantasy']"
1837,Dokkoida?!,TV,Light novel,12,24,PG-13 - Teens 13 or older,6.97,2673,5328,8247,7316,15,2003,['Shounen'],['ufotable'],"['Action', 'Adventure', 'Comedy', 'Sci-Fi']",['Parody']
1838,Honey x Honey Drops,OVA,Manga,2,27,PG-13 - Teens 13 or older,5.89,13797,11568,4905,27013,60,,['Shoujo'],['Radix'],"['Drama', 'Romance']",['School']
1839,,TV,Original,26,3,G - All Ages,6.43,709,8600,13307,1677,2,2004,['Kids'],[],"['Adventure', 'Fantasy', 'Slice of Life']",['Anthropomorphic']
1840,The Familiar of Zero: Knight of the Twin Moons,TV,Light novel,12,23,PG-13 - Teens 13 or older,7.39,321779,2823,481,530288,1299,2007,[],['J.C.Staff'],"['Action', 'Adventure', 'Comedy', 'Fantasy', 'Romance', 'Ecchi']","['Harem', 'Isekai', 'School']"
1841,,Special,Manga,4,1,R - 17+ (violence & profanity),6.8,4807,6277,7663,8860,2,,[],['Studio Barcelona'],['Comedy'],"['Gag Humor', 'Mahou Shoujo']"
1842,,TV,Manga,26,25,PG-13 - Teens 13 or older,8.23,46130,411,2871,74762,354,2007,['Shounen'],['Studio Hibari'],['Sports'],['Team Sports']
1843,,Special,Original,1,22,PG-13 - Teens 13 or older,6.83,1767,6146,10591,3657,2,,[],['J.C.Staff'],['Drama'],"['Adult Cast', 'Military', 'Workplace']"
1844,CLAMP School Detectives,TV,Manga,26,24,G - All Ages,6.91,5799,5633,5956,16561,35,1997,['Shoujo'],['Studio Pierrot'],"['Action', 'Comedy', 'Mystery']","['Detective', 'School']"
1845,,TV,Original,39,25,PG-13 - Teens 13 or older,7.39,1915,2789,8974,5989,17,2005,[],['Toei Animation'],['Sci-Fi'],['Mecha']
1846,Princess Nine,TV,Original,26,25,PG-13 - Teens 13 or older,7.4,4907,2763,6223,14675,57,1998,[],['Phoenix Entertainment'],"['Drama', 'Romance', 'Sports']",['Team Sports']
1847,,OVA,Manga,1,13,PG-13 - Teens 13 or older,7.08,15744,4738,5042,25287,5,,['Seinen'],['Shaft'],"['Comedy', 'Romance']","['Adult Cast', 'Showbiz']"
1848,Lord of Lords Ryu Knight,TV,Original,52,25,PG-13 - Teens 13 or older,7.41,1246,2680,10040,4349,5,1994,[],['Sunrise'],"['Adventure', 'Fantasy']",['Mecha']
1849,Lord of Lords Ryu Knight: Adeu's Legend,OVA,Original,13,25,PG-13 - Teens 13 or older,7.14,921,4349,12252,2309,2,,[],['Sunrise'],"['Adventure', 'Fantasy']",['Mecha']
1850,Lord of Lords Ryu Knight: Adeu's Legend II,OVA,Original,3,25,PG-13 - Teens 13 or older,6.88,562,5812,13706,1500,0,,[],['Sunrise'],"['Adventure', 'Fantasy']",['Mecha']
1851,Lord of Lords Ryu Knight: Adeu's Legend Final,OVA,Original,1,25,PG-13 - Teens 13 or older,6.77,516,6488,14162,1335,0,,[],['Sunrise'],"['Adventure', 'Comedy', 'Fantasy']","['Mecha', 'Parody']"
1852,Hidamari Sketch,TV,4-koma manga,12,24,PG-13 - Teens 13 or older,7.5,29256,2255,2597,87926,1234,2007,[],['Shaft'],['Slice of Life'],"['CGDCT', 'Iyashikei', 'School', 'Visual Arts']"
1853,Cutey Honey F,TV,Manga,39,23,PG-13 - Teens 13 or older,6.88,3400,5810,6629,12641,41,1997,['Shoujo'],['Toei Animation'],"['Action', 'Adventure', 'Comedy', 'Romance', 'Sci-Fi', 'Ecchi']",[]
1854,MegaMan: Wishing upon a Star,OVA,Game,3,28,G - All Ages,6.6,2331,7573,9557,5028,14,,[],['Ashi Productions'],"['Action', 'Adventure', 'Sci-Fi']",[]
1855,Wild Cardz,OVA,Manga,2,30,PG-13 - Teens 13 or older,5.92,1390,11392,11460,2882,3,,['Shounen'],"['Movic', 'Studio OX']","['Adventure', 'Comedy', 'Fantasy']",[]
1856,,ONA,Visual novel,7,5,PG-13 - Teens 13 or older,6.15,3295,10199,8385,7033,6,,[],['Picture Magic'],['Comedy'],[]
1857,,TV Special,Manga,2,77,R - 17+ (violence & profanity),6.8,988,6326,10439,3831,3,,['Seinen'],['Madhouse'],"['Drama', 'Sci-Fi']",[]
1858,,TV,Mixed media,12,24,G - All Ages,7.37,12165,2882,4424,34135,168,2007,[],['ufotable'],['Comedy'],"['CGDCT', 'School']"
1859,,OVA,Manga,1,45,R - 17+ (violence & profanity),6.84,13429,6047,5041,25305,51,,['Shounen'],['Knack Productions'],['Sports'],"['Combat Sports', 'Gore']"
1860,Tokyo Majin,TV,Game,14,24,R - 17+ (violence & profanity),7.06,29306,4840,2364,102500,309,2007,[],"['AIC Spirits', 'BeSTACK']","['Action', 'Drama', 'Horror', 'Supernatural']","['Martial Arts', 'School']"
1861,Slam Dunk: National Domination! Sakuragi Hanamichi,Movie,Manga,1,45,PG-13 - Teens 13 or older,7.53,9963,2135,5553,19741,17,,['Shounen'],['Toei Animation'],['Sports'],"['School', 'Team Sports']"
1862,,OVA,Original,1,8,PG-13 - Teens 13 or older,6.28,12259,9498,4857,27675,23,,[],['Gonzo'],"['Action', 'Sci-Fi', 'Ecchi']",['Military']
1863,,TV,Unknown,26,20,,,,20566,15972,842,1,2006,[],['OLM'],"['Adventure', 'Fantasy']",['Historical']
1864,Loving Angel Angelique: Radiant Tomorrow,TV,Visual novel,12,24,PG-13 - Teens 13 or older,6.97,3850,5311,6704,12241,29,2007,['Shoujo'],['Satelight'],"['Drama', 'Fantasy', 'Romance']",['Reverse Harem']
1865,Mina,TV,Other,11,23,PG-13 - Teens 13 or older,6.46,2824,8402,7371,9772,17,2007,[],['Gonzo'],"['Action', 'Comedy', 'Sci-Fi', 'Ecchi']","['Parody', 'Super Power']"
1866,Elementalors,Movie,Manga,1,48,R+ - Mild Nudity,6.03,1357,10882,9898,4530,4,,['Shounen'],['AIC'],"['Action', 'Adventure', 'Fantasy', 'Romance']",[]
1867,Mighty Space Miners,OVA,Original,2,25,R - 17+ (violence & profanity),6.72,1416,6828,9805,4650,7,,[],['Triangle Staff'],"['Adventure', 'Sci-Fi']",['Space']
1868,,TV,Original,12,23,PG-13 - Teens 13 or older,6.34,3246,9114,7532,9215,6,2006,[],['Toei Animation'],"['Adventure', 'Drama', 'Romance']",['Mecha']
1869,,TV Special,Manga,3,22,R - 17+ (violence & profanity),6.96,9328,5371,5587,19492,18,,['Shoujo'],['Madhouse'],"['Drama', 'Romance']","['Adult Cast', 'Music']"
1872,Ape Escape,TV,Game,26,15,PG - Children,5.99,429,11063,13558,1564,6,2006,['Kids'],['Xebec'],"['Adventure', 'Comedy', 'Fantasy', 'Romance']",[]
1873,Plastic Model Wrestling Sanshiro,TV,Manga,37,25,PG-13 - Teens 13 or older,7.55,1713,2040,9704,4804,25,1983,['Shounen'],['Kaname Productions'],"['Action', 'Adventure', 'Sci-Fi']",['School']
1874,,Special,Original,4,14,R+ - Mild Nudity,5.97,3010,11144,8886,6115,0,,[],"['Imagin', 'Studio Live']","['Comedy', 'Romance', 'Ecchi']",['Harem']
1878,,TV,Novel,26,25,G - All Ages,7.44,3024,2539,7654,8883,29,2007,[],['TMS Entertainment'],['Drama'],['Historical']
1879,Goku: Midnight Eye,OVA,Manga,1,50,R+ - Mild Nudity,6.56,6520,7819,5902,16954,23,,['Seinen'],['Madhouse'],"['Action', 'Mystery', 'Sci-Fi']","['Adult Cast', 'Detective', 'Super Power']"
1880,Goku II: Midnight Eye,OVA,Manga,1,53,R+ - Mild Nudity,6.34,4533,9130,7816,8405,4,,['Seinen'],['Madhouse'],"['Action', 'Mystery', 'Sci-Fi']","['Adult Cast', 'Detective', 'Super Power']"
1881,Sasami Magical Girls Club,TV,Unknown,13,25,PG - Children,6.75,3212,6627,7357,9806,20,2006,[],['AIC Spirits'],[],"['Mahou Shoujo', 'School']"
1882,Sasami Magical Girls Club 2,TV,Unknown,13,25,PG - Children,6.89,2095,5775,9272,5478,6,2006,[],['AIC Spirits'],[],"['Mahou Shoujo', 'School']"
1883,How to Breed Kappas,TV,Manga,26,3,PG - Children,6.15,969,10199,11862,2582,4,2004,[],['Picture Magic'],['Comedy'],['Pets']
1884,Princess Beware,TV,Original,12,23,G - All Ages,6.65,1321,7257,10772,3478,4,2006,[],['Nomad'],['Comedy'],[]
1885,,TV,Game,12,24,PG-13 - Teens 13 or older,5.89,625,11567,11962,2508,1,2007,[],"['Gonzo', 'Palm Studio']","['Comedy', 'Fantasy']",['Video Game']
1886,Twin Princesses of the Wonder Planet,TV,Original,52,24,G - All Ages,7.49,3082,2286,8080,7728,31,2006,[],"['J.C.Staff', 'HAL Film Maker']",['Comedy'],['Mahou Shoujo']
1887,Lucky☆Star,TV,4-koma manga,24,24,PG-13 - Teens 13 or older,7.76,341943,1291,345,697533,13412,2007,[],['Kyoto Animation'],['Comedy'],"['CGDCT', 'Gag Humor', 'Otaku Culture', 'School']"
1888,Strawberry Marshmallow OVA,OVA,4-koma manga,3,25,PG-13 - Teens 13 or older,7.65,16234,1629,4638,30863,21,,[],['Daume'],['Slice of Life'],"['CGDCT', 'Iyashikei', 'School']"
1889,Higurashi: When They Cry – Kai,TV,Visual novel,24,24,R - 17+ (violence & profanity),8.16,268271,507,491,521112,7676,2007,[],['Studio Deen'],"['Horror', 'Mystery', 'Suspense']","['Gore', 'Psychological']"
1890,,Music,Manga,1,6,PG-13 - Teens 13 or older,6.74,7093,,6235,14593,17,,['Shoujo'],['Madhouse'],"['Drama', 'Fantasy', 'Sci-Fi']",['Music']
1891,,TV,Original,50,25,PG-13 - Teens 13 or older,7.45,1348,2520,10964,3300,16,1996,[],"['Xebec', 'Group TAC']","['Adventure', 'Comedy', 'Sci-Fi']",[]
1892,,TV,Original,25,25,PG-13 - Teens 13 or older,7.41,881,2733,12911,1882,5,1998,[],['Group TAC'],"['Adventure', 'Comedy', 'Sci-Fi']",[]
1893,,TV,Manga,117,24,G - All Ages,7.0,1450,5140,10433,3842,12,1995,['Shoujo'],['Madhouse'],"['Comedy', 'Romance']",[]
1894,Yu-Gi-Oh!: The Movie,Movie,Manga,1,101,PG-13 - Teens 13 or older,6.6,51376,7589,2778,79255,61,,['Shounen'],['Gallop'],"['Adventure', 'Comedy', 'Fantasy']",['Strategy Game']
1895,Love is the Number of Keys,OVA,Original,1,28,Rx - Hentai,6.22,2001,,9579,4998,17,,[],['Concept Films'],['Hentai'],[]
1896,Akiba Girls,OVA,Visual novel,3,29,Rx - Hentai,6.74,6926,,5928,16762,88,,[],['Image House'],['Hentai'],[]
1897,Matchless Raijin-Oh,TV,Original,51,23,G - All Ages,7.39,1046,2824,11290,3018,8,1991,[],['Sunrise'],"['Adventure', 'Sci-Fi']","['Mecha', 'School']"
1898,,Special,Original,2,24,PG-13 - Teens 13 or older,6.63,1529,7373,10437,3833,2,,[],['J.C.Staff'],"['Action', 'Comedy', 'Ecchi']",[]
1899,Cybuster,TV,Game,26,24,PG-13 - Teens 13 or older,6.42,1385,8675,9993,4412,2,1999,[],['Ashi Productions'],"['Adventure', 'Sci-Fi']",['Mecha']
1900,Twin Signal,OVA,Manga,3,29,PG-13 - Teens 13 or older,6.7,1164,6983,11801,2623,4,,[],[],"['Comedy', 'Sci-Fi']",['Mecha']
1901,They Were Eleven,Movie,Manga,1,91,PG-13 - Teens 13 or older,7.2,6195,3953,6274,14358,38,,['Shoujo'],['Magic Bus'],"['Action', 'Adventure', 'Drama', 'Mystery', 'Romance', 'Sci-Fi']",['Space']
1902,Happiness! OVA,OVA,Visual novel,1,23,PG-13 - Teens 13 or older,6.63,3467,7371,8352,7118,10,,[],['Artland'],"['Comedy', 'Fantasy']",['Magical Sex Shift']
1903,,Special,Original,1,30,PG-13 - Teens 13 or older,6.46,724,8431,12691,2038,0,,[],['Studio Fantasia'],"['Action', 'Sci-Fi', 'Ecchi']",[]
1904,,OVA,Visual novel,3,30,PG-13 - Teens 13 or older,6.68,1374,7064,10202,4157,2,,[],['Yumeta Company'],"['Fantasy', 'Romance']","['Historical', 'Isekai', 'Time Travel']"
1905,,Special,Visual novel,8,5,PG-13 - Teens 13 or older,6.33,1009,9173,11128,3158,2,,[],['Yumeta Company'],"['Fantasy', 'Romance']","['Historical', 'Isekai', 'Time Travel']"
1906,,Movie,Visual novel,1,100,PG-13 - Teens 13 or older,7.18,2035,4091,8681,6460,16,,[],['Yumeta Company'],"['Drama', 'Fantasy', 'Romance']","['Historical', 'Isekai', 'Time Travel']"
1907,,OVA,Visual novel,2,21,PG-13 - Teens 13 or older,6.42,714,8659,12026,2474,1,,[],['Yumeta Company'],"['Comedy', 'Fantasy']","['Historical', 'Isekai', 'Time Travel']"
1908,,OVA,Novel,1,49,PG-13 - Teens 13 or older,6.01,4399,10963,7113,10672,13,,[],['SIDO LIMITED'],"['Boys Love', 'Drama']",[]
1909,Bad Teacher Equation,OVA,Manga,2,28,PG-13 - Teens 13 or older,5.99,2407,11050,8966,6000,9,,[],['J.C.Staff'],"['Boys Love', 'Comedy']","['Adult Cast', 'Workplace']"
1910,,OVA,Manga,15,24,R - 17+ (violence & profanity),7.83,3835,1111,6628,12648,24,,['Seinen'],['Madhouse'],"['Adventure', 'Drama', 'Mystery']","['Adult Cast', 'Historical']"
1911,,Movie,Original,2,98,PG-13 - Teens 13 or older,7.39,4113,2816,6201,14845,33,,[],['Gainax'],"['Comedy', 'Sci-Fi']","['Mecha', 'Military', 'Space']"
1912,,TV,Visual novel,13,24,PG-13 - Teens 13 or older,5.79,4502,12074,6115,15424,18,2006,[],['Tokyo Kids'],['Boys Love'],['School']
1913,Young GTO,OVA,Manga,5,46,R+ - Mild Nudity,7.44,21773,2560,3550,51457,180,,[],"['J.C.Staff', 'Life Work']","['Action', 'Comedy']","['Delinquents', 'School']"
1914,Tales of Saiunkoku,TV,Light novel,39,25,PG-13 - Teens 13 or older,7.99,18968,772,3829,45452,207,2007,['Shoujo'],['Madhouse'],"['Adventure', 'Fantasy', 'Romance']","['Historical', 'Reverse Harem']"
1915,Magical Girl Lyrical Nanoha StrikerS,TV,Original,26,25,PG-13 - Teens 13 or older,7.66,27813,1598,3356,56916,577,2007,[],['Seven Arcs'],"['Action', 'Comedy', 'Drama']",['Mahou Shoujo']
1916,Mobile Suit Gundam MS IGLOO: Apocalypse 0079,OVA,Original,3,28,PG-13 - Teens 13 or older,6.65,8249,7263,5961,16524,9,,[],['Sunrise'],['Sci-Fi'],"['Mecha', 'Military', 'Space']"
1917,Mobile Suit Gundam MS IGLOO: The Hidden One Year War,OVA,Original,3,27,PG-13 - Teens 13 or older,6.54,9379,7934,5704,18411,17,,[],['Sunrise'],['Sci-Fi'],"['Mecha', 'Military', 'Space']"
1918,Magical Girl Pretty Sammy,OVA,Original,3,43,PG-13 - Teens 13 or older,6.51,3615,8113,7529,9231,10,,[],['AIC'],['Comedy'],"['Mahou Shoujo', 'Parody']"
1919,,OVA,Manga,11,32,PG-13 - Teens 13 or older,7.42,3387,2658,7297,10037,12,,['Shounen'],"['Madhouse', 'Studio Deen', 'Magic Bus']","['Adventure', 'Comedy', 'Sci-Fi']",[]
1920,,Movie,Manga,1,102,PG-13 - Teens 13 or older,7.12,6805,4509,6203,14843,19,,['Shounen'],['Studio Pierrot'],"['Action', 'Adventure', 'Comedy', 'Drama', 'Romance', 'Sci-Fi']",[]
1921,Urusei Yatsura Movie 2: Beautiful Dreamer,Movie,Manga,1,97,PG-13 - Teens 13 or older,7.92,10816,901,5062,25003,303,,['Shounen'],['Studio Pierrot'],"['Action', 'Adventure', 'Comedy', 'Drama', 'Romance', 'Sci-Fi']",[]
1922,,Movie,Manga,1,95,PG-13 - Teens 13 or older,7.02,4619,5075,7072,10787,14,,['Shounen'],['Studio Deen'],"['Action', 'Adventure', 'Comedy', 'Drama', 'Romance', 'Sci-Fi']",[]
1923,,Movie,Manga,1,95,PG-13 - Teens 13 or older,6.81,4189,6268,7250,10176,21,,['Shounen'],['Studio Deen'],"['Action', 'Adventure', 'Comedy', 'Drama', 'Romance', 'Sci-Fi']",[]
1924,Urusei Yatsura Movie 5: The Final Chapter,Movie,Manga,1,85,PG-13 - Teens 13 or older,7.55,4271,2052,7139,10573,31,,['Shounen'],['Magic Bus'],"['Action', 'Adventure', 'Comedy', 'Drama', 'Romance', 'Sci-Fi']",[]
1925,Urusei Yatsura Movie 6: Always My Darling,Movie,Manga,1,77,PG-13 - Teens 13 or older,6.89,3827,5786,7089,10728,6,,['Shounen'],['Madhouse'],"['Action', 'Adventure', 'Comedy', 'Drama', 'Romance', 'Sci-Fi']",[]
1926,,OVA,Manga,1,4,G - All Ages,6.17,1586,10080,10922,3330,11,,[],['Ishikawa Pro'],['Slice of Life'],"['Iyashikei', 'Music']"
1927,Campus Special Investigator Hikaruon,OVA,Original,1,29,R+ - Mild Nudity,5.84,2098,11795,9983,4425,6,,[],['AIC'],['Action'],"['Martial Arts', 'School', 'Super Power']"
1928,Early Reins,OVA,Original,1,44,R - 17+ (violence & profanity),6.24,2126,9680,9927,4496,6,,[],['OLM'],"['Action', 'Adventure']",[]
1929,Pretty Cure Max Heart,TV,Original,47,24,G - All Ages,7.13,10033,4401,5199,23402,64,2005,[],['Toei Animation'],"['Action', 'Comedy']",['Mahou Shoujo']
1930,,Movie,Original,1,70,G - All Ages,6.84,3842,6043,7826,8381,7,,[],['Toei Animation'],['Comedy'],['Mahou Shoujo']
1931,,Movie,Original,1,70,G - All Ages,7.21,3615,3902,7932,8066,9,,[],['Toei Animation'],['Comedy'],['Mahou Shoujo']
1932,Yes! Precure 5,TV,Original,49,24,G - All Ages,7.33,8806,3156,5408,21357,117,2007,[],['Toei Animation'],['Action'],"['Mahou Shoujo', 'School']"
1933,Growlanser IV: Wayfarer of Time,OVA,Game,1,29,PG-13 - Teens 13 or older,5.39,861,13577,12154,2369,2,,[],"['feel.', 'Zexcs']",['Action'],[]
1935,Megazone 23,OVA,Original,4,67,R+ - Mild Nudity,6.98,6915,5256,4951,26331,94,,[],"['Artland', 'AIC', 'Artmic']","['Mystery', 'Romance', 'Sci-Fi']","['Mecha', 'Music']"
1936,"Don't Leave Me Alone, Daisy",TV,Manga,12,24,PG-13 - Teens 13 or older,6.56,1153,7821,11455,2888,7,1997,['Shounen'],['Studio Deen'],"['Comedy', 'Romance', 'Sci-Fi']",[]
1937,,OVA,Game,1,28,R+ - Mild Nudity,5.8,1158,12022,11670,2722,1,,[],['Arms'],"['Drama', 'Fantasy']",['Historical']
1938,Super Atragon,OVA,Novel,2,49,PG-13 - Teens 13 or older,6.64,1138,7344,11233,3072,2,,[],['Phoenix Entertainment'],"['Action', 'Adventure', 'Fantasy', 'Sci-Fi']","['Historical', 'Military']"
1939,,OVA,Original,4,27,PG - Children,5.87,1298,11665,10508,3755,0,,[],['Sunrise'],"['Adventure', 'Comedy', 'Fantasy']",['Mecha']
1940,,OVA,Manga,1,51,R - 17+ (violence & profanity),5.99,5473,11061,6323,14143,39,,['Shounen'],['AIC'],"['Adventure', 'Comedy', 'Sci-Fi', 'Ecchi']",[]
1941,,TV,Manga,12,25,R+ - Mild Nudity,7.1,3548,4627,6641,12589,22,2007,['Seinen'],['Studio Hibari'],"['Adventure', 'Drama', 'Sci-Fi']",['Space']
1942,,TV,Light novel,12,23,PG-13 - Teens 13 or older,7.22,3848,3856,7037,10919,20,2007,[],['Mook DLE'],"['Adventure', 'Sci-Fi']",['Space']
1943,Paprika,Movie,Novel,1,90,R+ - Mild Nudity,8.05,308755,681,408,614052,5552,,[],['Madhouse'],"['Avant Garde', 'Award Winning', 'Mystery', 'Sci-Fi', 'Suspense']","['Adult Cast', 'Psychological']"
1944,Photon: The Idiot Adventures,OVA,Original,6,32,R+ - Mild Nudity,7.05,7415,4886,5864,17253,64,,[],['AIC'],"['Adventure', 'Comedy', 'Drama', 'Romance', 'Sci-Fi', 'Ecchi']",['Mecha']
1946,Tomorrow's Nadja,TV,Original,50,24,G - All Ages,7.65,12712,1620,4275,36717,304,2003,[],['Toei Animation'],"['Adventure', 'Drama', 'Romance']",['Historical']
1947,Strange Steel Fairy Rouran,TV,Original,28,12,PG-13 - Teens 13 or older,6.49,799,8228,11197,3100,4,2002,[],['Zexcs'],['Fantasy'],['Mecha']
1949,,OVA,Original,1,8,G - All Ages,5.21,2076,13997,10507,3755,0,,[],['Ishikawa Pro'],"['Drama', 'Romance']",[]
1951,Neo Tokyo,Movie,Novel,3,16,PG-13 - Teens 13 or older,7.11,14973,4552,4113,39655,144,,[],"['Madhouse', 'Project Team Argos']","['Adventure', 'Horror', 'Sci-Fi', 'Supernatural']",[]
1952,Night Warriors: Darkstalkers' Revenge,OVA,Game,4,42,R - 17+ (violence & profanity),6.7,8521,6987,5183,23582,65,,[],['Madhouse'],"['Action', 'Adventure', 'Drama', 'Fantasy']","['Super Power', 'Vampire']"
1953,Code Geass: Lelouch of the Rebellion Picture Dramas,Special,Original,9,4,PG-13 - Teens 13 or older,6.91,25051,5632,3484,53315,77,,[],['Sunrise'],['Comedy'],['School']
1954,Rayearth,OVA,Manga,3,44,PG-13 - Teens 13 or older,6.93,8315,5555,5661,18826,37,,['Shoujo'],['TMS Entertainment'],"['Adventure', 'Fantasy']",[]
1955,,TV,Book,10,2,PG - Children,5.95,1190,11245,11535,2827,0,2004,[],['Studio 4°C'],"['Comedy', 'Fantasy', 'Sci-Fi']",[]
1956,Ikkitousen: Dragon Destiny,TV,Manga,12,24,R+ - Mild Nudity,6.74,39188,6676,2612,87444,143,2007,['Seinen'],['Arms'],"['Action', 'Ecchi']","['Martial Arts', 'School', 'Super Power']"
1957,Wedding Peach DX,OVA,Manga,4,30,PG-13 - Teens 13 or older,6.77,3232,6475,8243,7331,11,,['Shoujo'],['KSS'],"['Adventure', 'Comedy', 'Romance']",[]
1958,,Music,Manga,1,5,G - All Ages,6.59,4700,,7690,8774,6,,['Shoujo'],['Shelty'],[],['Music']
1959,,OVA,Manga,2,55,R - 17+ (violence & profanity),6.76,1241,6584,10409,3880,1,,['Shounen'],"['animate Film', 'Studio Kikan']","['Action', 'Drama', 'Mystery']","['Detective', 'Gore']"
1960,,TV,Picture book,,24,PG - Children,6.99,1873,5217,9349,5358,40,1988,['Kids'],['TMS Entertainment'],"['Comedy', 'Fantasy']",[]
1961,One Stormy Night,Movie,Book,1,107,G - All Ages,7.67,11707,1546,4979,25943,224,,[],['Group TAC'],"['Adventure', 'Comedy', 'Drama', 'Fantasy']",['Anthropomorphic']
1962,The Daichis: Earth's Defense Family,TV,Original,13,23,PG-13 - Teens 13 or older,7.22,1360,3820,10657,3586,10,2001,[],['Group TAC'],"['Action', 'Comedy', 'Drama', 'Sci-Fi']",[]
1964,Sakura Taisen: Ecole de Paris,OVA,Game,3,24,PG-13 - Teens 13 or older,6.77,1891,6512,9558,5022,3,,[],['Radix'],"['Adventure', 'Sci-Fi']","['Mecha', 'Performing Arts']"
1965,,TV,Manga,13,23,PG-13 - Teens 13 or older,7.19,47342,4056,2316,105365,421,2007,[],['Nomad'],"['Drama', 'Romance', 'Supernatural']",[]
1966,,OVA,Manga,2,49,R+ - Mild Nudity,4.71,1745,14638,10148,4212,2,,[],['Ajia-do'],"['Horror', 'Mystery', 'Supernatural']","['Mythology', 'Psychological']"
1967,Mobile Suit Zeta Gundam: A New Translation - Heir to the Stars,Movie,Original,1,94,PG-13 - Teens 13 or older,7.07,7240,4763,6190,14919,8,,[],['Sunrise'],"['Award Winning', 'Drama', 'Sci-Fi']","['Mecha', 'Military', 'Space']"
1968,Mobile Suit Zeta Gundam: A New Translation II - Lovers,Movie,Original,1,97,PG-13 - Teens 13 or older,6.95,6478,5435,6509,13195,1,,[],['Sunrise'],"['Drama', 'Romance', 'Sci-Fi']","['Mecha', 'Military', 'Space']"
1969,Mobile Suit Zeta Gundam: A New Translation III - Love Is the Pulse of the Stars,Movie,Original,1,98,PG-13 - Teens 13 or older,7.08,6301,4717,6522,13107,8,,[],['Sunrise'],"['Drama', 'Sci-Fi']","['Mecha', 'Military', 'Space']"
1972,Sherlock Hound,TV,Novel,26,25,G - All Ages,7.45,4961,2505,6152,15139,99,1984,[],"['Gallop', 'TMS Entertainment']","['Action', 'Adventure', 'Comedy', 'Mystery']","['Anthropomorphic', 'Detective']"
1973,Take the X Train,OVA,Novel,1,50,R - 17+ (violence & profanity),6.11,2169,10456,9267,5480,13,,[],['Madhouse'],"['Avant Garde', 'Mystery', 'Supernatural']",[]
1974,Glass Mask,TV,Manga,51,23,G - All Ages,8.11,14073,580,3830,45456,537,2005,['Shoujo'],['Tokyo Movie Shinsha'],"['Drama', 'Romance']","['Performing Arts', 'Showbiz']"
1975,Invincible King Tri-Zenon,TV,Original,22,25,G - All Ages,7.03,746,4997,12084,2430,3,2000,[],['E&G Films'],['Sci-Fi'],['Mecha']
1977,,OVA,Original,1,32,PG-13 - Teens 13 or older,6.09,1280,10533,10600,3648,6,,[],['Studio 4°C'],"['Action', 'Drama']","['Historical', 'Samurai']"
1978,Noiseman Sound Insect,Movie,Original,1,15,G - All Ages,6.5,5552,8182,6698,12276,31,,[],['Studio 4°C'],"['Action', 'Fantasy', 'Sci-Fi']",[]
1979,Open the Door,OVA,Original,1,10,G - All Ages,6.01,2224,10988,9767,4705,4,,[],['Studio 4°C'],"['Avant Garde', 'Fantasy']",[]
1980,,OVA,Original,4,13,PG-13 - Teens 13 or older,6.51,7416,8144,5658,18892,60,,[],['Madhouse'],"['Comedy', 'Sci-Fi']","['Mecha', 'Space']"
1981,,OVA,Original,2,30,PG-13 - Teens 13 or older,6.43,3516,8635,7243,10246,10,,[],"['Ajia-do', 'Studio Deen']","['Mystery', 'Sci-Fi']",['Psychological']
1982,Male,Movie,Original,1,3,PG-13 - Teens 13 or older,5.15,2372,14120,10289,4062,2,,[],['Mushi Production'],['Slice of Life'],[]
1983,Black Jack: The Two Doctors of Darkness,Movie,Manga,1,92,PG-13 - Teens 13 or older,7.26,2451,3540,8920,6068,8,,['Shounen'],['Tezuka Productions'],['Drama'],['Medical']
1984,,Movie,Original,1,5,PG-13 - Teens 13 or older,5.97,1926,11147,10640,3605,0,,[],['Mushi Production'],"['Avant Garde', 'Comedy', 'Drama', 'Mystery']",[]
1985,,TV,Manga,74,25,PG-13 - Teens 13 or older,7.69,6810,1511,6225,14657,154,1975,[],['Toei Animation'],['Sci-Fi'],['Mecha']
1986,Dangard Ace,TV,Original,56,25,PG-13 - Teens 13 or older,6.64,682,7348,12058,2450,2,1977,[],['Toei Animation'],['Sci-Fi'],"['Mecha', 'Military', 'Space']"
1988,Himawari Too!!,TV,Original,13,25,PG-13 - Teens 13 or older,6.54,4160,7926,6661,12453,6,2007,[],['Arms'],"['Action', 'Comedy', 'Romance']",['Martial Arts']
1989,The Drop,Movie,Original,1,4,PG - Children,5.57,1705,13024,11184,3111,0,,[],['Mushi Production'],['Comedy'],[]
1990,,Movie,Game,1,10,G - All Ages,6.57,1031,7754,12597,2096,2,,[],['J.C.Staff'],"['Comedy', 'Fantasy']",[]
1991,,TV,Original,12,25,R+ - Mild Nudity,6.25,2527,9641,8376,7064,10,2007,[],['Ashi Productions'],['Sci-Fi'],"['Mecha', 'Military', 'Space']"
1992,Hyper Speed GranDoll,OVA,Game,3,29,R+ - Mild Nudity,6.05,1271,10758,10918,3337,4,,[],['Zero-G Room'],['Comedy'],"['Mecha', 'School']"
1993,,TV Special,Original,1,9,PG-13 - Teens 13 or older,3.86,632,14925,14715,1161,0,,[],[],['Sci-Fi'],[]
1994,.hack//Legend of the Twilight Offline Meeting Special,Special,Manga,1,20,PG - Children,6.13,4897,10288,6636,12618,5,,[],[],"['Adventure', 'Comedy', 'Fantasy', 'Sci-Fi']",['Video Game']
1995,Papillon Rose OVA,OVA,Other,1,24,R+ - Mild Nudity,4.75,4243,14604,7263,10141,16,,[],['Studio Kelmadick'],"['Comedy', 'Sci-Fi', 'Ecchi']","['Mahou Shoujo', 'Parody']"
1996,,Special,Manga,1,10,G - All Ages,6.7,4707,6951,7193,10394,18,,['Shoujo'],['Studio Deen'],"['Comedy', 'Supernatural']",[]
1998,,Music,Original,4,10,G - All Ages,6.42,4749,,7259,10151,13,,[],['Studio 4°C'],"['Adventure', 'Mystery', 'Romance', 'Sci-Fi']","['Detective', 'Music']"
1999,Sakura Taisen: Sumire,OVA,Game,1,24,PG-13 - Teens 13 or older,6.65,1505,7285,10346,3973,0,,[],['Radix'],"['Drama', 'Sci-Fi']","['Mecha', 'Performing Arts']"
2000,Roujin Z,Movie,Original,1,79,PG-13 - Teens 13 or older,7.1,15243,4686,3890,44266,95,,[],['APPP'],"['Award Winning', 'Comedy', 'Drama', 'Sci-Fi']","['Adult Cast', 'Mecha']"
2001,Gurren Lagann,TV,Original,27,24,PG-13 - Teens 13 or older,8.64,977979,91,66,1768724,85124,2007,[],['Gainax'],"['Adventure', 'Award Winning', 'Sci-Fi']",['Mecha']
2002,Heroic Age,TV,Original,26,23,PG-13 - Teens 13 or older,7.53,49380,2115,2121,119877,670,2007,[],['Xebec'],['Sci-Fi'],"['Mecha', 'Military', 'Space']"
2003,The Tokyo Project,OVA,Original,1,53,PG-13 - Teens 13 or older,5.31,1148,13792,10736,3510,1,,[],['Minami Machi Bugyousho'],"['Mystery', 'Sci-Fi']",['Mecha']
2004,,TV,Manga,25,23,R+ - Mild Nudity,8.13,5653,549,5628,19145,186,2002,['Seinen'],['Madhouse'],"['Comedy', 'Drama', 'Supernatural']",[]
2006,,Movie,Manga,1,30,PG-13 - Teens 13 or older,6.89,31824,5797,3354,56933,106,,['Shounen'],['Toei Animation'],"['Adventure', 'Comedy', 'Fantasy']",['Strategy Game']
2007,,OVA,Visual novel,2,27,Rx - Hentai,5.67,895,,11698,2705,4,,[],['Arms'],['Hentai'],[]
2008,,Movie,Manga,1,60,PG-13 - Teens 13 or older,6.62,1210,7471,10974,3291,1,,['Seinen'],['Madhouse'],"['Comedy', 'Romance', 'Sports']",['Combat Sports']
2009,,TV Special,Manga,1,92,PG-13 - Teens 13 or older,7.37,1599,2918,10301,4054,3,,['Seinen'],['Madhouse'],"['Comedy', 'Romance', 'Sports']",['Combat Sports']
2010,You're Under Arrest: No Mercy!!,TV Special,Manga,1,23,PG-13 - Teens 13 or older,6.53,2371,8022,8759,6301,3,,['Seinen'],['Studio Deen'],"['Action', 'Comedy', 'Mystery']","['Adult Cast', 'Detective', 'Workplace']"
2011,You're Under Arrest Mini Specials,TV,Manga,20,8,R+ - Mild Nudity,7.14,3318,4384,7548,9168,7,1999,['Seinen'],['Studio Deen'],"['Action', 'Comedy']","['Adult Cast', 'Workplace']"
2012,Hell Teacher Nube,TV,Manga,49,24,PG-13 - Teens 13 or older,7.67,7874,1557,4981,25917,120,1996,['Shounen'],['Toei Animation'],"['Comedy', 'Horror', 'Supernatural']","['Mythology', 'School']"
2013,You're Under Arrest The Movie,Movie,Manga,1,88,PG-13 - Teens 13 or older,7.55,4902,2049,6859,11623,14,,['Seinen'],['Studio Deen'],"['Action', 'Comedy']","['Adult Cast', 'Workplace']"
2014,You're Under Arrest: Fast & Furious,TV,Manga,26,24,PG-13 - Teens 13 or older,7.48,5150,2359,6482,13297,15,2001,['Seinen'],['Studio Deen'],"['Action', 'Comedy']","['Adult Cast', 'Workplace']"
2015,,OVA,Visual novel,1,16,PG-13 - Teens 13 or older,6.23,1206,9787,11102,3180,0,,[],['Ajia-do'],['Comedy'],['School']
2016,Mermaid Forest,OVA,Manga,1,55,R - 17+ (violence & profanity),6.81,3924,6264,7505,9315,7,,['Shounen'],['Pastel'],"['Drama', 'Fantasy', 'Horror', 'Mystery']",[]
2017,Mermaid's Scar,OVA,Manga,1,45,R - 17+ (violence & profanity),6.83,3876,6126,7317,9961,8,,['Shounen'],['Madhouse'],"['Drama', 'Fantasy', 'Horror', 'Mystery']",[]
2018,Laughing Target,OVA,Manga,1,49,R - 17+ (violence & profanity),6.3,3238,9401,8266,7276,3,,[],['Studio Pierrot'],"['Horror', 'Mystery']",[]
2019,,OVA,Manga,1,48,PG-13 - Teens 13 or older,5.91,1178,11443,10067,4315,2,,[],['Madhouse'],"['Action', 'Adventure', 'Drama', 'Sci-Fi']",[]
2020,One Piece: The Detective Memoirs of Chief Straw Hat Luffy,TV Special,Manga,1,42,PG-13 - Teens 13 or older,7.2,18435,3995,4268,36812,19,,['Shounen'],['Toei Animation'],"['Comedy', 'Fantasy']",['Historical']
2021,Samurai XXX,OVA,Original,2,28,Rx - Hentai,6.03,1274,,10488,3783,6,,[],[],"['Adventure', 'Comedy', 'Hentai']",[]
2022,,OVA,Manga,1,29,PG-13 - Teens 13 or older,4.73,700,14621,12987,1840,1,,[],['J.C.Staff'],"['Action', 'Fantasy']",[]
2023,,OVA,Original,4,30,R+ - Mild Nudity,6.3,1626,9355,9658,4870,11,,[],['Production I.G'],"['Action', 'Comedy', 'Supernatural']",['School']
2024,,TV,Other,24,24,PG - Children,5.92,252,11431,15199,1027,0,2006,[],"['AIC Spirits', 'Ginga Ya', 'Gonzino']",['Comedy'],['Historical']
2025,Darker than Black,TV,Original,25,24,R - 17+ (violence & profanity),8.04,454302,688,189,1007348,17027,2007,[],['Bones'],"['Action', 'Mystery']",['Super Power']
2026,Hayate the Combat Butler,TV,Manga,52,24,PG-13 - Teens 13 or older,7.5,100966,2252,1196,237162,1616,2007,['Shounen'],['SynergySP'],"['Action', 'Comedy', 'Romance']","['Harem', 'Parody']"
2027,,Special,Visual novel,4,12,PG-13 - Teens 13 or older,6.1,868,10501,12195,2340,0,,[],['Radix'],"['Drama', 'Romance', 'Supernatural']",['School']
2028,,OVA,Original,4,29,G - All Ages,6.41,264,8758,15305,1006,2,,[],['Sunrise'],['Sci-Fi'],['Mecha']
2029,The Sea Prince and the Fire Child,Movie,Book,1,107,PG-13 - Teens 13 or older,6.84,2420,6075,8513,6802,23,,[],['Sanrio'],"['Drama', 'Fantasy', 'Romance']",[]
2030,El Cazador de la Bruja,TV,Original,26,24,PG-13 - Teens 13 or older,7.28,19844,3419,3255,60104,274,2007,[],['Bee Train'],"['Adventure', 'Drama', 'Mystery']",[]
2031,Shining Tears X Wind,TV,Game,13,24,PG-13 - Teens 13 or older,6.53,13549,8018,4244,37169,69,2007,[],['Studio Deen'],"['Action', 'Adventure', 'Fantasy']",['Isekai']
2032,,TV,Original,13,24,PG-13 - Teens 13 or older,6.72,3105,6849,7123,10630,9,2007,[],['Trans Arts'],"['Action', 'Adventure', 'Comedy', 'Drama', 'Fantasy']",['Historical']
2033,Tamala 2010: A Punk Cat in Space,Movie,Original,1,91,R - 17+ (violence & profanity),6.06,3628,10747,6676,12392,76,,[],[],"['Avant Garde', 'Comedy', 'Sci-Fi']",['Psychological']
2034,Lovely Complex,TV,Manga,24,24,PG-13 - Teens 13 or older,8.03,318892,714,376,653821,11171,2007,['Shoujo'],['Toei Animation'],"['Comedy', 'Romance']",['School']
2035,Emma: A Victorian Romance Season Two,TV,Manga,12,24,G - All Ages,7.81,25812,1149,3953,42864,115,2007,['Seinen'],['Ajia-do'],"['Drama', 'Romance']","['Adult Cast', 'Historical']"
2036,Princess Comet,TV,Manga,43,24,G - All Ages,7.54,2346,2056,8798,6238,49,2001,[],['Nippon Animation'],"['Adventure', 'Comedy', 'Drama', 'Sci-Fi']",[]
2037,,TV,Manga,61,24,PG - Children,7.59,3655,1845,6924,11380,78,1992,['Shoujo'],['Gallop'],"['Comedy', 'Fantasy', 'Romance']",['School']
2038,Star Magician Magical Emi,TV,Original,38,23,G - All Ages,7.28,2232,3437,8549,6723,23,1985,[],['Studio Pierrot'],['Comedy'],"['Mahou Shoujo', 'Performing Arts']"
2039,Persia the Magic Fairy,TV,Original,48,24,PG - Children,7.51,1534,2208,9725,4772,22,1984,[],['Studio Pierrot'],['Comedy'],['Mahou Shoujo']
2040,,TV,Original,47,23,G - All Ages,7.45,1243,2500,9736,4749,19,1990,[],['Ashi Productions'],[],['Mahou Shoujo']
2041,Super Pig,TV,Manga,51,25,G - All Ages,6.88,5725,5800,6726,12166,51,1994,['Shoujo'],['Nippon Animation'],"['Comedy', 'Romance']","['Mahou Shoujo', 'Parody', 'School']"
2042,The Five Star Stories,Movie,Manga,1,65,R+ - Mild Nudity,6.74,6618,6667,5874,17142,56,,[],['Sunrise'],"['Drama', 'Fantasy', 'Sci-Fi']",['Mecha']
2043,,TV,Manga,73,25,PG-13 - Teens 13 or older,7.3,8729,3290,4885,27245,131,1983,['Shounen'],['Tokyo Movie Shinsha'],"['Action', 'Adventure', 'Comedy', 'Mystery', 'Romance']",[]
2044,Magical Angel Creamy Mami,TV,Original,52,24,G - All Ages,7.42,5236,2637,5830,17523,170,1983,[],['Studio Pierrot'],"['Comedy', 'Romance', 'Sci-Fi']","['Idols (Female)', 'Mahou Shoujo', 'School']"
2045,,OVA,Original,1,91,G - All Ages,6.88,980,5829,11990,2495,0,,[],['Studio Pierrot'],"['Comedy', 'Romance']","['Idols (Female)', 'Mahou Shoujo']"
2046,,OVA,Original,1,57,G - All Ages,6.98,834,5256,12121,2401,1,,[],['Studio Pierrot'],"['Comedy', 'Romance']","['Idols (Female)', 'Mahou Shoujo']"
2047,Mermaid,Movie,Original,1,8,G - All Ages,6.25,2511,9654,9740,4748,8,,[],['Mushi Production'],['Fantasy'],[]
2048,,OVA,Original,12,24,PG-13 - Teens 13 or older,7.26,3820,3571,6591,12809,82,,[],['Sunrise'],['Sci-Fi'],"['Mecha', 'Military']"
2049,,OVA,Game,2,28,PG-13 - Teens 13 or older,6.54,1434,7938,11172,3119,4,,[],['animate Film'],"['Action', 'Adventure', 'Comedy', 'Fantasy', 'Romance']",[]
2050,,OVA,Manga,2,23,PG-13 - Teens 13 or older,6.65,3908,7258,7813,8412,14,,['Shounen'],['Gainax'],"['Comedy', 'Sports']","['Combat Sports', 'Parody', 'School']"
2051,Blue Sonnet,OVA,Manga,5,29,R+ - Mild Nudity,6.51,1478,8080,10421,3855,2,,['Shoujo'],['Mushi Production'],"['Action', 'Drama', 'Sci-Fi']",['Super Power']
2052,,OVA,Manga,3,52,PG-13 - Teens 13 or older,6.85,1023,6004,11498,2852,1,,['Seinen'],['Group TAC'],"['Romance', 'Sports']",['Combat Sports']
2053,,OVA,Manga,1,47,PG-13 - Teens 13 or older,5.81,2013,11949,9697,4812,3,,['Shoujo'],['Aubeck'],"['Adventure', 'Comedy', 'Fantasy', 'Sci-Fi']",['Isekai']
2054,,OVA,Novel,1,59,PG-13 - Teens 13 or older,5.45,1072,13380,11803,2623,2,,[],"['animate Film', 'Magic Bus']",['Fantasy'],"['Isekai', 'Reverse Harem']"
2055,,Movie,Novel,1,116,PG-13 - Teens 13 or older,6.8,1207,6276,10529,3730,5,,[],['Toei Animation'],"['Adventure', 'Drama', 'Mystery']",[]
2056,,OVA,Manga,1,43,PG-13 - Teens 13 or older,5.83,1776,11846,10553,3705,3,,['Shounen'],['Studio Pierrot'],"['Action', 'Sci-Fi', 'Supernatural']","['Space', 'Super Power']"
2057,Debutante Detective Corps,OVA,Original,1,30,PG-13 - Teens 13 or older,5.18,2031,14059,9941,4479,1,,[],['Daume'],"['Action', 'Comedy', 'Mystery']",['Detective']
2058,,OVA,Original,1,42,PG-13 - Teens 13 or older,5.77,1184,12139,12001,2487,1,,[],['Big Bang'],"['Comedy', 'Sci-Fi']","['Mecha', 'Parody', 'School']"
2059,,OVA,Manga,6,25,R+ - Mild Nudity,6.97,1264,5309,11305,3006,6,,[],"['Production I.G', 'Group TAC']","['Comedy', 'Romance']",[]
2060,Gall Force 1: Eternal Story,Movie,Original,1,85,R+ - Mild Nudity,6.56,3245,7808,7640,8922,16,,[],"['AIC', 'Artmic', 'animate Film']","['Adventure', 'Sci-Fi']","['Mecha', 'Military', 'Space']"
2061,,OVA,Original,1,50,R+ - Mild Nudity,6.63,2190,7372,9849,4593,3,,[],"['AIC', 'Artmic', 'animate Film']","['Action', 'Sci-Fi']","['Military', 'Space']"
2062,,OVA,Original,1,60,R+ - Mild Nudity,6.63,1998,7379,10078,4297,4,,[],"['AIC', 'Artmic', 'animate Film']","['Action', 'Sci-Fi']","['Military', 'Space']"
2063,Rhea Gall Force,OVA,Original,1,57,R - 17+ (violence & profanity),6.58,1778,7704,10120,4247,2,,[],"['AIC', 'Artmic', 'animate Film']",['Sci-Fi'],"['Mecha', 'Military']"
2064,Gall Force: Earth Chapter,OVA,Original,3,50,R+ - Mild Nudity,6.61,1626,7495,10056,4327,2,,[],['AIC'],['Sci-Fi'],"['Mecha', 'Military']"
2065,,OVA,Original,2,45,R+ - Mild Nudity,6.21,1451,9864,10856,3396,0,,[],['AIC'],['Sci-Fi'],"['Mecha', 'Military', 'Space']"
2066,,OVA,Original,4,30,R+ - Mild Nudity,6.54,1090,7918,11380,2942,4,,[],['AIC'],"['Adventure', 'Sci-Fi']","['Mecha', 'Military', 'Space']"
2067,Gekiganger 3,OVA,Original,1,30,PG-13 - Teens 13 or older,6.57,2614,7738,9248,5512,6,,['Shounen'],['Xebec'],"['Comedy', 'Sci-Fi']","['Mecha', 'Parody']"
2068,Genesis Survivor Gaiarth,OVA,Original,3,46,PG-13 - Teens 13 or older,6.58,1503,7708,9840,4602,8,,[],"['AIC', 'Studio Kyuuma', 'Big Bang']","['Adventure', 'Fantasy', 'Sci-Fi']",['Mecha']
2069,Gude Crest: The Emblem of Gude,Movie,Light novel,1,45,PG-13 - Teens 13 or older,6.39,1263,8851,11634,2754,2,,[],['J.C.Staff'],"['Adventure', 'Fantasy']",[]
2070,Guy: Double Target,OVA,Unknown,2,35,Rx - Hentai,5.56,1110,,10901,3351,3,,[],['AIC'],"['Action', 'Sci-Fi', 'Hentai']",['Space']
2071,Hana Yori Dango The Movie,Movie,Manga,1,30,PG-13 - Teens 13 or older,6.32,3427,9260,7630,8952,17,,['Shoujo'],['Toei Animation'],"['Drama', 'Romance']",['Performing Arts']
2072,,OVA,Visual novel,4,30,PG-13 - Teens 13 or older,6.24,1331,9689,10753,3498,7,,[],['Studio OX'],"['Adventure', 'Comedy', 'Sci-Fi', 'Ecchi']","['Idols (Female)', 'Music']"
2073,,OVA,Manga,6,27,R - 17+ (violence & profanity),6.95,649,5428,12538,2140,1,,['Shoujo'],[],['Horror'],[]
2074,,TV,Manga,30,24,PG-13 - Teens 13 or older,7.13,756,4421,12374,2230,1,1997,[],['Studio Comet'],"['Adventure', 'Comedy', 'Fantasy']","['Isekai', 'Parody']"
2075,,TV,Manga,51,25,PG-13 - Teens 13 or older,7.11,658,4547,11849,2586,5,1996,['Josei'],"['Shaft', 'E&G Films', 'Magic Bus', 'Office AO', 'Takahashi Studio']","['Adventure', 'Comedy']",[]
2076,The File of Young Kindaichi,TV,Manga,148,24,R - 17+ (violence & profanity),8.03,9073,713,4269,36810,280,1997,['Shounen'],['Toei Animation'],['Mystery'],[]
2077,,Movie,Light novel,1,95,PG-13 - Teens 13 or older,7.24,1848,3718,9955,4461,9,,['Shounen'],['Toei Animation'],['Mystery'],['School']
2078,Landlock,OVA,Unknown,2,45,PG-13 - Teens 13 or older,5.78,1606,12117,10710,3531,1,,[],['Sanctuary'],"['Adventure', 'Fantasy', 'Sci-Fi']",[]
2079,,OVA,Light novel,4,28,R+ - Mild Nudity,6.63,1120,7398,11115,3168,5,,[],"['AIC', 'Studio Hakk']","['Adventure', 'Comedy', 'Fantasy', 'Ecchi']",[]
2080,Magical Girl Club Quartet: Alien X from A Zone,OVA,Original,1,27,PG-13 - Teens 13 or older,6.53,1013,8007,12317,2275,1,,[],['Studio Pierrot'],"['Action', 'Comedy', 'Sci-Fi']","['Mahou Shoujo', 'Parody']"
2081,,OVA,Game,1,26,R+ - Mild Nudity,6.08,1225,10599,12012,2481,2,,[],['OLM'],['Comedy'],[]
2082,Marriage,OVA,Visual novel,2,27,PG-13 - Teens 13 or older,5.93,946,11347,11921,2539,3,,[],['Sofix'],['Romance'],[]
2083,,OVA,Manga,2,29,PG-13 - Teens 13 or older,6.44,1738,8543,10077,4302,1,,[],['Madhouse'],['Action'],"['Martial Arts', 'School']"
2084,,TV,Original,38,22,PG-13 - Teens 13 or older,7.48,1699,2350,9325,5389,27,1990,[],['Ashi Productions'],"['Adventure', 'Comedy', 'Fantasy']","['Isekai', 'Mecha']"
2085,,OVA,Original,3,30,PG-13 - Teens 13 or older,7.17,720,4176,12725,2015,2,,[],['Ashi Productions'],"['Adventure', 'Comedy', 'Fantasy']","['Isekai', 'Mecha']"
2086,,OVA,Original,3,30,PG-13 - Teens 13 or older,7.16,731,4241,12778,1971,3,,[],['Ashi Productions'],"['Adventure', 'Comedy', 'Fantasy']",[]
2087,,TV,Original,26,23,PG-13 - Teens 13 or older,7.44,1732,2568,10022,4376,21,1996,[],['Ashi Productions'],"['Comedy', 'Fantasy']",['Mecha']
2088,,OVA,Manga,1,56,PG-13 - Teens 13 or older,4.67,1928,14681,10278,4074,4,,[],['Filmlink International'],"['Adventure', 'Sci-Fi']",['Space']
2089,The Super Dimension Century Orguss,TV,Original,35,25,PG-13 - Teens 13 or older,6.79,2064,6339,7878,8233,15,1983,[],['Tokyo Movie Shinsha'],"['Adventure', 'Romance', 'Sci-Fi']",['Mecha']
2090,The Super Dimension Century Orguss 02,OVA,Original,6,30,PG-13 - Teens 13 or older,7.02,1738,5030,9618,4931,15,,[],['J.C.Staff'],"['Adventure', 'Romance', 'Sci-Fi']",['Mecha']
2091,The Fashion Boy is Cool,OVA,Manga,1,30,PG-13 - Teens 13 or older,5.26,624,13900,13543,1568,2,,['Shoujo'],['Madhouse'],['Romance'],[]
2092,,OVA,Manga,1,31,PG-13 - Teens 13 or older,5.86,854,11701,12600,2098,0,,['Shoujo'],['Madhouse'],"['Drama', 'Romance']",[]
2093,,OVA,Manga,1,31,PG-13 - Teens 13 or older,5.1,690,14201,12914,1878,1,,['Shoujo'],['Madhouse'],['Romance'],[]
2094,,OVA,Original,1,49,PG-13 - Teens 13 or older,6.15,1465,10222,10939,3320,0,,[],[],['Sci-Fi'],['Mecha']
2095,,OVA,Game,3,53,R+ - Mild Nudity,6.81,1052,6261,11925,2536,5,,[],['Studio Pierrot'],"['Adventure', 'Sci-Fi']",[]
2096,,OVA,Manga,1,42,G - All Ages,6.16,902,10221,12604,2093,0,,['Shoujo'],['Ashi Productions'],"['Romance', 'Sci-Fi']",[]
2097,Special Duty Combat Unit Shinesman,OVA,Manga,2,27,PG-13 - Teens 13 or older,6.7,1789,6984,10225,4130,9,,[],['Production I.G'],"['Action', 'Comedy', 'Sci-Fi']",[]
2098,New Kimagure Orange Road: Summer's Beginning,Movie,Manga,1,95,R - 17+ (violence & profanity),7.43,4620,2601,7211,10354,28,,['Shounen'],['Studio Pierrot'],"['Comedy', 'Drama', 'Fantasy', 'Romance', 'Ecchi']",[]
2099,,Movie,Manga,1,53,R+ - Mild Nudity,6.43,2329,8631,8497,6821,5,,[],['AIC'],"['Adventure', 'Sci-Fi', 'Supernatural']",[]
2100,,Movie,Manga,1,58,PG-13 - Teens 13 or older,6.49,1729,8250,9754,4723,4,,['Seinen'],['AIC'],"['Adventure', 'Fantasy', 'Sci-Fi']",[]
2101,,OVA,Manga,1,30,PG-13 - Teens 13 or older,5.71,1090,12438,12025,2473,0,,['Shoujo'],['Madhouse'],['Romance'],['Love Polygon']
2102,,OVA,Manga,2,28,PG-13 - Teens 13 or older,6.39,1821,8859,9899,4531,4,,['Seinen'],['AIC'],"['Adventure', 'Comedy', 'Supernatural']",[]
2103,,OVA,Manga,1,53,R+ - Mild Nudity,6.44,1975,8555,9163,5658,19,,['Shounen'],['Gallop'],['Drama'],['Music']
2104,My Bride is a Mermaid,TV,Manga,26,24,PG-13 - Teens 13 or older,7.65,150433,1639,799,347558,3043,2007,['Shounen'],"['Gonzo', 'AIC']","['Comedy', 'Romance', 'Supernatural']","['Organized Crime', 'Parody', 'School']"
2105,Toka Gettan: The Moonlight Lady Returns,TV,Visual novel,26,23,R - 17+ (violence & profanity),6.59,5223,7657,5342,21996,51,2007,[],['Studio Deen'],"['Drama', 'Fantasy', 'Romance', 'Ecchi']",[]
2106,,TV,Original,26,24,PG-13 - Teens 13 or older,6.62,3327,7439,6761,12038,15,2007,[],['Satelight'],['Sci-Fi'],"['Mecha', 'Military']"
2107,One Piece: Episode of Alabasta - The Desert Princess and the Pirates,Movie,Manga,1,90,PG-13 - Teens 13 or older,7.3,42480,3318,2797,78382,31,,['Shounen'],['Toei Animation'],"['Action', 'Adventure', 'Fantasy']",[]
2108,MegaMan NT Warrior: Axess,TV,Game,51,24,PG - Children,7.19,9153,4048,5631,19115,51,2003,[],['Xebec'],"['Action', 'Adventure', 'Comedy', 'Sci-Fi']",['Strategy Game']
2109,,TV,Game,51,25,PG - Children,7.17,4645,4185,6878,11528,31,2004,[],['Xebec'],"['Adventure', 'Sci-Fi']","['Mecha', 'School', 'Strategy Game']"
2110,,TV,Game,25,25,PG - Children,7.14,3715,4370,7453,9473,18,2005,[],['Xebec'],"['Adventure', 'Sci-Fi']","['Mecha', 'Strategy Game']"
2111,,Movie,Game,1,48,PG - Children,7.18,2141,4110,9601,4958,10,,[],['Xebec'],"['Action', 'Adventure']",['Strategy Game']
2112,,TV,Manga,26,23,PG-13 - Teens 13 or older,7.54,21465,2082,3755,46865,210,2007,['Shounen'],['Xebec'],['Sports'],['Racing']
2113,,TV,Original,38,24,PG-13 - Teens 13 or older,7.24,5779,3754,6564,12931,73,1989,[],['Tatsunoko Production'],"['Action', 'Fantasy']",[]
2114,,OVA,Original,6,30,PG-13 - Teens 13 or older,6.71,1076,6925,11712,2694,2,,[],['Tatsunoko Production'],"['Action', 'Fantasy']",[]
2116,Flash Kicker,TV,Manga,128,24,G - All Ages,7.38,56034,2832,2504,93618,652,1983,['Shounen'],['Tsuchida Productions'],['Sports'],['Team Sports']
2117,,OVA,Manga,13,26,G - All Ages,7.32,8245,3205,6252,14460,15,,['Shounen'],"['J.C.Staff', 'animate Film']",['Sports'],['Team Sports']
2118,,Movie,Manga,1,42,G - All Ages,6.95,3617,5412,8393,7025,2,,['Shounen'],['Tsuchida Productions'],['Sports'],['Team Sports']
2119,,Movie,Manga,1,60,G - All Ages,6.89,3025,5744,8843,6169,3,,['Shounen'],['Tsuchida Productions'],['Sports'],['Team Sports']
2120,,Movie,Manga,1,35,G - All Ages,6.79,2762,6345,9152,5668,1,,['Shounen'],['Tsuchida Productions'],['Sports'],['Team Sports']
2121,,Movie,Manga,1,57,G - All Ages,6.95,3069,5418,8803,6234,3,,['Shounen'],['Tsuchida Productions'],['Sports'],['Team Sports']
2122,,OVA,Manga,1,47,G - All Ages,6.97,2816,5289,9083,5784,1,,['Shounen'],['J.C.Staff'],['Sports'],['Team Sports']
2123,,Movie,Other,1,78,PG - Children,7.06,12012,4806,5277,22645,54,,[],['Toei Animation'],"['Action', 'Adventure', 'Fantasy', 'Sci-Fi']",[]
2124,Code Geass: Lelouch of the Rebellion Recaps,TV Special,Original,2,24,PG-13 - Teens 13 or older,7.02,16773,5035,4143,39146,57,,[],['Sunrise'],['Sci-Fi'],"['Mecha', 'Military', 'School', 'Super Power']"
2125,,OVA,Manga,2,26,PG-13 - Teens 13 or older,7.19,5752,4068,6263,14414,10,,['Shounen'],['Studio Pierrot'],"['Action', 'Supernatural']","['Martial Arts', 'Mythology']"
2126,,OVA,Manga,4,20,R+ - Mild Nudity,7.29,5722,3401,6204,14832,15,,['Shounen'],['Studio Pierrot'],"['Action', 'Supernatural']","['Martial Arts', 'Mythology']"
2127,,TV,Original,38,23,PG-13 - Teens 13 or older,6.82,1090,6157,10941,3317,9,1996,[],['Sunrise'],"['Adventure', 'Sci-Fi']",['Mecha']
2128,,TV,Original,50,24,PG-13 - Teens 13 or older,7.08,1135,4746,10239,4114,9,1975,[],['Sunrise'],"['Adventure', 'Sci-Fi']",['Mecha']
2129,True Tears,TV,Original,13,24,PG-13 - Teens 13 or older,7.27,104916,3533,1241,227653,921,2008,[],['P.A. Works'],"['Drama', 'Romance']","['Love Polygon', 'School']"
2130,Princess Resurrection,TV,Manga,25,24,PG-13 - Teens 13 or older,7.01,31274,5098,2625,86885,220,2007,['Shounen'],['Madhouse'],"['Action', 'Comedy', 'Horror', 'Supernatural']",['Vampire']
2131,Bludgeoning Angel Dokuro-chan 2,OVA,Light novel,2,26,R - 17+ (violence & profanity),6.63,69671,7363,2167,116167,126,,[],['HAL Film Maker'],"['Comedy', 'Supernatural', 'Ecchi']","['Gag Humor', 'Gore']"
2132,Inukami! The Movie,Movie,Light novel,1,26,PG-13 - Teens 13 or older,7.05,8861,4867,5751,18071,7,,[],['Seven Arcs'],"['Comedy', 'Romance', 'Supernatural', 'Ecchi']",[]
2133,,Movie,Original,1,78,PG - Children,6.19,1265,9979,10204,4152,6,,[],[],"['Drama', 'Fantasy']",[]
2134,Sex Warrior Pudding,OVA,Visual novel,3,29,Rx - Hentai,6.3,1669,,9626,4927,15,,[],['Big Wing'],['Hentai'],[]
2135,"Color of Sky, Color of Water",OVA,Visual novel,2,28,Rx - Hentai,7.2,8108,,5675,18649,140,,[],['Himajin Planning'],['Hentai'],[]
2136,Another Lady Innocent,OVA,Other,1,28,Rx - Hentai,6.94,7572,,6084,15659,95,,[],['Arms'],['Hentai'],['Historical']
2137,Insatiable,OVA,Manga,2,28,Rx - Hentai,6.06,2096,,8735,6354,37,,[],['Sunny Side Up'],['Hentai'],[]
2138,Shadow,OVA,Original,4,29,Rx - Hentai,6.6,2665,,7833,8355,31,,[],['APPP'],"['Action', 'Hentai']","['Gore', 'Historical', 'Martial Arts', 'Samurai']"
2139,,OVA,Visual novel,2,29,Rx - Hentai,6.43,1146,,10585,3667,4,,[],['Inugoya'],"['Drama', 'Hentai']",['Harem']
2140,,OVA,Visual novel,2,27,Rx - Hentai,6.35,2352,,8908,6100,16,,[],['Y.O.U.C'],['Hentai'],[]
2141,,Movie,Novel,1,77,G - All Ages,7.05,2060,4886,8357,7118,18,,[],[],"['Adventure', 'Drama', 'Supernatural']",['Historical']
2142,,TV,Game,51,24,PG - Children,6.44,30217,8512,3281,59240,126,2007,[],['Studio Pierrot'],"['Adventure', 'Comedy', 'Fantasy']",[]
2143,,OVA,Manga,3,33,PG-13 - Teens 13 or older,7.71,4760,1442,6209,14817,46,,['Shoujo'],"['Studio Pierrot', 'Arms']","['Action', 'Adventure', 'Drama', 'Fantasy']",[]
2144,Naruto the Movie 3: Guardians of the Crescent Moon Kingdom,Movie,Manga,1,94,PG-13 - Teens 13 or older,6.93,131060,5549,1246,226761,169,,['Shounen'],['Studio Pierrot'],"['Action', 'Adventure', 'Fantasy']",[]
2145,,OVA,Visual novel,2,28,Rx - Hentai,5.81,2163,,8950,6014,8,,[],['Studio Jam'],"['Fantasy', 'Hentai']",[]
2146,,OVA,Visual novel,1,26,PG-13 - Teens 13 or older,4.55,1326,14760,11301,3013,0,,[],['Soeishinsha'],"['Fantasy', 'Romance']","['Music', 'School']"
2147,Call Me Tonight,OVA,Original,1,29,R+ - Mild Nudity,5.42,7143,13466,6322,14157,24,,[],['AIC'],"['Comedy', 'Horror', 'Romance', 'Sci-Fi']",['Gore']
2148,No Money,OVA,Manga,4,29,R+ - Mild Nudity,6.11,26270,,3717,47627,160,,[],['Lyrics'],"['Boys Love', 'Drama', 'Erotica']",[]
2150,Moomin,TV,Book,78,24,G - All Ages,8.29,13964,341,4460,33479,868,1990,['Kids'],['Telescreen'],"['Adventure', 'Fantasy', 'Slice of Life']",['Iyashikei']
2151,Wonderful Adventures of Nils,TV,Novel,52,29,G - All Ages,7.25,4066,3658,7888,8202,30,1980,['Kids'],['Studio Pierrot'],"['Adventure', 'Fantasy']",[]
2152,Oh! Edo Rocket,TV,Other,26,24,PG-13 - Teens 13 or older,7.24,4932,3729,6367,13856,34,2007,[],['Madhouse'],"['Comedy', 'Drama', 'Fantasy', 'Sci-Fi']",['Historical']
2153,Saint Beast: Angel Chronicles,TV,Mixed media,13,25,PG-13 - Teens 13 or older,6.5,2613,8191,8125,7651,10,2007,[],"['Tokyo Kids', 'Yuhodo']",['Fantasy'],[]
2154,Tekkonkinkreet,Movie,Manga,1,110,R - 17+ (violence & profanity),7.95,48224,840,2064,124399,1585,,['Seinen'],['Studio 4°C'],"['Action', 'Adventure', 'Award Winning', 'Supernatural', 'Suspense']",['Psychological']
2155,,TV,Visual novel,13,24,PG-13 - Teens 13 or older,6.29,7119,9431,5202,23350,23,2007,[],['Artland'],['Romance'],"['Harem', 'School']"
2156,Bakugan Battle Brawlers,TV,Original,52,24,PG - Children,6.52,73938,8034,2120,120055,495,2007,[],['TMS Entertainment'],"['Action', 'Fantasy']",['Strategy Game']
2157,,TV,Original,13,23,PG-13 - Teens 13 or older,7.07,3019,4764,7990,7914,12,2007,[],['Actas'],['Sci-Fi'],['Mecha']
2158,Toward the Terra (TV),TV,Manga,24,24,PG-13 - Teens 13 or older,7.9,19884,957,3067,67143,845,2007,['Shounen'],"['Tokyo Kids', 'Minami Machi Bugyousho']","['Action', 'Drama', 'Sci-Fi']","['Military', 'Space', 'Super Power']"
2159,Big Windup!,TV,Manga,25,24,PG-13 - Teens 13 or older,7.88,43386,998,2289,106920,1774,2007,['Seinen'],['A-1 Pictures'],['Sports'],['Team Sports']
2161,The Skull Man,TV,Manga,13,23,PG-13 - Teens 13 or older,6.63,9479,7408,4328,35781,80,2007,[],['Bones'],"['Action', 'Mystery', 'Supernatural']",[]
2162,,TV,Novel,25,23,PG-13 - Teens 13 or older,6.28,2805,9482,7400,9657,13,2007,[],['Picture Magic'],['Adventure'],['Historical']
2163,AIKa R-16: Virgin Mission,OVA,Original,3,26,R+ - Mild Nudity,5.89,11123,11539,4735,29237,58,,[],['Studio Fantasia'],"['Action', 'Comedy', 'Ecchi']",[]
2164,Den-noh Coil,TV,Original,26,25,G - All Ages,8.04,46472,688,1688,159915,1701,2007,[],['Madhouse'],"['Adventure', 'Award Winning', 'Drama', 'Mystery', 'Sci-Fi']",[]
2165,,TV,Manga,100,23,G - All Ages,7.24,2343,3700,8286,7223,13,2007,[],['Toei Animation'],"['Comedy', 'Fantasy', 'Horror']",[]
2166,Dojin Work,TV,4-koma manga,12,13,PG-13 - Teens 13 or older,6.8,14116,6284,4683,30132,40,2007,[],['Remic'],['Comedy'],['Otaku Culture']
2167,Clannad,TV,Visual novel,23,24,PG-13 - Teens 13 or older,7.99,797614,764,95,1511376,28708,2007,[],['Kyoto Animation'],"['Drama', 'Romance']",['School']
2168,,OVA,Game,6,24,PG-13 - Teens 13 or older,6.61,1394,7517,10277,4075,4,,[],['AIC'],"['Adventure', 'Comedy', 'Sci-Fi']","['Mecha', 'Performing Arts']"
2169,,OVA,Original,3,37,R - 17+ (violence & profanity),5.39,4286,13579,7104,10691,19,,[],['PPM'],"['Action', 'Girls Love', 'Sci-Fi']",['Military']
2170,,OVA,Original,2,54,R+ - Mild Nudity,7.08,4887,4743,6802,11850,10,,[],['Satelight'],"['Romance', 'Sci-Fi', 'Supernatural']","['Mecha', 'Super Power']"
2171,Detective Conan Movie 11: Jolly Roger in the Deep Azure,Movie,Manga,1,105,PG-13 - Teens 13 or older,7.45,28527,2504,3649,48963,11,,['Shounen'],['TMS Entertainment'],"['Adventure', 'Comedy', 'Mystery']",['Detective']
2172,,Movie,Manga,1,102,G - All Ages,6.97,2253,5294,9746,4742,3,,['Seinen'],['Shin-Ei Animation'],"['Comedy', 'Ecchi']",['School']
2173,Mushiking: The King of Beetles SUPER BATTLE MOVIE -Altered Beetles of Darkness-,Movie,Card game,1,50,G - All Ages,6.0,183,11011,16546,737,3,,[],['TMS Entertainment'],"['Adventure', 'Fantasy']",[]
2174,Fist of the North Star The legend of the True Savior - Legend of Raoh: Chapter of Firece Fighting,Movie,Manga,1,89,R - 17+ (violence & profanity),7.61,5083,1773,6874,11548,24,,['Shounen'],['TMS Entertainment'],"['Action', 'Adventure', 'Romance']",['Martial Arts']
2175,,Movie,Light novel,1,28,R - 17+ (violence & profanity),7.68,23768,1526,3448,54474,33,,[],['Shaft'],"['Adventure', 'Drama', 'Fantasy']",[]
2176,,Movie,Original,1,84,PG-13 - Teens 13 or older,7.12,1891,4480,9126,5700,3,,[],"['Gonzo', 'asread.']",['Sci-Fi'],"['Mecha', 'Space', 'Super Power']"
2178,,Movie,Other,1,96,R - 17+ (violence & profanity),6.74,9711,6673,5409,21344,37,,[],['Madhouse'],"['Action', 'Horror', 'Sci-Fi']",[]
2179,,OVA,Visual novel,2,41,PG-13 - Teens 13 or older,6.48,1484,8318,10333,3999,11,,[],['Studio Pierrot'],"['Drama', 'Romance']",['School']
2180,Slow Step,OVA,Manga,5,43,PG-13 - Teens 13 or older,6.64,1335,7339,10156,4208,2,,['Shoujo'],['Pastel'],"['Comedy', 'Romance', 'Sports']",['School']
2181,TANK S.W.A.T. 01,OVA,Original,1,29,PG-13 - Teens 13 or older,4.64,1406,14702,10679,3562,0,,[],['DOGA Productions'],['Sci-Fi'],['Mecha']
2182,Robot Carnival,OVA,Original,1,91,PG-13 - Teens 13 or older,7.31,11271,3260,4540,32073,154,,[],['APPP'],"['Fantasy', 'Sci-Fi']",['Mecha']
2183,Ayane's High Kick,OVA,Original,2,27,PG-13 - Teens 13 or older,6.04,3357,10805,8343,7136,14,,['Shounen'],['Rikuentai'],"['Comedy', 'Sports']",['Combat Sports']
2185,,OVA,Visual novel,2,27,Rx - Hentai,5.73,1906,,9588,4983,6,,[],['Arms'],"['Action', 'Adventure', 'Fantasy', 'Hentai']",[]
2186,,OVA,Visual novel,2,28,Rx - Hentai,5.43,804,,11472,2875,4,,[],['Y.O.U.C'],['Hentai'],[]
2187,Gold Throbber,OVA,Visual novel,2,26,Rx - Hentai,5.86,953,,11404,2925,4,,[],['Y.O.U.C'],['Hentai'],[]
2188,Maid in Heaven,OVA,Visual novel,2,27,Rx - Hentai,6.51,4044,,7303,10009,38,,[],['Shinkuukan'],['Hentai'],[]
2189,Inma Seiden: The Legend of the Beast of Lust,OVA,Original,6,27,Rx - Hentai,6.12,912,,10780,3472,15,,[],['Arms'],"['Supernatural', 'Hentai']",['School']
2190,,OVA,Visual novel,3,30,Rx - Hentai,5.33,641,,12459,2185,1,,[],['Shinkuukan'],['Hentai'],[]
2191,Behind Closed Doors,OVA,Visual novel,3,29,Rx - Hentai,6.08,1522,,10131,4231,12,,[],['Shindeban Film'],['Hentai'],[]
2193,,Special,Light novel,9,25,PG-13 - Teens 13 or older,7.2,1370,3999,9396,5291,6,,['Shoujo'],['Madhouse'],"['Adventure', 'Fantasy', 'Romance']","['Historical', 'Reverse Harem']"
2194,Sextra Credit,OVA,Visual novel,2,29,Rx - Hentai,6.25,2524,,8488,6837,24,,[],['Y.O.U.C'],['Hentai'],[]
2195,Naughty Nurses,OVA,Original,2,28,Rx - Hentai,5.83,1174,,10648,3599,4,,[],['Y.O.U.C'],['Hentai'],[]
2196,Fantastic Adventure Of Yohko: Leda,OVA,Original,1,70,PG-13 - Teens 13 or older,6.74,4163,6669,7241,10241,38,,[],['Kaname Productions'],"['Adventure', 'Fantasy', 'Sci-Fi']","['Isekai', 'Mecha']"
2198,Ah! My Goddess: Flights of Fancy Specials,Special,Manga,2,24,PG-13 - Teens 13 or older,7.5,13705,2232,4867,27550,28,,['Seinen'],['AIC'],"['Comedy', 'Romance', 'Supernatural']",['Harem']
2199,Ringing Bell,Movie,Picture book,1,46,PG-13 - Teens 13 or older,7.21,7441,3887,5972,16447,89,,[],['Sunrise'],"['Adventure', 'Drama', 'Fantasy']",[]
2200,Invincible Superman Zambot 3,TV,Original,23,24,PG-13 - Teens 13 or older,7.39,2432,2803,8479,6842,25,1977,[],['Sunrise'],"['Drama', 'Sci-Fi']",['Mecha']
2201,Pokémon Ranger and the Temple of the Sea,Movie,Game,1,105,PG - Children,6.82,56730,6194,2476,95026,50,,['Kids'],['OLM'],"['Action', 'Adventure', 'Drama', 'Fantasy']",[]
2202,Captain Harlock: Arcadia of my Youth,Movie,Manga,1,130,PG-13 - Teens 13 or older,7.59,5527,1871,6528,13075,102,,[],['Toei Animation'],"['Action', 'Adventure', 'Drama', 'Sci-Fi']","['Adult Cast', 'Space']"
2203,Captain Harlock: Arcadia of my Youth - Endless Orbit SSX,TV,Manga,22,25,PG-13 - Teens 13 or older,7.49,3122,2317,7642,8921,43,1982,[],['Toei Animation'],"['Action', 'Adventure', 'Drama', 'Sci-Fi']",['Space']
2204,,TV,Manga,26,25,R - 17+ (violence & profanity),7.47,3871,2390,6426,13574,66,1999,['Shounen'],['TMS Entertainment'],"['Mystery', 'Suspense']",['Detective']
2205,Burst Angel: Infinity,OVA,Original,1,25,PG-13 - Teens 13 or older,6.73,7110,6727,5924,16805,14,,[],['Gonzo'],"['Comedy', 'Sci-Fi']",['Mecha']
2206,,OVA,Original,1,13,PG-13 - Teens 13 or older,6.91,1399,5642,10588,3657,1,,[],['Madhouse'],"['Comedy', 'Sci-Fi']",[]
2207,,Movie,Manga,1,29,PG-13 - Teens 13 or older,6.48,1345,8282,11025,3255,7,,[],['Nippon Animation'],"['Adventure', 'Comedy', 'Fantasy']",[]
2208,,OVA,Visual novel,2,31,Rx - Hentai,5.54,646,,12611,2088,0,,[],['Arms'],"['Drama', 'Hentai']",[]
2209,Variable Geo Neo,OVA,Visual novel,3,29,Rx - Hentai,5.61,1465,,9967,4445,3,,[],"['Studio Jam', 'Studio Lagoon']","['Action', 'Hentai']",['Martial Arts']
2210,Other Worlds,ONA,Original,1,1,PG-13 - Teens 13 or older,6.22,10746,9847,5803,17761,15,,[],[],"['Drama', 'Romance']",[]
2211,,Movie,Original,1,6,G - All Ages,6.49,3211,8226,9096,5756,5,,[],['Tezuka Productions'],['Adventure'],[]
2212,,Special,Original,1,2,PG-13 - Teens 13 or older,6.65,1917,7244,8955,6012,1,,[],['Gonzo'],['Sci-Fi'],['Mecha']
2213,,TV,Manga,61,25,PG-13 - Teens 13 or older,7.69,14100,1487,4031,41408,230,2004,['Shounen'],['Tezuka Productions'],['Drama'],['Medical']
2214,,TV,Manga,17,24,PG-13 - Teens 13 or older,7.63,5850,1691,6138,15230,68,2006,['Shounen'],['Tezuka Productions'],"['Action', 'Drama']",['Medical']
2215,,TV,Original,26,24,PG-13 - Teens 13 or older,6.93,2522,5539,8053,7783,8,2007,[],"[""Brain's Base""]",['Sci-Fi'],['Mecha']
2216,Shigurui: Death Frenzy,TV,Manga,12,23,R+ - Mild Nudity,7.38,40485,2861,1941,135351,1002,2007,['Seinen'],['Madhouse'],"['Action', 'Drama', 'Suspense']","['Adult Cast', 'Gore', 'Historical', 'Martial Arts', 'Psychological', 'Samurai']"
2217,,Special,Original,1,27,PG-13 - Teens 13 or older,6.73,4940,6745,7392,9683,10,,[],['Ashi Productions'],"['Comedy', 'Romance', 'Sci-Fi', 'Ecchi']",['Harem']
2218,,OVA,Light novel,1,60,PG-13 - Teens 13 or older,5.47,4105,,7791,8481,5,,[],['Bee Media'],"['Boys Love', 'Drama', 'Suspense', 'Erotica']","['Music', 'Psychological']"
2219,,OVA,Manga,1,39,PG-13 - Teens 13 or older,4.96,2098,14398,8976,5984,5,,['Shoujo'],['AIC'],"['Avant Garde', 'Boys Love', 'Drama', 'Supernatural']",['Psychological']
2220,Be-Boy Kidnapp'n Idol,OVA,Original,1,26,PG-13 - Teens 13 or older,5.46,5250,13345,7054,10836,17,,[],['AIC'],"['Boys Love', 'Drama']",['Idols (Male)']
2221,Rock'n Roll Kids,TV,Manga,42,25,G - All Ages,6.93,4057,5522,7288,10070,55,1983,['Shoujo'],['Toei Animation'],"['Comedy', 'Romance']","['Childcare', 'Music']"
2222,,TV,Manga,243,25,PG-13 - Teens 13 or older,7.33,7070,3102,5634,19071,92,1981,['Shounen'],['Toei Animation'],"['Comedy', 'Sci-Fi']",['Gag Humor']
2223,Maple Town,TV,Original,52,24,G - All Ages,7.3,1250,3309,10445,3825,15,1986,[],['Toei Animation'],"['Fantasy', 'Slice of Life']",['Anthropomorphic']
2224,,TV,Manga,19,24,PG-13 - Teens 13 or older,6.89,2278,5755,8478,6847,14,1986,['Shoujo'],['Tatsunoko Production'],"['Romance', 'Sports']",['Music']
2225,Heidi: Girl of the Alps,TV,Book,52,25,G - All Ages,7.47,21988,2368,3948,42989,385,1974,[],['Nippon Animation'],['Drama'],['Historical']
2226,A Christmas Adventure,TV,Unknown,23,25,G - All Ages,6.25,303,9654,15190,1027,1,1984,['Kids'],"['Nippon Animation', 'Shaft']",['Fantasy'],[]
2227,,TV,Manga,21,23,G - All Ages,7.56,3067,1980,8017,7855,45,1987,['Shoujo'],['Toei Animation'],['Drama'],['Historical']
2228,,TV,Manga,47,25,PG - Children,7.45,3415,2491,8734,6356,34,1991,['Kids'],['Animation 21'],"['Comedy', 'Sports']","['School', 'Team Sports']"
2229,Dragon Quest: The Adventure of Dai,TV,Manga,46,24,G - All Ages,7.63,12138,1697,4926,26634,127,1991,['Shounen'],['Toei Animation'],"['Action', 'Adventure', 'Fantasy']",[]
2230,Flower Angel,TV,Original,50,24,G - All Ages,7.23,2321,3771,8288,7217,28,1979,[],['Toei Animation'],"['Adventure', 'Drama']",[]
2231,,TV,Manga,37,25,PG-13 - Teens 13 or older,6.95,1481,5447,9324,5387,12,1983,['Shounen'],['Kitty Film Mitaka Studio'],['Romance'],['School']
2232,,TV,Original,12,6,PG-13 - Teens 13 or older,4.94,676,14408,13272,1693,6,2006,[],[],['Comedy'],[]
2233,,TV,Unknown,26,3,G - All Ages,6.27,548,9544,13554,1565,8,2003,['Kids'],[],['Comedy'],[]
2234,,TV,Manga,30,5,PG - Children,6.06,947,10738,11630,2758,2,2004,['Kids'],"['Bee Media', 'Synergy Japan']","['Comedy', 'Sci-Fi']","['Mecha', 'Parody']"
2235,Aquatic Language,TV Special,Original,1,9,PG-13 - Teens 13 or older,6.67,14802,7140,4941,26446,26,,[],['Studio Rikka'],"['Drama', 'Sci-Fi', 'Suspense']",['Psychological']
2236,The Girl Who Leapt Through Time,Movie,Novel,1,98,G - All Ages,8.09,477298,622,264,839842,6115,,[],['Madhouse'],"['Award Winning', 'Drama', 'Romance', 'Sci-Fi']","['School', 'Time Travel']"
2237,,Special,Manga,1,7,PG-13 - Teens 13 or older,6.46,8715,8428,5652,18952,11,,[],['Nomad'],"['Comedy', 'Mystery']",[]
2238,Embracing Love: A Cicada in Winter,OVA,Manga,3,32,R - 17+ (violence & profanity),7.44,10851,,5253,22803,152,,[],['Venet'],"['Boys Love', 'Drama', 'Erotica']","['Historical', 'Samurai']"
2239,,OVA,Unknown,2,37,R+ - Mild Nudity,4.91,514,,12781,1970,3,,[],['Visual 80'],['Erotica'],[]
2240,Sins of the Sisters,OVA,Unknown,2,47,Rx - Hentai,4.81,539,,13267,1697,0,,[],['J.C.Staff'],['Hentai'],[]
2243,,TV,Manga,39,25,R - 17+ (violence & profanity),7.08,973,4715,10625,3617,4,1990,[],['Azeta Pictures'],"['Action', 'Adventure', 'Drama']",['Historical']
2244,,TV,Unknown,12,24,PG-13 - Teens 13 or older,6.5,745,8195,11218,3084,2,2006,[],['TNK'],['Comedy'],"['Historical', 'Performing Arts']"
2245,,TV,Original,12,23,PG-13 - Teens 13 or older,7.02,2410,5067,7999,7897,28,1999,[],['Sunrise'],"['Drama', 'Romance', 'Sci-Fi']",[]
2246,Mononoke,TV,Original,12,22,R - 17+ (violence & profanity),8.41,106388,222,749,368079,9292,2007,[],['Toei Animation'],"['Horror', 'Mystery', 'Supernatural', 'Suspense']","['Adult Cast', 'Historical', 'Mythology', 'Psychological']"
2248,Naruto: Hidden Leaf Village Grand Sports Festival,Special,Original,1,11,PG-13 - Teens 13 or older,6.86,45315,5950,2727,81987,68,,['Shounen'],['Studio Pierrot'],['Comedy'],[]
2249,,Movie,Manga,1,74,R - 17+ (violence & profanity),5.71,3112,12396,8191,7481,2,,[],['Toei Animation'],"['Action', 'Adventure', 'Fantasy']",[]
2250,Roots Search,OVA,Original,1,43,R+ - Mild Nudity,4.61,2227,14722,9728,4767,6,,[],['Production Wave'],"['Horror', 'Sci-Fi']",['Space']
2251,Baccano!,TV,Light novel,13,24,R - 17+ (violence & profanity),8.35,399489,276,205,959491,23771,2007,[],"[""Brain's Base""]","['Action', 'Mystery', 'Supernatural']","['Adult Cast', 'Historical', 'Organized Crime']"
2252,,TV,Manga,39,25,R - 17+ (violence & profanity),6.58,9016,7672,4185,38292,149,1972,['Shounen'],['Toei Animation'],"['Action', 'Horror', 'Supernatural']",['Mythology']
2253,Mazinger Z,TV,Manga,92,25,PG-13 - Teens 13 or older,7.36,7892,2952,5462,20699,150,1973,['Shounen'],['Toei Animation'],"['Drama', 'Sci-Fi']",['Mecha']
2254,,TV,Original,50,24,PG-13 - Teens 13 or older,7.25,1469,3668,8496,6827,49,1982,[],['Sunrise'],['Sci-Fi'],"['Mecha', 'Military']"
2255,Super Bestial Machine God Dancougar,TV,Original,38,23,PG-13 - Teens 13 or older,7.0,1839,5142,8513,6797,15,1985,[],"['Production Reed', 'Ashi Productions']",['Sci-Fi'],"['Mecha', 'Space']"
2256,Dancougar: Requiem for Victims,OVA,Original,1,80,PG-13 - Teens 13 or older,6.69,950,6994,12090,2427,0,,[],['Production Reed'],['Drama'],['Mecha']
2257,,TV,Original,75,23,PG-13 - Teens 13 or older,7.67,1797,1577,8023,7846,83,1981,[],['Sunrise'],"['Drama', 'Sci-Fi']","['Mecha', 'Military']"
2258,,Movie,Original,1,8,PG-13 - Teens 13 or older,5.33,458,13730,14264,1304,1,,[],['Sunrise'],"['Comedy', 'Sci-Fi']",['Mecha']
2259,,TV,Manga,51,23,PG - Children,6.79,1304,6348,9359,5336,21,2001,['Shoujo'],['Studio Comet'],"['Comedy', 'Fantasy', 'Romance']",['School']
2260,,OVA,Original,5,29,R+ - Mild Nudity,6.19,882,9973,11296,3008,2,,[],['Studio Fantasia'],"['Comedy', 'Sci-Fi', 'Ecchi']",['Mecha']
2261,,OVA,Original,3,26,R - 17+ (violence & profanity),6.51,3772,8116,6754,12051,189,,[],[],"['Horror', 'Sci-Fi']",['Psychological']
2262,,OVA,Game,1,55,R - 17+ (violence & profanity),5.11,3046,14186,8626,6562,6,,[],['Phoenix Entertainment'],"['Action', 'Horror', 'Sci-Fi', 'Supernatural']","['Adult Cast', 'Gore']"
2263,Sonic the Hedgehog: The Movie,OVA,Game,2,30,PG - Children,6.97,14662,5325,5238,22968,285,,[],['Studio Pierrot'],"['Adventure', 'Comedy', 'Sci-Fi']",['Anthropomorphic']
2264,Jungle Emperor Leo,Movie,Manga,1,98,G - All Ages,7.14,2506,4357,9367,5327,14,,[],['Tezuka Productions'],"['Adventure', 'Fantasy']",[]
2266,Wicked Lessons,OVA,Visual novel,2,29,Rx - Hentai,6.05,1291,,10539,3721,14,,[],['Y.O.U.C'],['Hentai'],[]
2267,Red Garden: Dead Girls,OVA,Original,1,44,R - 17+ (violence & profanity),6.29,3699,9449,7673,8816,10,,[],['Gonzo'],['Mystery'],['Mecha']
2269,Mobile Suit Gundam SEED Special Edition,TV Special,Original,3,95,R - 17+ (violence & profanity),7.25,4806,3647,6833,11709,12,,[],['Sunrise'],['Sci-Fi'],"['Mecha', 'Military', 'Space']"
2272,Magical Princess Minky Momo: La Ronde in my Dream,OVA,Unknown,1,86,G - All Ages,6.89,1235,5758,11251,3054,4,,[],['Ashi Productions'],[],['Mahou Shoujo']
2273,Mobile Suit Gundam Wing: Endless Waltz,Movie,Original,1,94,PG-13 - Teens 13 or older,7.79,39354,1222,3083,66395,213,,[],['Sunrise'],"['Drama', 'Sci-Fi']","['Mecha', 'Military', 'Space']"
2274,,Music,Manga,1,7,G - All Ages,6.88,10926,,5579,19555,11,,[],['animate Film'],[],['Music']
2275,Midnight Sleazy Train,OVA,Visual novel,3,29,Rx - Hentai,6.38,1907,,9223,5542,11,,[],['T-Rex'],['Hentai'],[]
2276,,OVA,Visual novel,3,30,Rx - Hentai,6.35,1640,,9562,5022,6,,[],['T-Rex'],['Hentai'],[]
2277,Magical Play,ONA,Original,24,5,PG-13 - Teens 13 or older,6.56,2026,7819,9064,5814,15,,[],['AIC'],"['Adventure', 'Comedy', 'Fantasy']",[]
2278,,OVA,Original,1,28,PG-13 - Teens 13 or older,5.59,1074,12940,11900,2553,1,,[],['AIC'],['Comedy'],[]
2279,The Wonderful World of Puss 'n Boots,Movie,Other,1,80,G - All Ages,7.09,2866,4682,9195,5594,20,,['Kids'],['Toei Animation'],"['Adventure', 'Fantasy']",[]
2280,Tokyo Pig,TV,Picture book,61,23,PG - Children,6.49,431,8223,13090,1780,7,1997,[],['Group TAC'],['Comedy'],['Parody']
2281,Flint the Time Detective,TV,Manga,39,25,PG - Children,6.57,5808,7744,6887,11501,24,1998,[],['Group TAC'],"['Adventure', 'Comedy', 'Fantasy', 'Mystery', 'Sci-Fi']",['Time Travel']
2282,In The Beginning: The Bible Stories,TV,Book,26,24,PG - Children,7.31,834,3272,11338,2981,12,1997,[],['Tezuka Productions'],[],['Historical']
2283,,TV,Other,49,24,PG-13 - Teens 13 or older,7.33,2045,3139,9479,5161,12,1994,[],['Tokyo Movie Shinsha'],"['Sci-Fi', 'Sports']","['Combat Sports', 'Mecha']"
2284,Transformers: Robots in Disguise,TV,Other,39,23,PG - Children,6.55,2907,7903,8851,6160,28,2000,[],"['Gallop', 'Dongwoo A&E']","['Adventure', 'Comedy', 'Sci-Fi']",['Mecha']
2285,,TV,Original,40,25,PG - Children,6.38,2503,8875,9343,5367,21,2006,['Kids'],['Xebec'],"['Adventure', 'Sci-Fi']",['Mecha']
2286,Little Nemo: Adventures in Slumberland,Movie,Picture book,1,94,G - All Ages,7.16,5547,4234,6895,11482,39,,[],['Tokyo Movie Shinsha'],"['Adventure', 'Fantasy']",[]
2287,Fighting Foodons,TV,Game,26,25,G - All Ages,6.24,2644,9693,8923,6054,13,2002,['Shounen'],['Group TAC'],"['Adventure', 'Comedy', 'Fantasy', 'Gourmet']",['Strategy Game']
2288,Cyber Team in Akihabara,TV,Original,26,23,PG-13 - Teens 13 or older,6.72,3366,6781,7373,9746,37,1998,[],['Ashi Productions'],"['Adventure', 'Sci-Fi']",['Mecha']
2289,Cyber Team in Akihabara: 2011 Summer Vacations,Movie,Original,1,60,PG-13 - Teens 13 or older,7.02,1466,5021,10842,3406,7,,[],['Production I.G'],"['Adventure', 'Comedy', 'Sci-Fi']",['Mecha']
2290,,Special,Original,1,5,G - All Ages,6.45,4531,8488,7809,8425,4,,[],['Toei Animation'],"['Adventure', 'Fantasy']",[]
2291,Fight!! Iczer-1,OVA,Manga,3,33,R+ - Mild Nudity,6.4,4835,8804,6668,12432,51,,[],['AIC'],"['Sci-Fi', 'Ecchi']",['Mecha']
2292,Iczer Reborn,OVA,Original,6,30,R - 17+ (violence & profanity),6.31,1976,9302,9978,4430,4,,[],"['AIC', 'Darts']","['Adventure', 'Sci-Fi']",['Mecha']
2293,Guyver: Out of Control,Movie,Manga,1,54,R+ - Mild Nudity,6.35,3650,9065,7836,8338,22,,['Shounen'],"['animate Film', 'Studio Live']","['Action', 'Horror', 'Sci-Fi']","['Gore', 'Super Power']"
2294,Mobile Suit Gundam SEED Destiny Special Edition,TV Special,Original,4,90,R - 17+ (violence & profanity),7.22,5428,3848,6603,12765,23,,[],['Sunrise'],"['Drama', 'Romance', 'Sci-Fi']","['Mecha', 'Military', 'Space']"
2298,Mobile Suit Gundam SEED: After-Phase Between the Stars,Special,Original,1,5,PG-13 - Teens 13 or older,6.95,8973,5433,5768,17931,7,,[],['Sunrise'],"['Drama', 'Sci-Fi']",['Mecha']
2299,Tekkaman Blade: Burning Clock,OVA,Original,1,9,R - 17+ (violence & profanity),6.56,973,7846,11641,2746,2,,[],['Tatsunoko Production'],['Sci-Fi'],['Mecha']
2300,Tekkaman Blade: Twin Blood,OVA,Original,1,10,R - 17+ (violence & profanity),6.92,1563,5611,9893,4538,5,,[],['Tatsunoko Production'],['Sci-Fi'],['Mecha']
2301,Tekkaman Blade: Missing Link,OVA,Original,1,5,R - 17+ (violence & profanity),5.95,884,11270,11806,2617,1,,[],['Tatsunoko Production'],['Sci-Fi'],['Mecha']
2302,Mobile Suit SD Gundam Mk-I,Special,Original,3,9,PG - Children,6.3,2533,9376,9128,5692,1,,[],['Sunrise'],"['Comedy', 'Sci-Fi']","['Mecha', 'Parody']"
2303,Mobile Suit SD Gundam Mk-II,OVA,Original,3,10,PG-13 - Teens 13 or older,6.2,2094,9924,9554,5033,1,,[],['Sunrise'],"['Comedy', 'Sci-Fi']","['Mecha', 'Parody']"
2304,Mobile Suit SD Gundam Mk-IV,OVA,Original,2,14,PG-13 - Teens 13 or older,6.03,1591,10866,10124,4240,1,,[],['Sunrise'],"['Comedy', 'Sci-Fi']","['Mecha', 'Parody']"
2305,Mobile Suit SD Gundam Mk-III,OVA,Original,6,7,PG-13 - Teens 13 or older,5.91,1692,11462,10021,4383,1,,[],['Sunrise'],"['Comedy', 'Sci-Fi']","['Mecha', 'Parody']"
2306,Mobile Suit SD Gundam's Counterattack,OVA,Original,2,12,PG-13 - Teens 13 or older,6.16,1605,10139,10095,4283,2,,[],['Sunrise'],['Comedy'],"['Mecha', 'Parody']"
2307,,OVA,Visual novel,2,28,R - 17+ (violence & profanity),6.41,1544,8728,10103,4268,3,,[],['Studio Hibari'],"['Comedy', 'Ecchi']",['Mecha']
2308,,TV,Visual novel,13,24,R+ - Mild Nudity,6.07,1534,10666,8944,6011,5,2005,[],['A.C.G.T.'],"['Drama', 'Supernatural', 'Ecchi']","['Harem', 'Historical', 'Mecha']"
2309,Azusa Will Help!,TV Special,Original,1,44,PG-13 - Teens 13 or older,6.48,2118,8267,10016,4390,1,,[],['TMS Entertainment'],"['Comedy', 'Sci-Fi', 'Sports']",['Team Sports']
2310,Super Mobile Legend Dinagiga,OVA,Original,2,27,PG-13 - Teens 13 or older,4.88,700,14467,12433,2200,1,,[],['Studio Deen'],['Sci-Fi'],['Mecha']
2311,Kenya Boy,Movie,Picture book,1,115,PG-13 - Teens 13 or older,5.27,880,13880,10983,3288,3,,[],['Toei Animation'],['Adventure'],[]
2312,"Bagi, the Monster of Mighty Nature",TV Special,Original,1,84,PG-13 - Teens 13 or older,6.71,2221,6865,9635,4909,18,,[],['Tezuka Productions'],"['Action', 'Romance', 'Sci-Fi']",[]
2313,Comet in Moominland,Movie,Book,1,72,G - All Ages,7.7,5594,1469,6700,12263,47,,['Kids'],['Visual 80'],"['Adventure', 'Fantasy', 'Slice of Life']",[]
2314,Fly! Peek the Whale,Movie,Unknown,1,80,G - All Ages,6.74,756,6702,12504,2159,2,,['Kids'],['Urban Product'],"['Adventure', 'Drama']",[]
2315,Alien from the Darkness,OVA,Original,1,45,Rx - Hentai,5.3,1610,,10204,4156,3,,[],['PP Project'],"['Action', 'Adventure', 'Horror', 'Sci-Fi', 'Hentai']",[]
2316,,TV,Unknown,52,25,PG-13 - Teens 13 or older,6.59,667,7593,11481,2864,9,1970,[],['Tokyo TV Douga'],['Sports'],['Team Sports']
2317,Strange Love,OVA,Manga,2,39,R+ - Mild Nudity,4.97,2965,14384,8057,7765,20,,[],['Group TAC'],"['Comedy', 'Girls Love', 'Ecchi']",[]
2318,,OVA,Manga,1,44,R - 17+ (violence & profanity),3.86,1541,14925,11134,3153,3,,['Seinen'],"['J.C.Staff', 'animate Film']",['Action'],['Military']
2319,,OVA,Original,1,6,PG-13 - Teens 13 or older,6.37,1542,8945,10533,3727,0,,[],['Sunrise'],"['Action', 'Adventure', 'Sci-Fi']",[]
2321,Giant Robo the Animation: The Day the Earth Stood Still,OVA,Manga,7,49,PG-13 - Teens 13 or older,7.92,9019,893,4593,31466,483,,['Shounen'],['Phoenix Entertainment'],"['Drama', 'Sci-Fi']","['Mecha', 'Super Power']"
2322,Giant Robo: Ginrei Special,OVA,Manga,3,25,PG-13 - Teens 13 or older,6.08,1938,10584,8804,6222,2,,['Shounen'],['Phoenix Entertainment'],"['Comedy', 'Sci-Fi', 'Ecchi']","['Mecha', 'Parody', 'Super Power']"
2324,,OVA,Original,3,29,Rx - Hentai,6.49,5007,,6699,12264,53,,[],"['Front Line', 'Studio G-1Neo']","['Action', 'Hentai']",[]
2325,,OVA,Original,3,27,Rx - Hentai,6.4,3294,,7936,8051,21,,[],['Asahi Production'],"['Adventure', 'Sci-Fi', 'Hentai']",[]
2326,Mail Order Maiden 28,OVA,Unknown,1,38,Rx - Hentai,5.45,848,,11812,2611,8,,[],['Aubeck'],['Hentai'],[]
2327,The Blackmail: Tomorrow Never Ends,OVA,Visual novel,3,28,Rx - Hentai,5.74,1242,,10683,3558,5,,[],['Production D.M.H'],['Hentai'],[]
2328,The Blackmail II: The Animation,OVA,Visual novel,3,30,Rx - Hentai,5.99,1141,,10928,3329,3,,[],['ORADA COMPANY'],['Hentai'],[]
2329,,OVA,Visual novel,2,28,Rx - Hentai,6.07,875,,11381,2943,5,,[],['Flavors Soft'],['Hentai'],[]
2330,Bucky: The Incredible Kid,TV,Manga,26,22,PG-13 - Teens 13 or older,7.44,7149,2535,6162,15112,76,1999,[],['Trans Arts'],"['Adventure', 'Comedy', 'Fantasy']",[]
2331,Ulysses 31,TV,Original,26,25,G - All Ages,7.11,2667,4579,8428,6964,33,1981,[],['TMS Entertainment'],"['Action', 'Adventure', 'Sci-Fi']",['Space']
2332,,OVA,Original,1,47,R+ - Mild Nudity,6.26,8154,9604,5527,20039,28,,[],['animate Film'],"['Adventure', 'Sci-Fi', 'Ecchi']","['Mecha', 'Military']"
2333,The Three Musketeers,TV,Novel,52,25,G - All Ages,7.28,2147,3406,8741,6336,28,1987,[],"['Gallop', 'Gakken']","['Adventure', 'Drama', 'Romance']",['Historical']
2334,The Three Musketeers: Aramis the Adventure,Movie,Novel,1,45,G - All Ages,6.51,657,8086,12630,2078,1,,[],['Gallop'],"['Adventure', 'Romance']",['Historical']
2335,Legendary Brave Swordsman Yaiba,TV,Manga,52,22,PG-13 - Teens 13 or older,7.29,5135,3362,6854,11630,41,1993,['Shounen'],['Pastel'],['Adventure'],['Samurai']
2336,,Special,Manga,1,24,G - All Ages,7.27,4916,3503,7311,9977,3,,['Shounen'],['Studio Pierrot'],"['Comedy', 'Supernatural']",['Strategy Game']
2337,Tetsujin 28,TV,Manga,26,25,G - All Ages,7.64,1858,1682,8280,7239,49,2004,['Shounen'],['Palm Studio'],"['Adventure', 'Drama', 'Sci-Fi']","['Historical', 'Mecha']"
2338,Demon Beast Invasion,OVA,Manga,6,45,Rx - Hentai,5.3,809,,11578,2792,4,,[],['Ashi Productions'],"['Horror', 'Supernatural', 'Hentai']",['Mythology']
2339,Demon Beast Resurrection,OVA,Manga,4,30,Rx - Hentai,5.32,610,,12494,2167,2,,[],['Triple X'],"['Horror', 'Supernatural', 'Hentai']",['Mythology']
2340,Nightmare Campus,OVA,Manga,5,40,Rx - Hentai,5.58,752,,11876,2569,10,,[],['Phoenix Entertainment'],"['Supernatural', 'Hentai']",[]
2341,Urotsukidoji: Legend of the Overfiend,OVA,Manga,3,48,Rx - Hentai,6.06,5123,,5943,16633,90,,[],['Phoenix Entertainment'],"['Action', 'Drama', 'Fantasy', 'Hentai']",[]
2342,Urotsukidoji II: Legend of the Demon Womb,OVA,Manga,2,47,Rx - Hentai,5.68,1088,,11239,3068,5,,[],['Phoenix Entertainment'],"['Fantasy', 'Horror', 'Sci-Fi', 'Hentai']",['Mythology']
2343,Urotsukidoji III: Return of the Overfiend,OVA,Manga,4,48,Rx - Hentai,5.65,1701,,9792,4668,6,,[],['Phoenix Entertainment'],"['Fantasy', 'Horror', 'Sci-Fi', 'Hentai']",['Mythology']
2344,Urotsukidoji IV: Inferno Road,OVA,Manga,3,43,Rx - Hentai,5.4,1178,,10871,3389,4,,[],['Phoenix Entertainment'],"['Fantasy', 'Horror', 'Sci-Fi', 'Hentai']",['Mythology']
2345,,OVA,Manga,1,51,Rx - Hentai,5.27,998,,11306,3009,1,,[],['Phoenix Entertainment'],"['Fantasy', 'Horror', 'Hentai']",['Mythology']
2346,Ichi The Killer: Episode 0,OVA,Manga,1,45,R+ - Mild Nudity,5.71,5679,12424,6679,12348,38,,['Seinen'],['AIC'],"['Action', 'Avant Garde', 'Drama', 'Horror', 'Suspense']","['Gore', 'Martial Arts', 'Organized Crime', 'Psychological']"
2348,,OVA,Visual novel,3,30,Rx - Hentai,5.38,1219,,10847,3407,9,,[],['ORADA COMPANY'],['Hentai'],[]
2349,Bondage Game,OVA,Visual novel,2,30,Rx - Hentai,5.1,4302,,7210,10355,71,,[],['ORADA COMPANY'],"['Suspense', 'Hentai']",['Psychological']
2350,,OVA,Visual novel,3,31,Rx - Hentai,5.27,1246,,10299,4053,9,,[],['PP Project'],['Hentai'],[]
2351,,OVA,Visual novel,2,30,Rx - Hentai,5.34,2116,,9166,5652,16,,[],['AT-2'],['Hentai'],[]
2352,Daiakuji -The Xena Buster-,OVA,Visual novel,6,29,Rx - Hentai,6.63,3425,,7737,8650,35,,[],['Shinkuukan'],['Hentai'],[]
2353,,OVA,Visual novel,2,22,Rx - Hentai,6.56,1777,,10171,4191,3,,[],['Shinkuukan'],['Hentai'],[]
2354,Devilman: The Birth,OVA,Manga,1,50,R+ - Mild Nudity,7.2,18763,3958,4292,36405,367,,['Shounen'],['Oh! Production'],"['Horror', 'Sci-Fi', 'Supernatural']","['Gore', 'Mythology']"
2355,Devilman: The Demon Bird,OVA,Manga,1,57,R+ - Mild Nudity,7.11,14961,4532,4879,27330,154,,['Shounen'],['Oh! Production'],"['Horror', 'Sci-Fi', 'Supernatural']","['Gore', 'Mythology']"
2356,Amon: Apocalypse of Devilman,OVA,Manga,1,45,R+ - Mild Nudity,6.56,13810,7784,4747,29103,160,,['Seinen'],['Studio Live'],"['Horror', 'Supernatural']","['Gore', 'Mythology', 'Psychological']"
2357,Sex Taxi,OVA,Visual novel,5,28,Rx - Hentai,6.15,2329,,8787,6252,24,,[],['Studio Jam'],['Hentai'],[]
2359,Urotsukidouji: Legend of the Overfiend (Movie),Movie,Manga,1,106,R+ - Mild Nudity,6.11,3135,,8395,7025,31,,[],['Phoenix Entertainment'],"['Action', 'Drama', 'Supernatural', 'Hentai']",['Mythology']
2360,Urotsukidoji II: Legend of the Demon Womb (movie),Movie,Manga,1,88,Rx - Hentai,5.86,1888,,9985,4424,8,,[],['Phoenix Entertainment'],"['Fantasy', 'Horror', 'Sci-Fi', 'Hentai']",['Mythology']
2361,Saber Rider and the Star Sheriffs,TV,Original,51,24,PG-13 - Teens 13 or older,7.38,2960,2858,8474,6852,40,1984,[],['Studio Pierrot'],"['Adventure', 'Sci-Fi']","['Mecha', 'Space']"
2362,,TV,Game,13,24,PG-13 - Teens 13 or older,4.69,697,14663,11242,3064,5,2001,[],"['Idea Factory', 'Digital Dream Studios']",['Sci-Fi'],['Mecha']
2363,Pokémon Chronicles,TV,Game,16,20,PG - Children,6.9,17464,5720,4360,35267,17,2003,['Kids'],['OLM'],"['Adventure', 'Comedy', 'Fantasy']",[]
2364,,TV,Game,12,24,R+ - Mild Nudity,5.86,2063,11724,8772,6274,6,1997,[],['Plum'],"['Adventure', 'Sci-Fi']",['Mecha']
2365,,OVA,Manga,1,45,R - 17+ (violence & profanity),5.94,1126,11281,11418,2910,2,,[],"['Group TAC', 'animate Film']","['Adventure', 'Fantasy']",[]
2366,,TV,Game,25,8,PG-13 - Teens 13 or older,6.39,218,8862,13785,1471,1,1995,[],['J.C.Staff'],['Supernatural'],[]
2367,,TV,Other,12,24,R+ - Mild Nudity,6.48,10906,8296,4582,31585,97,2007,[],['Actas'],"['Comedy', 'Ecchi']","['Mahou Shoujo', 'School']"
2368,The Bizarre Cage,OVA,Visual novel,3,28,Rx - Hentai,5.66,772,,12130,2394,1,,[],['Studio Kyuuma'],['Hentai'],[]
2369,Rental Magica,TV,Light novel,24,24,PG-13 - Teens 13 or older,7.03,22648,5001,3100,65481,108,2007,[],['Zexcs'],"['Action', 'Mystery', 'Supernatural']",[]
2370,Chains of Lust,OVA,Visual novel,2,29,Rx - Hentai,5.98,1659,,9680,4842,11,,[],['Y.O.U.C'],['Hentai'],[]
2371,Crimson Climax,OVA,Visual novel,3,30,Rx - Hentai,6.07,2038,,9222,5543,19,,[],['Arms'],['Hentai'],[]
2372,Taboo Charming Mother,OVA,Manga,6,28,Rx - Hentai,7.2,11256,,5153,23913,325,,[],['Big Wing'],"['Drama', 'Hentai']",[]
2373,The Boundary between Dream and Reality,OVA,Visual novel,4,28,Rx - Hentai,5.52,679,,12415,2211,0,,[],['Mikimoto Production'],"['Fantasy', 'Hentai']",[]
2374,,OVA,Visual novel,3,27,Rx - Hentai,5.61,1179,,10838,3415,6,,[],['Production D.M.H'],['Hentai'],['School']
2375,,OVA,Visual novel,4,28,Rx - Hentai,5.86,1053,,11277,3034,7,,[],"['ORADA COMPANY', 'PP Project']",['Hentai'],['School']
2376,,OVA,Visual novel,2,29,Rx - Hentai,5.81,1028,,11300,3013,2,,[],['ORADA COMPANY'],['Hentai'],[]
2377,,OVA,Visual novel,6,28,Rx - Hentai,6.34,1347,,10297,4054,16,,[],['Himajin Planning'],['Hentai'],[]
2378,Kisaku Spirit: The Letch Lives,OVA,Visual novel,3,28,Rx - Hentai,6.14,1223,,10733,3515,11,,[],['Himajin Planning'],['Hentai'],[]
2379,Private Sessions,OVA,Visual novel,2,29,Rx - Hentai,5.37,1105,,10547,3714,6,,[],['Y.O.U.C'],['Hentai'],[]
2380,Private Sessions 2,OVA,Visual novel,2,28,Rx - Hentai,5.6,943,,11087,3193,4,,[],['Y.O.U.C'],['Hentai'],[]
2382,,TV,Original,26,25,PG-13 - Teens 13 or older,5.36,334,13658,13129,1765,1,2003,[],['Trans Arts'],"['Adventure', 'Sci-Fi']","['Mecha', 'Military']"
2383,Cybersix,TV,Other,13,23,PG-13 - Teens 13 or older,7.28,4068,3413,6547,12981,81,1999,[],['Telecom Animation Film'],"['Action', 'Adventure', 'Romance', 'Sci-Fi']",[]
2384,Demon Fighter Kocho,OVA,Manga,1,29,R+ - Mild Nudity,5.7,1771,12500,10436,3835,4,,[],['Anime R'],"['Comedy', 'Supernatural', 'Ecchi']",[]
2385,One Piece: Django's Dance Carnival,Special,Manga,1,6,PG-13 - Teens 13 or older,7.11,25276,4565,3768,46520,26,,['Shounen'],['Toei Animation'],"['Comedy', 'Fantasy']",[]
2386,One Piece: Dream Soccer King,Movie,Manga,1,5,PG-13 - Teens 13 or older,7.07,26910,4776,3621,49619,19,,['Shounen'],['Toei Animation'],"['Comedy', 'Fantasy', 'Sports']",['Team Sports']
2387,,OVA,Manga,1,92,PG-13 - Teens 13 or older,6.66,1893,7165,8997,5960,6,,[],['animate Film'],"['Drama', 'Romance']",[]
2388,Tachigui: The Amazing Lives of the Fast Food Grifters,Movie,Original,1,104,PG-13 - Teens 13 or older,5.29,389,13843,13344,1660,3,,[],['Production I.G'],"['Comedy', 'Gourmet']",[]
2389,Gatchaman,TV,Original,105,26,PG-13 - Teens 13 or older,7.03,4135,4984,6757,12036,73,1972,[],['Tatsunoko Production'],"['Action', 'Adventure', 'Sci-Fi']",[]
2390,Kirby: Right Back at Ya!,TV,Game,100,24,PG - Children,6.99,18880,5200,4195,38048,401,2001,[],['Studio Sign'],"['Action', 'Adventure', 'Comedy', 'Fantasy']",['Parody']
2391,,TV,Original,52,25,PG-13 - Teens 13 or older,5.68,4896,12586,7169,10465,12,2004,[],['Sunrise'],"['Adventure', 'Comedy', 'Fantasy']",['Mecha']
2392,Doraemon the Movie: Nobita's Dinosaur 2006,Movie,Unknown,1,106,PG - Children,7.68,12708,1517,5626,19166,34,,['Kids'],['Shin-Ei Animation'],"['Adventure', 'Comedy']",['Time Travel']
2393,Doraemon the Movie: Nobita and the Windmasters,Movie,Unknown,1,83,PG - Children,7.45,8013,2482,6645,12562,7,,['Kids'],['Shin-Ei Animation'],"['Adventure', 'Comedy', 'Fantasy']",[]
2394,The Night When Evil Falls,OVA,Light novel,3,27,Rx - Hentai,6.4,1954,,9228,5534,22,,[],['Dream Entertainment'],['Hentai'],[]
2395,No Way Out,OVA,Visual novel,2,25,Rx - Hentai,5.5,1296,,10315,4029,10,,[],['Eshoya Honpo'],['Hentai'],[]
2396,Boobalicious,OVA,Visual novel,4,28,Rx - Hentai,6.92,5020,,6495,13255,85,,[],['T-Rex'],['Hentai'],[]
2397,Digimon: Our War Game!,Movie,Original,1,40,PG - Children,7.83,64766,1103,2420,98509,418,,['Kids'],['Toei Animation'],"['Adventure', 'Comedy', 'Sci-Fi']",[]
2398,Digimon Adventure 02: Revenge of Diaboromon,Movie,Original,1,30,PG - Children,7.28,32420,3415,3351,57029,39,,['Kids'],['Toei Animation'],"['Adventure', 'Comedy', 'Drama', 'Sci-Fi']",[]
2399,Hamtaro: Hamtaro's Birthday! - 3000 Hammy Steps in Search of Mommy,OVA,Unknown,1,44,G - All Ages,6.6,884,7584,12012,2480,2,,['Kids'],['TMS Entertainment'],"['Adventure', 'Comedy']",[]
2400,Ghost Sweeper Mikami,TV,Manga,45,24,PG-13 - Teens 13 or older,7.36,5819,2933,5896,17003,53,1993,['Shounen'],['Toei Animation'],"['Comedy', 'Supernatural']",[]
2402,Tomorrow's Joe,TV,Manga,79,25,PG-13 - Teens 13 or older,8.4,30122,227,2188,114161,2480,1970,['Shounen'],['Mushi Production'],"['Drama', 'Sports']",['Combat Sports']
2403,,TV,Manga,12,24,R - 17+ (violence & profanity),6.69,56199,7015,2134,119306,628,2007,[],['Studio Barcelona'],"['Comedy', 'Drama', 'Ecchi']",['School']
2404,Zombie-Loan,TV,Manga,11,23,R - 17+ (violence & profanity),6.83,66578,6147,1831,145172,332,2007,['Shounen'],['XEBEC M2'],"['Action', 'Horror', 'Supernatural']",[]
2405,,TV,Manga,36,24,G - All Ages,7.67,2083,1551,9543,5052,32,1988,['Shoujo'],['Toei Animation'],['Drama'],[]
2406,Mrs. Sazae,TV,4-koma manga,,24,G - All Ages,6.16,2032,10152,7184,10412,43,1969,[],['Eiken'],['Comedy'],[]
2407,Sergeant Frog Movie,Movie,Manga,1,59,PG - Children,7.22,3655,3843,8248,7311,16,,['Shounen'],['Sunrise'],"['Comedy', 'Sci-Fi']",[]
2408,Sergeant Frog Movie 2,Movie,Manga,1,78,PG - Children,7.28,2886,3434,8774,6275,16,,['Shounen'],['Sunrise'],"['Action', 'Adventure', 'Comedy', 'Drama', 'Sci-Fi']",[]
2409,Gokudo,TV,Light novel,26,23,PG-13 - Teens 13 or older,7.57,6901,1928,5799,17760,147,1999,[],['Trans Arts'],"['Adventure', 'Comedy', 'Fantasy']",[]
2410,,OVA,Manga,3,28,Rx - Hentai,6.63,1605,,9814,4643,19,,[],['Studio G-1Neo'],"['Sci-Fi', 'Hentai']",[]
2411,It's a Family Affair,OVA,Visual novel,2,25,Rx - Hentai,6.78,5684,,6410,13663,58,,[],['Flavors Soft'],['Hentai'],[]
2412,,OVA,Manga,2,27,Rx - Hentai,5.71,2002,,9444,5209,13,,[],['Studio Jam'],['Hentai'],[]
2413,Boin,OVA,Visual novel,2,28,Rx - Hentai,6.61,5661,,6276,14353,49,,[],['Shindeban Film'],['Hentai'],[]
2414,Assemble Insert,OVA,Manga,2,29,PG-13 - Teens 13 or older,6.36,2614,8991,9032,5883,12,,[],['Studio Coa'],"['Comedy', 'Sci-Fi']",[]
2415,,TV,Manga,25,25,PG-13 - Teens 13 or older,7.12,2576,4511,9003,5954,15,1997,['Kids'],['Nippon Animation'],"['Adventure', 'Sports']",[]
2416,,TV,Unknown,39,25,PG-13 - Teens 13 or older,7.39,1550,2787,10851,3405,10,1998,[],['Nippon Animation'],"['Adventure', 'Sports']",[]
2417,,OVA,Manga,1,30,PG-13 - Teens 13 or older,6.5,7849,,6284,14348,17,,[],['Phoenix Entertainment'],"['Boys Love', 'Comedy', 'Drama', 'Erotica']",[]
2418,Sword of the Stranger,Movie,Original,1,102,R - 17+ (violence & profanity),8.25,172824,390,775,355059,3056,,[],['Bones'],"['Action', 'Adventure']","['Historical', 'Samurai']"
2419,Spirit of Wonder: Miss China's Ring,OVA,Manga,1,42,PG-13 - Teens 13 or older,6.41,2605,8746,7620,8977,8,,['Seinen'],['Ajia-do'],"['Romance', 'Sci-Fi']",[]
2420,Spirit of Wonder: Scientific Boys Club,OVA,Manga,2,30,R+ - Mild Nudity,6.49,1709,8254,8894,6117,3,,['Seinen'],['Ajia-do'],"['Drama', 'Sci-Fi']",['Space']
2421,,TV Special,Original,1,25,PG - Children,6.07,468,10686,14719,1163,1,,[],['Toei Animation'],"['Comedy', 'Fantasy']",[]
2422,Prefectural Earth Defense Force,OVA,Manga,1,49,PG-13 - Teens 13 or older,6.5,1870,8175,9902,4527,1,,['Shounen'],['Gallop'],"['Action', 'Adventure', 'Comedy', 'Sci-Fi']",[]
2423,,Movie,Manga,1,73,R+ - Mild Nudity,6.0,1388,11004,10626,3615,3,,['Shounen'],['Magic Bus'],"['Action', 'Drama', 'Sci-Fi']",['Military']
2424,Cardcaptor Sakura Specials,Special,Manga,3,4,G - All Ages,7.47,14417,2416,4690,30014,40,,['Shoujo'],['Madhouse'],['Comedy'],['Mahou Shoujo']
2427,The Fantastic Adventures Of Unico,Movie,Manga,1,90,G - All Ages,7.24,3167,3751,8215,7415,44,,['Kids'],['Madhouse'],"['Adventure', 'Fantasy']",[]
2428,Unico: Black Cloud White Feather,OVA,Manga,1,26,G - All Ages,6.62,1295,7456,11941,2523,4,,['Kids'],['Tezuka Productions'],"['Adventure', 'Fantasy']",[]
2429,Unico in the Island of Magic,Movie,Manga,1,91,G - All Ages,7.28,2084,3467,10048,4340,25,,['Kids'],['Madhouse'],"['Adventure', 'Fantasy']",[]
2430,,OVA,Visual novel,2,30,Rx - Hentai,6.09,1313,,10392,3904,8,,[],['AT-2'],['Hentai'],[]
2431,,OVA,Visual novel,3,25,Rx - Hentai,6.19,1316,,10669,3574,11,,[],['Shindeban Film'],['Hentai'],[]
2432,Discipline: The Hentai Academy,OVA,Visual novel,6,26,Rx - Hentai,6.86,15820,,4287,36467,288,,[],['Studio 9 Maiami'],['Hentai'],['School']
2433,,OVA,Visual novel,3,28,Rx - Hentai,7.13,4828,,7036,10927,86,,[],['Studio Fantasia'],['Hentai'],[]
2434,Slutty-Princess Diaries,OVA,Visual novel,3,26,Rx - Hentai,5.91,1021,,11178,3114,6,,[],['Studio Soul'],['Hentai'],[]
2435,Bondage 101,OVA,Visual novel,2,30,Rx - Hentai,5.9,1296,,10284,4067,6,,[],['Y.O.U.C'],['Hentai'],['School']
2436,,OVA,Visual novel,2,29,Rx - Hentai,5.87,2379,,9125,5699,8,,[],['APPP'],['Hentai'],[]
2437,,OVA,Visual novel,3,29,Rx - Hentai,5.96,1614,,9778,4686,6,,[],['Himajin Planning'],"['Fantasy', 'Hentai']",[]
2438,The Hills Have Size,OVA,Visual novel,2,27,Rx - Hentai,6.93,4302,,7183,10419,49,,[],['Executive Decision'],['Hentai'],[]
2439,,OVA,Visual novel,2,26,Rx - Hentai,5.63,1026,,11163,3125,2,,[],['Y.O.U.C'],['Hentai'],[]
2440,,OVA,Visual novel,2,30,Rx - Hentai,5.83,917,,12011,2484,5,,[],['Y.O.U.C'],['Hentai'],[]
2441,,OVA,Visual novel,2,29,Rx - Hentai,6.55,2204,,9095,5768,21,,[],['Dream Entertainment'],"['Supernatural', 'Hentai']",['Harem']
2442,,OVA,Visual novel,2,31,Rx - Hentai,6.37,1277,,10703,3537,10,,[],['Studio Hibari'],"['Supernatural', 'Hentai']",['Harem']
2443,The Maiden Diaries,OVA,Visual novel,5,29,Rx - Hentai,5.73,595,,12813,1949,2,,[],[],['Hentai'],[]
2444,Maids in Dream,OVA,Visual novel,2,28,Rx - Hentai,5.7,961,,11623,2763,2,,[],['J.K.I'],['Hentai'],[]
2445,,OVA,Visual novel,2,29,Rx - Hentai,6.26,2595,,8942,6031,10,,[],['Image House'],['Hentai'],[]
2446,,OVA,Manga,4,27,Rx - Hentai,7.16,4903,,6973,11204,182,,[],['Studio Soul'],['Hentai'],[]
2447,Mother Knows Breast,OVA,Original,2,27,Rx - Hentai,5.95,3792,,7610,9010,29,,[],['Y.O.U.C'],['Hentai'],[]
2448,Ghost in the Shell: Stand Alone Complex 2nd GIG - Individual Eleven,OVA,Manga,1,161,R - 17+ (violence & profanity),7.97,11822,810,4495,32833,46,,[],['Production I.G'],['Sci-Fi'],"['Adult Cast', 'Mecha']"
2449,Ghost in the Shell: Stand Alone Complex - The Laughing Man,OVA,Manga,1,160,R - 17+ (violence & profanity),8.06,16850,659,3870,44567,60,,['Seinen'],['Production I.G'],"['Mystery', 'Sci-Fi', 'Suspense']","['Adult Cast', 'Detective', 'Mecha', 'Psychological']"
2450,Crayon Shin-chan: The Storm Called - The Adult Empire Strikes Back,Movie,Manga,1,89,G - All Ages,7.99,7211,763,6396,13741,132,,['Seinen'],['Shin-Ei Animation'],"['Comedy', 'Sci-Fi']",[]
2451,Space Adventure Cobra,TV,Manga,31,24,R+ - Mild Nudity,7.72,8445,1413,4820,28133,310,1982,['Shounen'],['Tokyo Movie Shinsha'],"['Action', 'Adventure', 'Sci-Fi']","['Adult Cast', 'Space']"
2452,Space Adventure Cobra: The Movie,Movie,Manga,1,99,R+ - Mild Nudity,7.18,5675,4116,6383,13816,53,,['Shounen'],['TMS Entertainment'],"['Action', 'Adventure', 'Sci-Fi']","['Adult Cast', 'Space']"
2453,Voogie's Angel,OVA,Radio,3,27,PG-13 - Teens 13 or older,6.02,1527,10907,10091,4282,4,,[],"['J.C.Staff', 'Front Line']","['Drama', 'Sci-Fi']","['Mecha', 'Military']"
2454,Kimagure Orange Road: I Want to Return to That Day,Movie,Manga,1,69,R - 17+ (violence & profanity),7.68,5864,1524,6800,11858,57,,['Shounen'],['Studio Pierrot'],"['Comedy', 'Drama', 'Romance']",[]
2455,,OVA,Original,2,27,R - 17+ (violence & profanity),5.41,590,13525,13098,1775,0,,[],['PPM'],['Sci-Fi'],[]
2456,Legend of the Forest,Movie,Original,1,29,G - All Ages,6.32,1107,9270,12108,2411,1,,[],['Tezuka Productions'],"['Adventure', 'Award Winning', 'Drama', 'Fantasy']",['Music']
2457,,OVA,Manga,6,13,R - 17+ (violence & profanity),6.8,1875,6309,9984,4426,13,,['Seinen'],['Xebec'],['Comedy'],['Gag Humor']
2458,Kimagure Orange Road OVA,OVA,Manga,8,26,R - 17+ (violence & profanity),7.44,4375,2541,7333,9876,22,,['Shounen'],['Studio Pierrot'],"['Comedy', 'Drama', 'Romance']",['School']
2459,,OVA,Manga,1,23,PG-13 - Teens 13 or older,6.91,2983,5657,8427,6964,5,,['Seinen'],['Magic Bus'],"['Comedy', 'Drama', 'Romance']",['Adult Cast']
2460,Maison Ikkoku: Final Chapter,Movie,Manga,1,65,PG-13 - Teens 13 or older,7.15,4008,4301,7655,8875,10,,['Seinen'],['Ajia-do'],"['Comedy', 'Drama', 'Romance']",['Adult Cast']
2461,,OVA,Original,1,41,PG-13 - Teens 13 or older,6.06,4850,10731,6496,13237,17,,[],"['AIC', 'Artmic']",['Sci-Fi'],['Mecha']
2462,Battle Arena Toshinden,OVA,Game,2,27,R+ - Mild Nudity,5.52,2544,13199,9220,5540,3,,[],['J.C.Staff'],['Action'],['Martial Arts']
2463,Bomber Bikers of Shonan,OVA,Manga,12,53,R - 17+ (violence & profanity),7.88,1555,1000,7877,8227,103,,['Shounen'],['Toei Animation'],"['Action', 'Comedy']",['Delinquents']
2464,,Special,Unknown,5,3,PG - Children,6.33,605,9233,13612,1544,2,,[],['Studio Hibari'],"['Adventure', 'Comedy', 'Fantasy']",[]
2465,Hummingbirds,OVA,Light novel,4,34,PG-13 - Teens 13 or older,6.43,1195,8595,9909,4517,6,,[],['Ashi Productions'],['Comedy'],"['Idols (Female)', 'Military', 'Music', 'Parody']"
2466,,OVA,Original,1,26,PG - Children,6.51,1081,8132,12115,2407,0,,[],['Artmic'],['Comedy'],"['Parody', 'Racing']"
2467,Tama of Third Street: Have You Seen My Tama?,TV,Other,36,23,G - All Ages,6.73,1279,6779,10976,3286,10,1988,[],['Group TAC'],['Adventure'],['Pets']
2468,,OVA,Manga,1,42,R - 17+ (violence & profanity),6.31,2247,9327,9114,5722,9,,[],['Madhouse'],"['Drama', 'Romance']",[]
2469,,OVA,Unknown,3,44,Rx - Hentai,5.81,1044,,11255,3055,6,,[],[],"['Comedy', 'Hentai']",[]
2470,Space Pirate Captain Harlock: Riddle of the Arcadia Episode,Movie,Manga,1,35,PG-13 - Teens 13 or older,7.01,2558,5133,8634,6556,7,,[],['Toei Animation'],"['Action', 'Adventure', 'Drama', 'Sci-Fi']",['Space']
2471,Doraemon,TV,Manga,1787,11,PG - Children,7.91,42305,912,2937,72589,722,1979,"['Kids', 'Shounen']",['Shin-Ei Animation'],"['Adventure', 'Comedy', 'Fantasy', 'Sci-Fi']",['Anthropomorphic']
2472,Naruto Shippuden the Movie 1,Movie,Manga,1,94,PG-13 - Teens 13 or older,7.3,183717,3318,888,319282,331,,['Shounen'],['Studio Pierrot'],"['Action', 'Adventure', 'Fantasy']",[]
2473,Galaxy Fraulein Yuna,OVA,Visual novel,2,28,PG-13 - Teens 13 or older,6.35,2397,9113,8859,6146,4,,[],['J.C.Staff'],"['Adventure', 'Comedy', 'Sci-Fi']","['Mahou Shoujo', 'Mecha']"
2474,Galaxy Fraulein Yuna Returns,OVA,Visual novel,3,31,PG-13 - Teens 13 or older,6.58,1839,7680,10159,4203,6,,[],['J.C.Staff'],"['Adventure', 'Comedy', 'Sci-Fi']","['Mahou Shoujo', 'Mecha']"
2475,,ONA,Original,6,15,R+ - Mild Nudity,4.34,1467,14835,10216,4139,0,,[],['Arcturus'],"['Action', 'Sci-Fi']",[]
2476,School Days,TV,Visual novel,12,24,R+ - Mild Nudity,5.51,422172,13225,332,712429,3655,2007,[],['TNK'],"['Drama', 'Romance']","['Harem', 'School']"
2479,,OVA,Visual novel,1,30,Rx - Hentai,5.4,1501,,10339,3980,2,,[],['Studio Wombat'],"['Action', 'Fantasy', 'Hentai']",[]
2480,,OVA,Visual novel,1,47,Rx - Hentai,5.05,682,,12531,2143,1,,[],['Arms'],"['Action', 'Fantasy', 'Hentai']",[]
2482,,OVA,Manga,1,52,R+ - Mild Nudity,5.94,1290,11279,11148,3132,1,,[],['animate Film'],['Sci-Fi'],"['Mecha', 'Space']"
2483,Samurai: Hunt for the Sword,OVA,Visual novel,2,28,PG-13 - Teens 13 or older,6.14,1231,10264,11142,3141,1,,[],"['AIC', 'animate Film']","['Action', 'Adventure']","['Martial Arts', 'Samurai']"
2484,,TV,Original,38,23,PG - Children,7.45,1744,2488,9692,4815,19,2000,[],['Sunrise'],"['Adventure', 'Sci-Fi']","['Mecha', 'School', 'Space']"
2485,,Special,Original,7,5,PG-13 - Teens 13 or older,6.32,740,9246,12481,2171,5,,[],['Tokyo Kids'],"['Comedy', 'Fantasy', 'Romance']",[]
2486,Rumiko Takahashi Anthology,TV,Manga,13,24,PG-13 - Teens 13 or older,7.3,2550,3327,7636,8937,8,2003,['Seinen'],['TMS Entertainment'],"['Comedy', 'Drama', 'Romance', 'Supernatural']",[]
2487,,TV,Other,39,25,G - All Ages,7.35,1068,2995,11486,2857,14,1995,[],['Ashi Productions'],"['Adventure', 'Drama', 'Fantasy', 'Sci-Fi']",[]
2488,Mei and the Baby Cat Bus,Special,Original,1,14,G - All Ages,7.33,9088,3125,5203,23367,27,,[],['Studio Ghibli'],"['Adventure', 'Fantasy']",[]
2489,Onegai My Melody,TV,Other,52,24,PG - Children,7.61,6227,1792,5444,20930,269,2005,[],['Studio Comet'],"['Comedy', 'Fantasy']",[]
2490,One Piece: Take Aim! The Pirate Baseball King,Movie,Manga,1,5,PG-13 - Teens 13 or older,6.94,20740,5500,4111,39672,16,,['Shounen'],['Toei Animation'],"['Comedy', 'Fantasy', 'Sports']",['Team Sports']
2491,Touch: Ace Without A Number On His Back,Movie,Manga,1,93,PG-13 - Teens 13 or older,6.71,1082,6924,11284,3029,1,,['Shounen'],['Group TAC'],"['Drama', 'Romance', 'Sports']",['Team Sports']
2492,Touch 2: The Farewell Gift,Movie,Manga,1,79,PG-13 - Teens 13 or older,6.69,1029,7040,11635,2754,2,,['Shounen'],['Group TAC'],"['Drama', 'Romance', 'Sports']",['Team Sports']
2493,Touch 3: After You Passed By,Movie,Manga,1,83,PG-13 - Teens 13 or older,6.69,969,7040,11719,2690,1,,['Shounen'],['Group TAC'],"['Drama', 'Sports']","['School', 'Team Sports']"
2494,Good Luck! Ninomiya-kun,TV,Light novel,12,24,R+ - Mild Nudity,6.67,50038,7124,2350,103163,176,2007,[],['AIC Spirits'],"['Comedy', 'Fantasy', 'Ecchi']",['Harem']
2495,Chance Pop Session,TV,Radio,13,24,PG-13 - Teens 13 or older,6.48,2236,8264,8600,6619,15,2001,[],['Madhouse'],['Drama'],"['Idols (Female)', 'Music']"
2497,New Cutey Honey,OVA,Manga,8,26,R+ - Mild Nudity,6.77,4338,6516,6534,13052,45,,[],['Toei Animation'],"['Adventure', 'Comedy', 'Sci-Fi', 'Ecchi']",[]
2498,Slam Dunk: Shohoku Maximum Crisis! Burn Sakuragi Hanamichi,Movie,Manga,1,40,PG-13 - Teens 13 or older,7.55,9813,2044,5548,19813,16,,['Shounen'],['Toei Animation'],['Sports'],"['School', 'Team Sports']"
2499,Slam Dunk: Roar!! Basket Man Spirit,Movie,Manga,1,40,PG-13 - Teens 13 or older,7.64,9650,1680,5552,19746,14,,['Shounen'],['Toei Animation'],['Sports'],"['School', 'Team Sports']"
2500,,OVA,Manga,3,24,PG-13 - Teens 13 or older,7.18,6509,4128,5921,16839,71,,[],['Madhouse'],[],"['Adult Cast', 'Historical', 'Military']"
2501,,TV,Manga,26,23,R+ - Mild Nudity,7.28,938,3445,12119,2402,11,2003,[],['Nippon Animation'],"['Adventure', 'Comedy']",[]
2503,Papuwa-kun: The Southern Boy,TV,Manga,42,25,PG-13 - Teens 13 or older,7.31,588,3252,13377,1646,0,1992,['Shounen'],['Nippon Animation'],"['Adventure', 'Comedy']",[]
2505,Ringetsu The Animation,OVA,Visual novel,3,27,Rx - Hentai,6.64,2444,,8608,6595,14,,[],['Flavors Soft'],['Hentai'],[]
2506,Sex Exchange (1),OVA,Original,1,28,Rx - Hentai,5.93,2238,,9012,5937,6,,[],['Y.O.U.C'],['Hentai'],[]
2507,Wife with Wife,OVA,Visual novel,2,28,Rx - Hentai,6.46,2016,,9398,5287,10,,[],['Studio Ten'],['Hentai'],[]
2508,Genshiken 2,TV,Manga,12,24,PG-13 - Teens 13 or older,7.76,47586,1286,2579,89183,226,2007,['Seinen'],['Arms'],['Comedy'],"['Adult Cast', 'Otaku Culture', 'Parody']"
2510,Macron 1,TV,Original,26,24,PG-13 - Teens 13 or older,7.09,1244,4686,10039,4351,3,1981,[],['Ashi Productions'],"['Comedy', 'Sci-Fi']","['Mecha', 'Parody']"
2511,Time Stranger,Movie,Original,1,88,PG-13 - Teens 13 or older,6.98,1583,5264,10015,4386,14,,[],['Ashi Productions'],"['Action', 'Sci-Fi']",[]
2512,Detective Conan OVA 02: 16 Suspects,OVA,Manga,1,25,PG-13 - Teens 13 or older,7.32,9303,3190,5724,18257,13,,['Shounen'],['TMS Entertainment'],"['Adventure', 'Comedy', 'Mystery']",['Detective']
2513,Detective Conan OVA 03: Conan and Heiji and the Vanished Boy,OVA,Manga,1,25,PG-13 - Teens 13 or older,7.17,8559,4177,5917,16857,0,,['Shounen'],['TMS Entertainment'],"['Adventure', 'Comedy', 'Mystery']",['Detective']
2514,Detective Conan OVA 04: Conan and Kid and Crystal Mother,OVA,Manga,1,25,PG-13 - Teens 13 or older,7.49,9557,2303,5644,18999,3,,['Shounen'],['TMS Entertainment'],"['Adventure', 'Mystery']",['Detective']
2515,Detective Conan OVA 05: The Target is Kogoro! The Detective Boys' Secret Investigation,OVA,Manga,1,23,PG-13 - Teens 13 or older,7.23,7569,3790,6140,15225,4,,['Shounen'],['TMS Entertainment'],"['Adventure', 'Comedy', 'Mystery']",['Detective']
2516,Starship Troopers,OVA,Book,6,25,R - 17+ (violence & profanity),6.14,2537,10288,8178,7532,12,,[],['Sunrise'],['Sci-Fi'],"['Mecha', 'Military', 'Space']"
2517,Emma: A Victorian Romance - Intermission,TV Special,Manga,1,24,G - All Ages,7.0,2572,5148,8810,6219,8,,['Seinen'],['Ajia-do'],"['Drama', 'Romance']","['Adult Cast', 'Historical']"
2518,,TV,Manga,12,5,PG-13 - Teens 13 or older,7.06,1640,4820,10357,3959,2,2006,['Shounen'],['Artland'],['Comedy'],['Gag Humor']
2520,Dragon Ball Specials,Special,Manga,2,12,PG - Children,6.71,16846,6874,4401,34585,35,,['Shounen'],['Toei Animation'],"['Comedy', 'Fantasy']",['Educational']
2521,,TV,Original,13,24,PG-13 - Teens 13 or older,5.95,1274,11234,10175,4182,3,2001,[],['AIC'],['Sci-Fi'],['Mecha']
2522,,OVA,Manga,2,27,PG-13 - Teens 13 or older,6.16,1807,10150,10174,4190,2,,['Shounen'],['Triangle Staff'],"['Adventure', 'Comedy', 'Sci-Fi']",[]
2523,Izumo: Flash of a Brave Sword,TV,Visual novel,12,25,PG-13 - Teens 13 or older,6.24,4319,9690,6319,14176,17,2005,[],"['Trinet Entertainment', 'Studio Kyuuma']","['Action', 'Adventure', 'Drama', 'Fantasy', 'Romance']","['Isekai', 'Martial Arts']"
2524,Jungle De Ikou!,OVA,Original,3,28,PG-13 - Teens 13 or older,5.54,4147,13106,6980,11164,23,,[],"['Studio Fantasia', 'Chaos Project']","['Action', 'Adventure', 'Comedy', 'Ecchi']",['Mahou Shoujo']
2525,,OVA,Manga,4,21,R+ - Mild Nudity,5.68,2417,12566,8407,6998,15,,[],['Studio Signal'],"['Comedy', 'Ecchi']",[]
2526,,OVA,Manga,1,39,R+ - Mild Nudity,6.25,3024,9644,8004,7875,17,,['Seinen'],['Ashi Productions'],"['Comedy', 'Romance', 'Supernatural', 'Ecchi']",[]
2527,The Adventures of Kotetsu,OVA,Manga,2,26,R+ - Mild Nudity,6.14,1778,10263,9772,4691,4,,[],['Project Team Sarah'],"['Action', 'Comedy', 'Fantasy', 'Romance', 'Sci-Fi', 'Ecchi']",[]
2528,,OVA,Visual novel,2,30,R+ - Mild Nudity,5.49,1436,13277,9845,4597,3,,[],['animate Film'],"['Adventure', 'Fantasy', 'Ecchi']",[]
2529,,OVA,Game,1,44,R+ - Mild Nudity,6.02,1431,10930,10926,3331,1,,[],['Group TAC'],"['Adventure', 'Comedy', 'Fantasy']",['Parody']
2530,,OVA,Manga,7,24,Rx - Hentai,5.82,2868,,7668,8836,29,,['Seinen'],['AIC'],"['Girls Love', 'Hentai']",[]
2531,Step Sister,OVA,Visual novel,2,28,Rx - Hentai,6.59,2916,,8362,7092,26,,[],['Mook Animation'],['Hentai'],[]
2532,Hot for Teacher,OVA,Visual novel,2,29,Rx - Hentai,5.79,1444,,9789,4674,9,,[],['Y.O.U.C'],['Hentai'],[]
2533,,OVA,Visual novel,4,30,Rx - Hentai,6.28,1483,,10217,4139,9,,[],['Executive Decision'],['Hentai'],[]
2534,,OVA,Visual novel,3,30,PG-13 - Teens 13 or older,6.44,2534,8509,8219,7400,15,,['Shoujo'],['Yumeta Company'],"['Drama', 'Fantasy', 'Romance', 'Sci-Fi']",['Reverse Harem']
2535,,OVA,Visual novel,3,30,PG-13 - Teens 13 or older,6.42,1131,8644,10860,3397,1,,['Shoujo'],['Yumeta Company'],"['Adventure', 'Drama', 'Fantasy', 'Romance', 'Sci-Fi']",[]
2536,,OVA,Visual novel,2,30,PG-13 - Teens 13 or older,6.04,1395,10802,10326,4004,4,,['Shoujo'],['Yumeta Company'],"['Drama', 'Fantasy', 'Romance', 'Sci-Fi']",[]
2537,,OVA,Visual novel,8,17,PG - Children,6.52,613,8033,12547,2136,1,,['Shoujo'],['Yumeta Company'],"['Fantasy', 'Sci-Fi']",[]
2538,,OVA,Visual novel,2,28,PG-13 - Teens 13 or older,6.09,824,10568,12634,2076,0,,[],['Arms'],"['Drama', 'Fantasy', 'Mystery', 'Romance']","['Love Polygon', 'School']"
2539,G-Spot Express,OVA,Visual novel,2,26,Rx - Hentai,6.77,4209,,7394,9671,47,,[],['Studio 9 Maiami'],['Hentai'],[]
2540,Girl Next Door,OVA,Visual novel,2,32,Rx - Hentai,5.74,1232,,10351,3972,8,,[],['Y.O.U.C'],"['Comedy', 'Hentai']",[]
2541,Submission Central,OVA,Visual novel,2,29,Rx - Hentai,5.38,989,,11383,2942,7,,[],['Y.O.U.C'],['Hentai'],[]
2542,,TV,Manga,45,24,PG-13 - Teens 13 or older,7.25,5044,3652,6705,12240,77,1983,['Shoujo'],['Tokyo Movie Shinsha'],"['Drama', 'Romance']",['Historical']
2543,The Great Adventures of Robin Hood,TV,Other,52,25,G - All Ages,7.22,4665,3853,7214,10340,38,1990,[],['Tatsunoko Production'],"['Adventure', 'Romance']",['Historical']
2544,The Swiss Family Robinson: Flone of the Mysterious Island,TV,Novel,50,24,G - All Ages,7.49,3509,2295,7805,8427,36,1981,[],['Nippon Animation'],"['Adventure', 'Drama']",['Historical']
2545,,TV,Novel,26,25,G - All Ages,6.83,1136,6099,11614,2767,2,1976,[],['Group TAC'],"['Adventure', 'Drama']",['Historical']
2546,,TV,Book,48,25,G - All Ages,7.0,2168,5140,9415,5253,11,1983,[],['Nippon Animation'],['Drama'],['Historical']
2547,A Little Princess Sara,TV,Novel,46,25,G - All Ages,7.75,11399,1318,5102,24481,150,1985,[],['Nippon Animation'],['Drama'],"['Historical', 'School']"
2548,Tales of Little Women,TV,Novel,48,24,G - All Ages,7.58,4156,1879,7004,11056,47,1987,[],['Nippon Animation'],['Drama'],['Historical']
2549,,TV,Novel,53,25,G - All Ages,7.57,1829,1942,8188,7493,35,1978,[],['Nippon Animation'],['Drama'],['Historical']
2550,Broken Down Film,Movie,Original,1,5,G - All Ages,6.35,1882,9072,11035,3245,1,,[],['Tezuka Productions'],['Comedy'],['Parody']
2551,Bondage Queen Kate,OVA,Unknown,2,45,Rx - Hentai,5.19,780,,12179,2349,0,,[],['J.C.Staff'],"['Sci-Fi', 'Hentai']",[]
2552,,TV,Manga,13,24,PG-13 - Teens 13 or older,6.34,670,9146,11165,3125,7,2007,['Seinen'],['Group TAC'],['Comedy'],[]
2553,A Dog of Flanders,TV,Novel,52,26,G - All Ages,7.55,2482,2015,7493,9359,37,1975,[],['Nippon Animation'],['Slice of Life'],"['Historical', 'Pets', 'Visual Arts']"
2554,,TV,Novel,51,25,G - All Ages,7.12,2599,4452,8458,6892,29,1986,[],['Nippon Animation'],['Drama'],['Historical']
2555,Little Lord Fauntleroy,TV,Novel,43,24,G - All Ages,7.52,1993,2176,9206,5570,17,1988,[],['Nippon Animation'],['Drama'],['Historical']
2556,,TV,Manga,52,24,G - All Ages,7.03,2634,4990,8790,6243,14,1989,[],['Tezuka Productions'],"['Adventure', 'Drama']",[]
2557,The Trapp Family Story,TV,Other,40,23,G - All Ages,7.7,3841,1481,7363,9799,33,1991,[],['Nippon Animation'],"['Drama', 'Romance']","['Childcare', 'Historical', 'Music']"
2558,Little Women II: Jo's Boys,TV,Novel,40,25,G - All Ages,7.66,3161,1610,8070,7748,51,1993,[],['Nippon Animation'],['Drama'],"['Historical', 'School']"
2559,Romeo's Blue Skies,TV,Novel,33,23,PG-13 - Teens 13 or older,8.34,19434,286,3374,56329,702,1995,[],['Nippon Animation'],"['Adventure', 'Drama']",['Historical']
2560,Toward the Terra,Movie,Manga,1,111,PG-13 - Teens 13 or older,6.51,4467,8139,6575,12873,20,,['Shounen'],['Toei Animation'],"['Action', 'Drama', 'Sci-Fi']","['Military', 'Space', 'Super Power']"
2561,,TV,Novel,52,23,PG-13 - Teens 13 or older,7.28,2757,3411,8840,6170,31,1978,[],['Toei Animation'],"['Action', 'Adventure', 'Sci-Fi']",[]
2562,The Flowers of Hard Blood,TV,Manga,22,23,PG-13 - Teens 13 or older,7.58,12015,1904,4400,34607,98,2007,[],['Studio Deen'],"['Drama', 'Mystery', 'Suspense']",['Strategy Game']
2563,Aria the OVA: Arietta,OVA,Manga,1,30,G - All Ages,8.03,19151,707,3974,42472,82,,['Shounen'],['HAL Film Maker'],"['Sci-Fi', 'Slice of Life']",['Iyashikei']
2564,,TV,Original,12,24,G - All Ages,6.52,8423,8037,5516,20132,18,2007,[],['Studio Deen'],"['Comedy', 'Romance', 'Sci-Fi']",['School']
2565,,TV,Manga,26,25,G - All Ages,6.95,1529,5430,10559,3695,11,1966,['Shounen'],['Mushi Production'],['Adventure'],[]
2566,Taro the Space Alien,TV,Manga,24,20,G - All Ages,6.56,514,7847,14130,1345,4,2000,['Kids'],['Studio Hibari'],['Comedy'],['School']
2567,The Adventures of Piccolino,TV,Novel,52,24,G - All Ages,6.55,1349,7887,11444,2892,4,1976,['Kids'],['Nippon Animation'],['Adventure'],[]
2568,Story of a Fawn,TV,Novel,52,22,G - All Ages,7.11,572,4549,13546,1569,1,1983,[],['Visual 80'],['Drama'],[]
2569,The Jungle Book,TV,Book,52,25,G - All Ages,7.13,4533,4416,7730,8662,28,1989,[],['Nippon Animation'],"['Adventure', 'Drama']",['Anthropomorphic']
2570,The Mischevious Twins,TV,Novel,26,24,G - All Ages,7.27,1485,3518,10262,4095,3,1991,[],['TMS Entertainment'],['Comedy'],"['Historical', 'School']"
2571,Maya the Bee,TV,Book,52,25,G - All Ages,6.67,6389,7141,6897,11480,41,1975,['Kids'],['Nippon Animation'],"['Adventure', 'Comedy']",[]
2572,Alice in Wonderland,TV,Book,24,26,G - All Ages,6.45,1469,8454,10222,4134,10,1983,['Kids'],['Nippon Animation'],"['Adventure', 'Fantasy']","['Anthropomorphic', 'Isekai']"
2573,Lucy-May of the Southern Rainbow,TV,Novel,50,25,G - All Ages,7.33,1200,3123,10697,3541,12,1982,[],['Nippon Animation'],"['Adventure', 'Slice of Life']",[]
2574,,TV,Unknown,52,24,G - All Ages,6.62,1406,7433,11327,2987,2,1972,[],['Tatsunoko Production'],"['Adventure', 'Fantasy']",[]
2575,Don Chuck Stories,TV,Original,26,25,G - All Ages,6.58,972,7672,13041,1807,1,1975,['Kids'],['Knack Productions'],"['Adventure', 'Slice of Life']",[]
2576,Raccoon Rascal,TV,Book,52,25,G - All Ages,7.16,1445,4218,9939,4477,13,1977,[],['Nippon Animation'],['Slice of Life'],"['Historical', 'Pets']"
2577,The Adventures of Tom Sawyer,TV,Book,49,25,G - All Ages,7.4,4729,2770,6999,11078,78,1980,[],['Nippon Animation'],"['Adventure', 'Drama']",['Historical']
2578,,TV,Original,52,25,PG - Children,6.76,610,6580,13919,1422,1,1983,['Kids'],[],"['Adventure', 'Comedy', 'Fantasy']",[]
2579,Around the World with Willy Fog,TV,Novel,26,25,G - All Ages,6.95,3459,5402,8666,6490,10,1984,['Kids'],['Nippon Animation'],"['Adventure', 'Romance']","['Anthropomorphic', 'Historical']"
2580,,Special,Manga,1,23,PG-13 - Teens 13 or older,6.61,6373,7529,6616,12714,4,,[],['Shaft'],['Comedy'],['Gag Humor']
2581,Mobile Suit Gundam 00,TV,Original,25,24,R - 17+ (violence & profanity),8.11,128080,583,1208,235005,4623,2007,[],['Sunrise'],"['Drama', 'Sci-Fi']","['Mecha', 'Military', 'Space']"
2582,Armored Trooper Votoms,TV,Original,52,25,R+ - Mild Nudity,7.82,7635,1142,4670,30405,423,1983,[],['Sunrise'],"['Drama', 'Sci-Fi']","['Mecha', 'Military', 'Space']"
2583,Armored Trooper Votoms: The Last Red Shoulder,OVA,Original,1,53,PG-13 - Teens 13 or older,7.3,2641,3270,9327,5385,4,,[],['Sunrise'],"['Drama', 'Sci-Fi']","['Mecha', 'Military']"
2584,Armored Trooper Votoms: Big Battle,OVA,Original,1,60,PG-13 - Teens 13 or older,6.94,2325,5507,9763,4715,4,,[],['Sunrise'],"['Drama', 'Sci-Fi']","['Mecha', 'Military']"
2585,Armored Trooper Votoms: Red Shoulder Document - Roots of Treachery,OVA,Original,1,56,PG-13 - Teens 13 or older,7.24,2220,3740,9360,5332,9,,[],['Sunrise'],"['Drama', 'Sci-Fi']","['Mecha', 'Military']"
2586,Armored Trooper Votoms: Brilliantly Shining Heresy,OVA,Original,5,30,PG-13 - Teens 13 or older,7.05,2125,4899,9710,4793,8,,[],['Sunrise'],"['Drama', 'Sci-Fi']","['Mecha', 'Military']"
2588,T&A Teacher,OVA,Manga,1,26,Rx - Hentai,5.77,1392,,10012,4395,12,,[],['Shinkuukan'],['Hentai'],[]
2589,Black Cat Special,Special,Manga,1,24,PG-13 - Teens 13 or older,7.06,10110,4802,5258,22779,26,,['Shounen'],['Gonzo'],"['Action', 'Adventure', 'Comedy', 'Sci-Fi']",['Super Power']
2590,Genmukan: The Sin of Desire & Shame,OVA,Visual novel,2,28,Rx - Hentai,6.34,2640,,8351,7126,8,,[],['Studio Kyuuma'],['Hentai'],[]
2591,Samurai Shodown The Motion Picture,TV Special,Game,1,68,PG-13 - Teens 13 or older,5.62,2336,12842,9694,4815,5,,[],"['Studio Comet', 'Studio Gazelle']",['Adventure'],"['Historical', 'Samurai']"
2592,,OVA,Manga,1,47,R+ - Mild Nudity,5.13,4047,14145,7388,9693,11,,[],['animate Film'],"['Action', 'Boys Love', 'Horror', 'Sci-Fi', 'Supernatural']",['Vampire']
2593,The Garden of Sinners Chapter 1: Overlooking View,Movie,Light novel,1,50,R - 17+ (violence & profanity),7.56,196743,1972,585,455549,2673,,[],['ufotable'],"['Action', 'Fantasy', 'Mystery', 'Suspense']",['Urban Fantasy']
2594,The Piano Forest,Movie,Manga,1,100,G - All Ages,7.64,29366,1676,2917,73062,128,,['Seinen'],['Madhouse'],['Drama'],"['Music', 'Performing Arts', 'School']"
2595,,TV,Visual novel,13,23,PG-13 - Teens 13 or older,6.92,17340,5574,4151,38958,41,2007,[],['feel.'],"['Drama', 'Romance', 'Ecchi']",['School']
2596,Ghost Hound,TV,Original,22,25,PG-13 - Teens 13 or older,7.41,47618,2712,1667,163419,897,2007,[],['Production I.G'],"['Mystery', 'Supernatural', 'Suspense']",['Psychological']
2597,Detective Conan OVA 07: A Challenge from Agasa! Agasa vs. Conan and the Detective Boys,OVA,Manga,1,24,PG-13 - Teens 13 or older,7.25,7385,3655,6137,15245,4,,['Shounen'],['TMS Entertainment'],"['Adventure', 'Comedy', 'Mystery']",['Detective']
2598,Heavy Metal L-Gaim,TV,Original,54,24,PG-13 - Teens 13 or older,7.08,2051,4713,7676,8804,25,1984,[],['Sunrise'],"['Adventure', 'Drama', 'Sci-Fi']","['Mecha', 'Space']"
2599,,OVA,Unknown,1,58,PG-13 - Teens 13 or older,6.39,636,8834,13132,1763,1,,[],['Sunrise'],"['Adventure', 'Drama', 'Sci-Fi']","['Mecha', 'Space']"
2600,,OVA,Unknown,1,56,PG-13 - Teens 13 or older,6.57,615,7739,13362,1652,1,,[],['Sunrise'],"['Adventure', 'Drama', 'Sci-Fi']","['Mecha', 'Space']"
2601,,OVA,Unknown,1,56,PG-13 - Teens 13 or older,6.8,748,6303,12710,2027,3,,[],['Sunrise'],['Sci-Fi'],['Mecha']
2602,,TV,Manga,13,25,PG-13 - Teens 13 or older,7.17,17702,4166,3989,42225,89,2007,['Shounen'],['Artland'],"['Comedy', 'Sports', 'Ecchi']",['School']
2603,Mushi-Uta,TV,Light novel,12,24,PG-13 - Teens 13 or older,6.71,7389,6898,5709,18367,30,2007,[],['Beat Frog'],"['Action', 'Fantasy', 'Sci-Fi']",[]
2604,,TV,Original,26,24,PG-13 - Teens 13 or older,7.13,9939,4449,4946,26418,53,2007,[],['J.C.Staff'],['Sci-Fi'],"['Mecha', 'Military']"
2605,"Sayonara, Zetsubou-Sensei",TV,Manga,12,24,R - 17+ (violence & profanity),7.84,133449,1091,753,366575,4876,2007,['Shounen'],['Shaft'],['Comedy'],"['Gag Humor', 'Parody', 'School']"
2606,,Movie,Original,1,20,PG - Children,6.54,6709,7916,6218,14719,6,,[],['Toei Animation'],"['Action', 'Adventure', 'Comedy', 'Fantasy']",[]
2607,Birth,OVA,Manga,1,79,PG-13 - Teens 13 or older,6.15,3435,10166,7586,9059,26,,[],"['Kaname Productions', 'Idol']","['Action', 'Adventure', 'Comedy', 'Sci-Fi']",[]
2608,,TV,Manga,26,25,PG-13 - Teens 13 or older,7.53,19942,2145,3560,51242,688,2007,['Seinen'],['A.C.G.T.'],['Action'],['Racing']
2609,,TV,Visual novel,13,26,PG-13 - Teens 13 or older,6.62,1850,7435,7827,8367,11,1999,[],['PP Project'],"['Drama', 'Romance']","['Harem', 'School']"
2610,First Loves,OVA,Visual novel,4,29,Rx - Hentai,6.12,1019,,11051,3227,3,,[],['Arms'],"['Drama', 'Hentai']",['Harem']
2611,Panda! Go Panda!,Movie,Original,2,36,G - All Ages,6.73,5927,6758,6801,11859,36,,['Kids'],['Tokyo Movie Shinsha'],['Comedy'],['Anthropomorphic']
2612,Mrs. Pepperpot,TV,Novel,130,10,PG - Children,7.06,1402,4835,11401,2925,4,1983,['Kids'],['Studio Pierrot'],[],[]
2613,Future Boy Conan 2: River Adventure,TV,Unknown,24,23,PG-13 - Teens 13 or older,6.39,651,8844,11647,2742,0,1999,[],['Nippon Animation'],"['Adventure', 'Drama', 'Sci-Fi']",[]
2614,,Movie,Novel,1,48,PG-13 - Teens 13 or older,6.9,680,5716,12064,2445,6,,[],['Nippon Animation'],"['Adventure', 'Drama', 'Sci-Fi']",[]
2615,Otoboku: Maidens are Falling for Me! Special,Special,Visual novel,1,23,PG-13 - Teens 13 or older,6.6,6578,7564,6694,12292,8,,[],['feel.'],"['Comedy', 'Romance']","['Crossdressing', 'School']"
2616,The Sky-Colored Seed,CM,Picture book,3,0,G - All Ages,5.9,2503,,9574,5007,0,,['Kids'],['Studio Ghibli'],[],[]
2617,,Special,Original,2,18,PG - Children,6.34,2904,9111,7906,8142,8,,[],['Studio Ghibli'],['Comedy'],[]
2618,Treasure Island,TV,Novel,26,24,PG-13 - Teens 13 or older,8.06,8491,666,5029,25418,324,1978,[],['Tokyo Movie Shinsha'],"['Adventure', 'Drama', 'Mystery']",['Historical']
2619,Spider Riders,TV,Novel,26,23,PG - Children,6.57,4566,7769,7022,10984,39,2006,[],['Bee Train'],['Adventure'],['Mecha']
2620,Spider Riders: Resurrected Sun,TV,Novel,26,23,PG - Children,6.7,2386,6979,9260,5493,9,2007,[],['Bee Train'],['Adventure'],['Mecha']
2621,,Movie,Manga,1,59,PG-13 - Teens 13 or older,6.1,2855,10489,8175,7537,17,,['Shoujo'],['Toei Animation'],"['Boys Love', 'Drama']",[]
2622,Big Wars,OVA,Novel,1,71,R+ - Mild Nudity,5.42,1560,13464,10703,3530,2,,[],['Magic Bus'],"['Action', 'Sci-Fi']","['Military', 'Space']"
2623,The Dog of Flanders,Movie,Novel,1,102,G - All Ages,7.84,18200,1075,4285,36497,86,,[],['Nippon Animation'],['Drama'],"['Historical', 'Pets', 'Visual Arts']"
2624,A Dog of Flanders: My Patrasche,TV,Novel,26,25,G - All Ages,7.42,983,2617,11336,2983,6,1992,[],['TMS Entertainment'],['Drama'],"['Historical', 'Pets']"
2625,The☆Doraemons: The Mysterious Thief Dorapan The Mysterious Cartel,Movie,Unknown,1,31,PG - Children,7.0,1549,5178,11062,3216,2,,"['Kids', 'Shounen']",['Shin-Ei Animation'],"['Comedy', 'Fantasy', 'Sci-Fi']",[]
2626,,Movie,Unknown,1,16,PG - Children,6.66,995,7230,12411,2213,1,,[],['Shin-Ei Animation'],['Fantasy'],[]
2628,"The☆Doraemons: Strange, Sweets, Strange?",Movie,Unknown,1,16,PG - Children,6.95,983,5463,12578,2110,0,,[],['Shin-Ei Animation'],['Fantasy'],[]
2629,,Special,Unknown,1,22,PG - Children,6.66,900,7182,12491,2168,1,,"['Kids', 'Shounen']",[],"['Comedy', 'Sci-Fi']",[]
2630,,Special,Unknown,1,23,PG - Children,6.9,1190,5699,11559,2804,6,,"['Kids', 'Shounen']",[],"['Comedy', 'Sci-Fi']",[]
2631,,Movie,Manga,1,7,PG - Children,6.51,917,8140,12627,2080,0,,"['Kids', 'Shounen']",['Shin-Ei Animation'],"['Comedy', 'Fantasy', 'Sci-Fi', 'Sports']",['Team Sports']
2633,,Movie,Unknown,1,17,PG - Children,6.91,1127,5675,12081,2432,0,,"['Kids', 'Shounen']",['Shin-Ei Animation'],"['Adventure', 'Comedy', 'Fantasy', 'Sci-Fi']",[]
2634,Doraemon: Doraemon Comes Back,Special,Unknown,1,21,PG - Children,7.22,1913,3827,10411,3885,7,,"['Kids', 'Shounen']",['Shin-Ei Animation'],"['Comedy', 'Fantasy', 'Sci-Fi']",[]
2636,"Dorami-chan: Wow, The Kid Gang of Bandits",Movie,Unknown,1,40,G - All Ages,6.31,297,9303,14901,1112,0,,[],['Shin-Ei Animation'],['Fantasy'],[]
2639,,Movie,Unknown,1,40,G - All Ages,6.09,248,10521,15860,864,0,,[],['Shin-Ei Animation'],['Fantasy'],[]
2642,,Movie,Unknown,1,15,G - All Ages,6.05,224,10759,17158,645,0,,['Kids'],['Shin-Ei Animation'],['Fantasy'],[]
2645,Dorami & Doraemons: Space Land's Critical Event,Movie,Unknown,1,16,PG - Children,7.0,1040,5148,12366,2241,0,,"['Kids', 'Shounen']",['Shin-Ei Animation'],"['Adventure', 'Comedy', 'Fantasy', 'Sci-Fi']",[]
2646,Dorami & Doraemons: Robot School's Seven Mysteries,Movie,Unknown,1,31,PG - Children,7.03,1272,4970,11764,2658,1,,[],['Shin-Ei Animation'],['Fantasy'],[]
2647,,Movie,Unknown,1,40,G - All Ages,6.79,519,6352,14117,1347,0,,['Kids'],['Shin-Ei Animation'],['Fantasy'],[]
2648,,Movie,Manga,1,30,PG - Children,7.46,4072,2442,8270,7274,7,,['Kids'],['Shin-Ei Animation'],"['Comedy', 'Fantasy']",[]
2649,Doraemon: A Grandmother's Recollections,Movie,Unknown,1,27,PG - Children,7.55,2442,2014,9869,4573,5,,"['Kids', 'Shounen']",['Shin-Ei Animation'],"['Award Winning', 'Comedy', 'Fantasy', 'Sci-Fi']",[]
2650,,Movie,Unknown,1,47,PG - Children,6.78,1431,6415,11307,3007,0,,"['Kids', 'Shounen']",['Shin-Ei Animation'],"['Adventure', 'Fantasy', 'Sci-Fi']",[]
2651,Doraemon: Doraemon Comes Back (Movie),Movie,Unknown,1,27,PG - Children,7.21,1731,3892,10808,3450,2,,['Kids'],['Shin-Ei Animation'],"['Comedy', 'Fantasy']",[]
2652,,Movie,Unknown,1,28,PG - Children,7.27,2373,3487,10088,4285,0,,"['Kids', 'Shounen']",['Shin-Ei Animation'],"['Comedy', 'Fantasy', 'Sci-Fi']",[]
2653,Doraemon: Ganbare! Gian!!,Movie,Unknown,1,26,PG - Children,6.63,897,7367,12293,2295,0,,"['Kids', 'Shounen']",['Shin-Ei Animation'],"['Adventure', 'Comedy', 'Fantasy']",[]
2654,Doraemon the Movie: Nobita and the Winged Braves,Movie,Unknown,1,91,PG - Children,7.36,4509,2928,8017,7853,2,,"['Kids', 'Shounen']",['Shin-Ei Animation'],"['Adventure', 'Fantasy']",[]
2655,Doraemon the Movie: Nobita in the Robot Kingdom,Movie,Manga,1,80,PG - Children,7.33,7554,3102,6753,12066,1,,"['Kids', 'Shounen']",['Shin-Ei Animation'],"['Adventure', 'Comedy', 'Fantasy']",[]
2656,Doraemon the Movie: Nobita in the Wan-Nyan Spacetime Odyssey,Movie,Unknown,1,84,PG - Children,7.47,6688,2379,7156,10498,12,,['Kids'],['Shin-Ei Animation'],"['Adventure', 'Comedy', 'Sci-Fi']",[]
2657,Doraemon the Movie: Nobita and the Knights on Dinosaurs,Movie,Unknown,1,90,PG - Children,7.09,3696,4654,8565,6689,1,,"['Kids', 'Shounen']",['Shin-Ei Animation'],"['Adventure', 'Comedy', 'Fantasy']",[]
2658,Doraemon the Movie: The Record of Nobita's Parallel Visit to the West,Movie,Unknown,1,90,PG - Children,7.25,3855,3626,8475,6855,4,,"['Kids', 'Shounen']",['Shin-Ei Animation'],"['Adventure', 'Fantasy', 'Sci-Fi']",[]
2659,Doraemon the Movie: Nobita and the Tin Labyrinth,Movie,Unknown,1,100,PG - Children,7.29,5208,3348,7841,8314,6,,[],['Shin-Ei Animation'],['Fantasy'],[]
2660,,Movie,Unknown,1,26,PG - Children,7.36,2190,2929,10298,4053,1,,[],['Shin-Ei Animation'],['Fantasy'],[]
2661,Doraemon the Movie: Nobita and the Kingdom of Clouds,Movie,Unknown,1,97,PG - Children,7.26,5574,3553,7541,9190,5,,[],['Shin-Ei Animation'],"['Adventure', 'Comedy']",[]
2662,"Doraemon the Movie: The Records of Nobita, Spaceblazer",Movie,Unknown,1,90,PG - Children,7.07,3601,4754,8641,6537,3,,"['Kids', 'Shounen']",['Shin-Ei Animation'],"['Adventure', 'Comedy', 'Fantasy']",[]
2664,Doraemon the Movie: Nobita's Great Adventure in the South Seas,Movie,Unknown,1,91,PG - Children,7.4,6001,2742,7407,9644,8,,"['Kids', 'Shounen']",['Shin-Ei Animation'],"['Adventure', 'Award Winning', 'Comedy', 'Fantasy', 'Sci-Fi']",[]
2665,Doraemon the Movie: Nobita and the Steel Troops,Movie,Manga,1,97,PG - Children,7.72,6352,1392,7078,10772,24,,"['Kids', 'Shounen']",['Shin-Ei Animation'],"['Adventure', 'Comedy', 'Fantasy']",['Mecha']
2666,Doraemon the Movie: Nobita and the Birth of Japan,Movie,Unknown,1,100,PG - Children,7.28,3778,3416,8551,6712,1,,"['Kids', 'Shounen']",['Shin-Ei Animation'],"['Adventure', 'Comedy', 'Fantasy']",['Time Travel']
2667,Doraemon the Movie: Nobita and the Castle of the Undersea Devil,Movie,Manga,1,95,PG - Children,7.15,3998,4278,8284,7228,2,,[],['Shin-Ei Animation'],['Fantasy'],[]
2668,Doraemon the Movie: Nobita Drifts in the Universe,Movie,Unknown,1,93,PG - Children,7.14,3636,4338,8682,6460,1,,"['Kids', 'Shounen']",['Shin-Ei Animation'],"['Adventure', 'Comedy', 'Fantasy', 'Sci-Fi']",['Space']
2669,Doraemon the Movie: Nobita's Little Space War,Movie,Unknown,1,96,PG - Children,7.27,5178,3490,7802,8440,5,,[],['Shin-Ei Animation'],"['Fantasy', 'Sci-Fi']",['Space']
2670,Doraemon the Movie: Nobita's Dorabian Nights,Movie,Unknown,1,99,PG - Children,7.42,9757,2618,6234,14597,7,,"['Kids', 'Shounen']",['Shin-Ei Animation'],"['Adventure', 'Comedy', 'Fantasy']",[]
2671,Doraemon the Movie: Nobita and the Haunts of Evil,Movie,Unknown,1,91,PG - Children,7.24,4953,3698,7819,8402,3,,[],['Shin-Ei Animation'],['Adventure'],[]
2672,Doraemon the Movie: Nobita's Great Adventure into the Underworld,Movie,Unknown,1,97,PG - Children,7.33,3576,3101,8678,6471,2,,[],['Shin-Ei Animation'],['Fantasy'],[]
2673,Doraemon the Movie: Nobita's New Great Adventure into the Underworld,Movie,Unknown,1,112,PG - Children,7.71,7730,1429,6542,13014,12,,[],['Shin-Ei Animation'],"['Adventure', 'Comedy', 'Fantasy']",[]
2674,Doraemon the Movie: Nobita's Diary of the Creation of the World,Movie,Manga,1,98,PG - Children,7.18,3371,4081,8707,6402,1,,"['Kids', 'Shounen']",['Shin-Ei Animation'],"['Adventure', 'Comedy', 'Fantasy', 'Sci-Fi']",['Time Travel']
2675,Doraemon the Movie: Nobita and the Galaxy Super-express,Movie,Unknown,1,97,PG - Children,7.4,6434,2745,7178,10433,8,,[],['Shin-Ei Animation'],['Fantasy'],[]
2676,Doraemon the Movie: Nobita's Three Visionary Swordsmen,Movie,Unknown,1,98,PG - Children,7.6,5836,1807,7521,9253,15,,"['Kids', 'Shounen']",['Shin-Ei Animation'],"['Adventure', 'Fantasy', 'Sci-Fi']",[]
2677,Doraemon the Movie: Nobita and the Animal Planet,Movie,Unknown,1,100,PG - Children,7.25,5858,3623,7425,9566,1,,"['Kids', 'Shounen']",['Shin-Ei Animation'],"['Adventure', 'Comedy', 'Fantasy', 'Sci-Fi']",[]
2678,Doraemon the Movie: Nobita and the Spiral City,Movie,Unknown,1,98,PG - Children,7.04,2927,4912,9279,5462,1,,"['Kids', 'Shounen']",['Shin-Ei Animation'],"['Adventure', 'Fantasy']",[]
2679,The Enemy's the Pirates!: The Cats' Banquet,TV,Novel,6,25,R+ - Mild Nudity,6.62,1041,7458,11458,2881,6,1989,[],"['Production I.G', 'Madhouse', 'Watanabe Promotion']","['Comedy', 'Sci-Fi']",[]
2681,Spaceship Agga Ruter,OVA,Original,4,27,Rx - Hentai,6.43,1127,,11070,3209,8,,[],['AIC'],"['Comedy', 'Sci-Fi', 'Hentai']",['Space']
2682,Blue Legend Shoot!,Movie,Unknown,1,25,PG - Children,6.72,1279,6776,10981,3288,4,,['Shounen'],['Toei Animation'],['Sports'],['Team Sports']
2683,Tokyo Majin: Second Act,TV,Game,12,24,R - 17+ (violence & profanity),7.18,15233,4128,4038,40971,63,2007,[],"['AIC Spirits', 'BeSTACK']","['Action', 'Drama', 'Horror', 'Mystery']","['Martial Arts', 'School']"
2684,,TV,Web manga,13,25,PG-13 - Teens 13 or older,6.95,4911,5416,7187,10408,7,2007,[],['TMS Entertainment'],"['Sci-Fi', 'Sports']",['Team Sports']
2685,Tsubasa RESERVoir CHRoNiCLE: Tokyo Revelations,OVA,Manga,3,24,R - 17+ (violence & profanity),8.27,47109,360,2372,102106,837,,['Shounen'],['Production I.G'],"['Action', 'Adventure', 'Drama', 'Fantasy', 'Romance']",[]
2686,Gigantor,TV,Manga,96,25,G - All Ages,6.95,1569,5462,9792,4668,13,1963,['Shounen'],['TCJ'],"['Adventure', 'Sci-Fi']",['Mecha']
2687,Adventures of the Monkey King,TV,Unknown,39,26,G - All Ages,7.21,676,3905,13443,1617,3,1967,[],['Mushi Production'],"['Comedy', 'Fantasy']",[]
2688,Zillion,TV,Mixed media,31,24,PG-13 - Teens 13 or older,6.94,1944,5472,8399,7014,26,1987,[],['Tatsunoko Production'],"['Action', 'Adventure', 'Sci-Fi']",['Military']
2689,Zillion: Burning Night,OVA,Mixed media,1,47,PG-13 - Teens 13 or older,6.24,875,9672,12487,2168,1,,[],['Production I.G'],"['Action', 'Adventure', 'Sci-Fi']",[]
2690,,OVA,Original,1,56,R - 17+ (violence & profanity),6.47,1289,8381,11229,3077,1,,['Seinen'],['Network Kouenji Studio'],"['Action', 'Mystery']",[]
2692,CB Character: Nagai Gou World,OVA,Manga,3,44,R+ - Mild Nudity,6.95,1946,5416,9946,4473,21,,[],['Triangle Staff'],"['Action', 'Comedy']",['Parody']
2693,Suddenly Princess,OVA,Manga,3,30,PG-13 - Teens 13 or older,6.38,1881,8881,9351,5358,11,,[],['J.C.Staff'],"['Comedy', 'Fantasy']",[]
2694,Tree in the Sun,TV,Manga,25,23,R+ - Mild Nudity,7.47,1211,2384,8848,6159,25,2000,['Seinen'],['Madhouse'],"['Action', 'Award Winning', 'Drama']","['Historical', 'Medical', 'Samurai']"
2695,Mobile Suit Gundam 0083: The Afterglow Of Zeon,Movie,Original,1,119,PG-13 - Teens 13 or older,6.78,4673,6431,6730,12155,5,,[],['Sunrise'],"['Adventure', 'Sci-Fi']","['Mecha', 'Space']"
2696,Crusher Joe: The OVAs,OVA,Light novel,2,56,R - 17+ (violence & profanity),6.91,1960,5638,9674,4842,5,,[],['Sunrise'],"['Action', 'Adventure', 'Sci-Fi']",['Space']
2697,High Speed Jessie,OVA,Light novel,12,28,R - 17+ (violence & profanity),7.13,803,4411,11885,2561,5,,[],['Studio Pierrot'],"['Action', 'Sci-Fi']",[]
2698,Sanctuary,OVA,Manga,1,67,R+ - Mild Nudity,6.49,2365,8249,8614,6587,13,,['Seinen'],['Pastel'],"['Action', 'Drama', 'Suspense']","['Adult Cast', 'Organized Crime']"
2699,Space Pirate Mito,TV,Original,13,24,PG-13 - Teens 13 or older,6.75,1307,6640,10286,4061,9,1999,[],['Triangle Staff'],"['Action', 'Comedy', 'Sci-Fi']",[]
2700,Space Pirate Mito 2,TV,Original,13,24,PG-13 - Teens 13 or older,6.76,882,6583,12275,2300,2,1999,[],['Triangle Staff'],"['Action', 'Comedy', 'Sci-Fi']",[]
2701,Little Susie and Marvy,TV,Unknown,104,15,,,,20781,18625,497,0,1999,['Kids'],['Xebec'],['Comedy'],[]
2702,,TV,Manga,18,40,G - All Ages,6.89,919,5735,12649,2061,7,1999,['Kids'],['Xebec'],['Adventure'],['Strategy Game']
2703,Super YoYo,TV,Manga,22,22,G - All Ages,6.85,3211,5980,8442,6924,12,1998,['Shounen'],['Xebec'],['Sports'],[]
2704,Steam Detectives,TV,Manga,26,24,PG-13 - Teens 13 or older,6.93,1676,5538,8791,6242,8,1998,[],['Xebec'],['Mystery'],"['Detective', 'Mecha']"
2705,,TV,Manga,51,25,G - All Ages,7.09,7252,4650,6516,13152,93,1996,['Kids'],['Xebec'],['Adventure'],['Racing']
2706,,TV,Manga,51,25,G - All Ages,7.32,4634,3163,8039,7803,33,1997,['Kids'],['Xebec'],[],['Racing']
2707,,TV,Original,97,24,PG - Children,6.68,476,7077,13519,1580,7,2005,['Kids'],['Ajia-do'],['Adventure'],[]
2708,,TV,Manga,26,15,G - All Ages,,,21383,18705,490,0,1996,['Kids'],"['Ajia-do', 'TMS Entertainment']","['Comedy', 'Fantasy']",[]
2709,,TV,Manga,51,25,G - All Ages,6.92,2702,5571,9655,4877,8,1998,['Kids'],['Xebec'],['Action'],['Racing']
2710,,Movie,Manga,1,46,G - All Ages,6.39,299,8848,15499,949,2,,['Shounen'],['Ajia-do'],['Comedy'],[]
2712,I am THE Shiratori Reiko!,OVA,Manga,1,44,PG-13 - Teens 13 or older,5.37,390,13648,14468,1239,1,,['Shoujo'],['Ajia-do'],"['Comedy', 'Romance']",['Adult Cast']
2713,,TV,Game,26,10,PG - Children,6.91,2686,5668,8206,7427,6,2006,[],['Xebec'],"['Adventure', 'Sci-Fi']","['Mecha', 'Strategy Game']"
2714,Graduation,OVA,Visual novel,2,30,PG-13 - Teens 13 or older,6.75,1049,6630,11783,2639,3,,[],['animate Film'],['Drama'],['School']
2715,Catnapped,Movie,Novel,1,76,G - All Ages,7.04,1656,4952,10100,4275,16,,[],['Triangle Staff'],['Adventure'],[]
2716,,TV,Manga,32,7,R - 17+ (violence & profanity),7.15,916,4318,11458,2884,13,1998,['Shounen'],['Studio Deen'],['Comedy'],['Gag Humor']
2717,The Galaxy Railways II,TV,Original,24,24,PG-13 - Teens 13 or older,7.02,1543,5037,9504,5131,5,2006,[],['Planet'],"['Action', 'Adventure', 'Drama', 'Sci-Fi']",['Space']
2718,Triton of the Sea,TV,Manga,27,23,PG-13 - Teens 13 or older,6.84,1172,6078,11237,3068,4,1972,['Shounen'],['Animation Staff Room'],"['Adventure', 'Fantasy']",[]
2719,,TV,Game,25,25,PG - Children,5.22,1927,13978,9484,5147,4,2007,['Kids'],['Madhouse'],"['Action', 'Adventure', 'Comedy', 'Fantasy']",[]
2721,Phantom Hunter Miko,OVA,Manga,2,29,Rx - Hentai,5.62,711,,11917,2544,4,,[],['Studio Deen'],"['Comedy', 'Hentai']",[]
2722,Crusher Joe: The Movie,Movie,Manga,1,131,R+ - Mild Nudity,7.05,3516,4856,6979,11173,15,,[],['Sunrise'],"['Action', 'Adventure', 'Sci-Fi']",['Space']
2723,,TV,Manga,24,8,PG-13 - Teens 13 or older,6.55,1416,7859,9989,4419,1,1999,[],['Daume'],"['Comedy', 'Sci-Fi']",['Mecha']
2724,,Special,Other,2,5,PG - Children,7.75,13138,1306,5132,24137,209,,[],['Daicon Film'],"['Adventure', 'Sci-Fi']","['Mecha', 'Music', 'Otaku Culture']"
2725,,OVA,Original,1,27,PG-13 - Teens 13 or older,6.74,4964,6703,7033,10936,6,,[],['AIC'],"['Comedy', 'Sci-Fi']","['Parody', 'Space']"
2726,Delinquent Detective,OVA,Manga,2,47,R - 17+ (violence & profanity),6.59,2974,7652,7696,8758,16,,['Shoujo'],['SIDO LIMITED'],"['Action', 'Drama', 'Mystery']","['Delinquents', 'Detective', 'School']"
2727,,TV,Original,18,3,G - All Ages,5.86,1304,11717,9817,4640,10,2004,[],['Madhouse'],"['Action', 'Comedy']",[]
2728,,Music,Music,1,4,G - All Ages,6.76,1706,,11635,2754,2,,[],['OLM'],[],['Music']
2729,,Music,Manga,1,2,PG-13 - Teens 13 or older,6.63,2895,,8606,6600,7,,['Shoujo'],['Madhouse'],['Drama'],['Music']
2730,,OVA,Manga,2,28,R+ - Mild Nudity,4.78,5631,14573,6706,12231,27,,['Seinen'],['J.C.Staff'],"['Comedy', 'Romance', 'Ecchi']",['Love Polygon']
2731,,OVA,Original,6,30,PG-13 - Teens 13 or older,6.44,634,8555,13344,1660,0,,[],['Sunrise'],['Comedy'],"['Mecha', 'Parody']"
2732,Baby Grandma,TV,Original,53,7,G - All Ages,6.57,378,7721,14229,1316,0,2002,[],[],"['Comedy', 'Drama']",[]
2733,Mobile Police Patlabor Minimum,Movie,Original,3,12,PG - Children,6.32,1458,9268,10338,3981,3,,[],['Production I.G'],['Comedy'],['Parody']
2734,Mazinkaiser VS Great General of Darkness,OVA,Manga,1,56,R - 17+ (violence & profanity),7.21,3149,3924,8797,6238,13,,[],"[""Brain's Base""]",[],['Mecha']
2735,,TV,Unknown,52,25,G - All Ages,6.04,137,10826,16497,744,0,2003,[],"['Sunrise', 'Dongwoo A&E']",['Sci-Fi'],['Mecha']
2736,,TV,Manga,74,25,G - All Ages,7.35,1803,3003,10892,3359,14,1995,[],['OLM'],"['Comedy', 'Fantasy', 'Sci-Fi']",[]
2737,,OVA,Manga,2,28,R+ - Mild Nudity,4.97,567,14385,13152,1752,0,,[],['OLM'],"['Action', 'Drama']",['Super Power']
2738,,TV,Unknown,26,25,PG - Children,6.9,428,5711,14837,1131,2,2003,['Kids'],['OLM'],['Fantasy'],[]
2739,,OVA,Unknown,3,27,R+ - Mild Nudity,5.6,246,12892,14523,1220,1,,[],['OLM'],"['Drama', 'Fantasy']",['Super Power']
2740,,TV,Manga,25,23,PG-13 - Teens 13 or older,7.15,753,4310,12025,2475,3,2004,['Shounen'],['OLM'],"['Action', 'Drama']",['Racing']
2741,,TV,Manga,25,24,PG-13 - Teens 13 or older,7.4,521,2755,13700,1504,1,2004,['Shounen'],['OLM'],"['Action', 'Drama']",['Racing']
2742,Full-Blast Science Adventure: So That's How It Is!,TV,Original,26,20,,,,19315,16238,786,1,2003,['Kids'],['OLM'],"['Comedy', 'Sci-Fi']",[]
2743,,Special,Original,4,4,PG-13 - Teens 13 or older,7.33,3839,3115,7681,8802,10,,[],['Sunrise'],['Comedy'],['Parody']
2744,,TV,4-koma manga,12,24,PG-13 - Teens 13 or older,7.41,8085,2705,5233,22969,95,2007,['Seinen'],['J.C.Staff'],['Comedy'],['School']
2745,Hell Teacher Nube,OVA,Manga,3,29,PG-13 - Teens 13 or older,7.26,1704,3571,9830,4619,7,,['Shounen'],['Toei Animation'],"['Action', 'Comedy', 'Horror', 'Supernatural']","['Mythology', 'School']"
2746,Vexille,Movie,Original,1,109,PG-13 - Teens 13 or older,6.89,11157,5790,5570,19634,25,,[],['Oxybot'],"['Action', 'Sci-Fi']",['Military']
2747,Astro Boy,TV,Manga,193,26,G - All Ages,7.2,5139,4008,6176,15001,67,1963,['Shounen'],['Mushi Production'],"['Action', 'Adventure', 'Drama', 'Sci-Fi']",[]
2748,,TV,Manga,65,25,PG-13 - Teens 13 or older,7.28,3096,3413,8725,6373,31,1981,['Shounen'],['Tatsunoko Production'],"['Comedy', 'Sports', 'Ecchi']",[]
2749,Heisei Period Dog Tale Bow,TV,Manga,40,23,G - All Ages,7.25,845,3634,12965,1854,3,1993,['Seinen'],['Nippon Animation'],['Comedy'],"['Gag Humor', 'Pets']"
2750,,Movie,Manga,1,22,G - All Ages,6.38,133,8889,18290,527,0,,['Seinen'],['Nippon Animation'],['Comedy'],"['Gag Humor', 'Pets']"
2751,Miyori's Forest,TV Special,Manga,1,107,G - All Ages,6.94,4920,5497,6214,14772,21,,['Shoujo'],['Nippon Animation'],"['Adventure', 'Drama', 'Fantasy']",[]
2752,The Prince of Tennis: The National Tournament Semifinals,OVA,Manga,6,23,PG-13 - Teens 13 or older,7.89,22113,979,4043,40899,39,,['Shounen'],['M.S.C'],['Sports'],[]
2753,Who's Left Behind?,Movie,Novel,1,90,G - All Ages,7.7,4409,1484,6065,15773,37,,[],['Mushi Production'],['Drama'],['Historical']
2754,,OVA,Manga,3,37,R+ - Mild Nudity,6.25,1644,9639,9687,4827,6,,[],['J.C.Staff'],"['Action', 'Adventure', 'Sci-Fi']",[]
2755,Cleopatra: Queen of Sex,Movie,Original,1,112,R+ - Mild Nudity,5.66,3139,12665,7910,8127,17,,[],['Mushi Production'],['Sci-Fi'],['Historical']
2756,"Yobi, The Five Tailed Fox",Movie,Original,1,85,PG - Children,7.21,6505,3886,6125,15363,52,,[],['Sunwoo Entertainment'],"['Drama', 'Fantasy', 'Sci-Fi']",[]
2757,,TV,Original,39,25,PG-13 - Teens 13 or older,7.79,1393,1211,10919,3336,14,1995,[],['Shaft'],"['Action', 'Comedy', 'Fantasy']",['Anthropomorphic']
2758,,TV,Original,52,24,PG-13 - Teens 13 or older,7.39,806,2810,12339,2261,18,1993,[],['Sunrise'],"['Sci-Fi', 'Sports']","['Mecha', 'Team Sports']"
2759,Evangelion: 1.0 You Are (Not) Alone,Movie,Original,1,101,R+ - Mild Nudity,8.0,381298,752,402,619254,2106,,[],['Khara'],"['Award Winning', 'Drama', 'Sci-Fi', 'Suspense']","['Mecha', 'Psychological']"
2760,The Ideon: A Contact,Movie,Original,1,84,PG-13 - Teens 13 or older,6.22,2548,9802,9134,5686,3,,[],['Sunrise'],"['Drama', 'Sci-Fi']","['Mecha', 'Space']"
2761,The Ideon: Be Invoked,Movie,Original,1,98,R+ - Mild Nudity,8.0,4785,750,6467,13379,265,,[],['Sunrise'],"['Drama', 'Sci-Fi']","['Mecha', 'Space']"
2762,,TV,Manga,24,23,PG-13 - Teens 13 or older,7.92,5074,896,6501,13226,143,1983,['Shoujo'],['Group TAC'],"['Action', 'Adventure', 'Comedy', 'Romance']",['School']
2765,Momotaro: Sacred Sailors,Movie,Original,1,75,G - All Ages,5.09,1482,14215,10843,3406,4,,[],['Shochiku Animation Institute'],['Action'],['Military']
2766,,TV,Other,52,25,G - All Ages,6.93,1932,5560,9286,5453,3,1998,[],['Madhouse'],"['Adventure', 'Comedy']",[]
2767,The Night of Taneyamagahara,Movie,Other,1,27,PG - Children,5.51,1867,13229,8698,6421,5,,['Kids'],['Studio Ghibli'],"['Fantasy', 'Slice of Life']",['Psychological']
2768,,Music,Manga,1,5,G - All Ages,7.46,12124,,5370,21728,26,,[],['Madhouse'],"['Action', 'Comedy', 'Drama', 'Fantasy', 'Romance']",['Music']
2769,,TV,Book,25,24,PG-13 - Teens 13 or older,7.04,795,4915,11654,2735,5,1984,[],['MK Pictures'],"['Action', 'Adventure', 'Sci-Fi']",[]
2770,,Movie,Book,1,107,PG-13 - Teens 13 or older,6.44,1974,8559,9972,4437,10,,[],"['Madhouse', 'MK Pictures']","['Action', 'Adventure', 'Sci-Fi']",['Space']
2771,I'll Make a Habit of It,TV,Manga,39,25,PG-13 - Teens 13 or older,6.98,770,5240,11112,3173,2,1994,['Shoujo'],['Studio Kikan'],"['Comedy', 'Romance']","['Crossdressing', 'School']"
2772,Hero Tales,TV,Manga,26,24,PG-13 - Teens 13 or older,6.81,10586,6244,4718,29479,38,2007,['Shounen'],['Studio Flag'],"['Action', 'Adventure', 'Fantasy']",['Martial Arts']
2775,,OVA,Manga,5,30,R - 17+ (violence & profanity),5.88,13849,11601,3821,45565,199,,['Seinen'],['Artmic'],"['Horror', 'Sci-Fi']","['Gore', 'Mecha', 'Psychological']"
2776,,OVA,Game,1,30,PG-13 - Teens 13 or older,3.18,1712,14977,10388,3910,4,,[],[],"['Action', 'Adventure', 'Fantasy']",[]
2777,,OVA,Game,1,27,PG-13 - Teens 13 or older,3.29,1039,14971,12255,2311,1,,[],[],"['Action', 'Adventure', 'Fantasy', 'Romance']",['Military']
2778,,OVA,Game,2,24,PG-13 - Teens 13 or older,3.56,858,14954,12678,2042,1,,[],[],"['Action', 'Adventure', 'Fantasy']",[]
2779,,OVA,Manga,2,27,PG-13 - Teens 13 or older,5.3,937,13819,11956,2515,3,,[],['Artland'],['Drama'],['School']
2780,Ultimate Teacher,OVA,Manga,1,55,R+ - Mild Nudity,5.66,2334,12686,9196,5589,11,,[],['J.C.Staff'],"['Action', 'Adventure', 'Comedy', 'Supernatural']",['School']
2781,St. Luminous Mission High School,TV,Original,13,23,PG-13 - Teens 13 or older,6.34,1247,9142,10355,3961,7,1998,[],['Triangle Staff'],"['Mystery', 'Supernatural']",['Psychological']
2782,Fire Emblem,OVA,Game,2,27,PG-13 - Teens 13 or older,5.82,7508,11902,6103,15531,52,,[],['Studio Fantasia'],"['Action', 'Adventure', 'Fantasy']",[]
2783,Thumbelina: A Magical Story,TV,Book,26,24,G - All Ages,6.74,694,6691,12047,2459,14,1992,['Kids'],['Meruhensha'],"['Adventure', 'Fantasy']",[]
2784,,Special,Visual novel,1,23,PG-13 - Teens 13 or older,6.67,3577,7122,8051,7785,2,,[],['OLM'],"['Comedy', 'Romance', 'Ecchi']",['Harem']
2785,,OVA,Manga,2,35,R - 17+ (violence & profanity),5.41,631,13523,12022,2476,0,,['Shoujo'],['Madhouse'],"['Action', 'Drama', 'Sci-Fi']",['Military']
2786,,TV,Manga,51,25,PG-13 - Teens 13 or older,6.61,1090,7477,10019,4383,16,2006,['Shounen'],['Radix'],"['Action', 'Adventure', 'Fantasy']","['Isekai', 'Strategy Game']"
2787,Shakugan no Shana: Season II,TV,Light novel,24,24,PG-13 - Teens 13 or older,7.54,177376,2087,883,320251,993,2007,[],['J.C.Staff'],"['Action', 'Drama', 'Fantasy', 'Romance']","['School', 'Urban Fantasy']"
2788,Nymphs of the Stratosphere,OVA,Original,3,30,Rx - Hentai,5.69,1224,,10569,3685,6,,[],[],"['Drama', 'Sci-Fi', 'Hentai']",[]
2789,Battle B-Daman,TV,Manga,52,22,PG - Children,6.4,8287,8760,6178,14998,30,2004,['Kids'],['Nippon Animation'],"['Adventure', 'Fantasy']",['Strategy Game']
2790,,OVA,Manga,1,43,PG-13 - Teens 13 or older,5.17,1224,14081,11207,3094,3,,[],['Studio Signal'],"['Comedy', 'Ecchi']","['Crossdressing', 'Delinquents', 'School']"
2791,Grrl Power!,OVA,Manga,1,24,G - All Ages,6.39,1333,8841,11639,2748,2,,[],['CoMix Wave Films'],"['Action', 'Award Winning', 'Comedy']",['School']
2792,,OVA,Game,1,26,PG-13 - Teens 13 or older,3.59,2339,14953,9984,4422,5,,[],['Production I.G'],"['Action', 'Fantasy', 'Sci-Fi']",[]
2793,Phoenix 2772,Movie,Manga,1,121,G - All Ages,6.83,2439,6096,9130,5685,13,,[],['Tezuka Productions'],"['Adventure', 'Drama', 'Fantasy', 'Romance', 'Sci-Fi']",['Space']
2794,,OVA,Visual novel,3,28,Rx - Hentai,5.84,559,,12896,1895,0,,[],['AIC'],['Hentai'],[]
2795,Dragonaut - The Resonance,TV,Original,25,24,PG-13 - Teens 13 or older,6.59,34872,7601,2738,81312,118,2007,[],['Gonzo'],"['Drama', 'Fantasy', 'Romance', 'Sci-Fi']",['Mecha']
2796,,OVA,Other,1,28,G - All Ages,5.26,2115,13886,10430,3845,19,,['Kids'],[],['Comedy'],[]
2797,Shootfighter Tekken,OVA,Manga,3,47,R - 17+ (violence & profanity),6.87,1733,5878,9577,4999,19,,['Seinen'],['AIC'],['Action'],['Martial Arts']
2798,A Strange Kind of Woman,OVA,Manga,2,28,Rx - Hentai,7.3,12824,,4814,28256,258,,[],['Cafe de Jeilhouse'],['Hentai'],[]
2799,,TV,Original,47,25,G - All Ages,7.16,3465,4233,8232,7369,31,1981,[],['Toei Animation'],"['Adventure', 'Romance']",[]
2800,,TV,Manga,115,25,G - All Ages,7.66,16558,1585,4340,35536,503,1976,['Shoujo'],['Toei Animation'],"['Drama', 'Romance']",['Historical']
2801,Candy Candy: The Call of Spring,Movie,Unknown,1,25,G - All Ages,6.84,1223,6030,11136,3150,4,,['Shoujo'],['Toei Animation'],"['Drama', 'Romance']",[]
2802,Candy Candy: Candy's Summer Vacation,Movie,Unknown,1,18,G - All Ages,6.76,1089,6535,11007,3268,4,,['Shoujo'],['Toei Animation'],"['Drama', 'Romance']",[]
2803,Legendary Brave da Garn,TV,Original,46,24,PG-13 - Teens 13 or older,7.41,1612,2669,9293,5440,20,1992,[],['Sunrise'],['Sci-Fi'],['Mecha']
2804,,TV,Original,50,23,G - All Ages,7.21,1327,3903,10220,4134,12,1992,[],['Ashi Productions'],"['Adventure', 'Fantasy']",[]
2805,,TV,Novel,39,26,G - All Ages,7.2,727,3990,13171,1747,6,1985,['Kids'],"['Ajia-do', 'TMS Entertainment']","['Comedy', 'Fantasy']",[]
2806,Yadamon: Magical Dreamer,TV,Unknown,170,10,PG-13 - Teens 13 or older,7.26,863,3603,11913,2544,14,1992,[],['Group TAC'],"['Adventure', 'Comedy', 'Fantasy']",[]
2808,Megaman X - The Day of Sigma,OVA,Game,1,30,G - All Ages,7.35,7377,2994,6492,13267,62,,[],['Xebec'],"['Action', 'Sci-Fi']",[]
2809,Temple the Balloonist,TV,Original,26,25,G - All Ages,6.29,229,9420,15928,851,1,1977,['Kids'],['Tatsunoko Production'],"['Adventure', 'Comedy']",[]
2810,The Secret Garden,TV,Book,39,25,G - All Ages,7.21,3080,3879,8384,7043,26,1991,[],"['Gakken', 'Aubeck']",['Drama'],['Historical']
2811,Flying Phantom Ship,Movie,Manga,1,60,PG - Children,6.6,3684,7579,8340,7145,18,,[],['Toei Animation'],"['Adventure', 'Drama', 'Sci-Fi']",['Mecha']
2813,Alfred J. Kwak,TV,Other,52,23,G - All Ages,7.36,3273,2925,8616,6588,62,1989,['Kids'],['Telescreen'],"['Adventure', 'Comedy', 'Drama', 'Fantasy']",[]
2814,Wowser,TV,Other,52,25,G - All Ages,6.65,519,7247,14209,1321,3,1988,['Kids'],['Telescreen'],['Comedy'],[]
2815,Ox Tales,TV,Other,52,24,G - All Ages,7.0,929,5150,12744,2004,12,1987,['Kids'],['Telescreen'],['Comedy'],['Anthropomorphic']
2816,Daimos,TV,Original,44,24,PG-13 - Teens 13 or older,7.35,3457,3027,8256,7303,38,1978,[],"['Sunrise', 'Toei Animation']","['Adventure', 'Drama', 'Romance', 'Sci-Fi']",['Mecha']
2817,The Story of Cinderella,TV,Other,26,24,G - All Ages,7.33,3831,3095,7574,9089,61,1996,[],['Tatsunoko Production'],"['Adventure', 'Fantasy', 'Romance']",[]
2818,Mado King Granzort,TV,Original,41,24,G - All Ages,7.55,1201,2029,10727,3521,16,1989,[],['Sunrise'],"['Comedy', 'Fantasy', 'Sci-Fi']",['Mecha']
2819,Dragon Warrior,TV,Game,43,24,G - All Ages,7.2,2431,3960,7789,8474,29,1990,['Shounen'],"['Studio Pierrot', 'Studio Comet']","['Action', 'Adventure', 'Fantasy']",[]
2820,Time Quest,TV,Original,39,23,PG-13 - Teens 13 or older,7.64,1331,1684,11139,3147,21,1989,['Kids'],['Ashi Productions'],"['Action', 'Adventure', 'Comedy']",[]
2821,Voyeur's Digest,OVA,Visual novel,2,28,Rx - Hentai,5.28,1148,,10985,3286,8,,[],['Y.O.U.C'],['Hentai'],[]
2822,,TV,Unknown,52,25,,5.87,316,11639,15155,1038,2,1997,[],['Tokyo Movie'],['Comedy'],[]
2823,Barbapapa,TV,Picture book,45,5,PG - Children,6.29,1484,9411,10977,3289,8,1974,[],['Topcraft'],"['Comedy', 'Fantasy']",[]
2824,Barbapapa Around the World,TV,Picture book,50,5,G - All Ages,5.87,574,11640,13538,1571,3,1999,[],['Studio Pierrot'],"['Adventure', 'Comedy']",[]
2825,Arabian Nights: Sinbad's Adventures,TV,Book,52,24,G - All Ages,7.29,4201,3344,7789,8486,35,1975,[],['Nippon Animation'],"['Adventure', 'Fantasy', 'Romance']",['Historical']
2826,The Wonderful Wizard of Oz,TV,Book,52,25,G - All Ages,7.02,1428,5060,10705,3529,14,1986,['Kids'],['Panmedia'],"['Adventure', 'Fantasy']",['Isekai']
2827,,TV,Other,45,25,G - All Ages,6.26,2141,9578,9910,4519,5,1974,[],['Toei Animation'],['Comedy'],[]
2828,Nobody's Boy Remi,TV,Novel,51,24,G - All Ages,7.98,6260,786,5536,19968,355,1977,['Kids'],"['Madhouse', 'TMS Entertainment']","['Adventure', 'Drama']",['Historical']
2829,Sans Famille,TV,Novel,23,23,G - All Ages,7.95,10028,835,5119,24263,137,1996,[],['Nippon Animation'],"['Adventure', 'Drama']",['Historical']
2830,,Movie,Novel,1,81,G - All Ages,5.89,389,11546,14186,1327,1,,[],['Toei Animation'],"['Adventure', 'Drama']",[]
2831,,Movie,Novel,1,95,PG - Children,6.58,464,7686,13345,1655,1,,['Kids'],['TMS Entertainment'],"['Adventure', 'Drama']",[]
2832,,TV Special,Original,15,1,PG-13 - Teens 13 or older,6.67,11671,7114,5061,25034,10,,[],"['Gonzo', 'Gainax', 'Production I.G', 'Madhouse', 'Studio 4°C', 'Satelight', 'CoMix Wave Films']","['Adventure', 'Comedy', 'Drama', 'Fantasy', 'Sci-Fi']","['Mecha', 'School', 'Strategy Game', 'Super Power']"
2833,,Movie,Novel,1,80,G - All Ages,6.36,1095,9004,12170,2358,2,,[],['Toei Animation'],"['Adventure', 'Sci-Fi']",[]
2834,,TV,Manga,51,24,G - All Ages,7.43,2007,2590,8601,6618,13,1993,['Shoujo'],['Ajia-do'],"['Fantasy', 'Romance']",[]
2835,,TV,Manga,49,24,PG-13 - Teens 13 or older,7.52,2188,2172,6979,11178,148,1982,['Shoujo'],['Toei Animation'],"['Adventure', 'Boys Love', 'Comedy']",[]
2836,Vicky the Viking,TV,Novel,78,24,G - All Ages,6.72,2045,6792,10008,4395,11,1974,['Kids'],['Nippon Animation'],"['Adventure', 'Comedy']",['Historical']
2837,,OVA,Novel,2,42,PG-13 - Teens 13 or older,6.43,1238,8573,11645,2743,4,,[],['J.C.Staff'],"['Comedy', 'Sci-Fi']",['Mecha']
2838,Tournament of the Gods: Title Match,OVA,Visual novel,3,29,Rx - Hentai,5.7,565,,12868,1911,2,,[],['AIC'],"['Adventure', 'Fantasy', 'Hentai']",[]
2839,,OVA,Novel,2,27,PG-13 - Teens 13 or older,6.09,1276,10512,10918,3337,0,,[],['J.C.Staff'],"['Comedy', 'Sci-Fi']",['Mecha']
2840,Welcome to Lodoss Island!,Movie,Novel,1,35,G - All Ages,6.5,1311,8209,11525,2833,3,,[],[],['Comedy'],['Parody']
2841,Dark Love,OVA,Visual novel,2,26,Rx - Hentai,6.77,5436,,6647,12542,92,,[],['Shinkuukan'],['Hentai'],[]
2842,Pokémon Mystery Dungeon: Team Go-Getters Out of the Gate!,TV Special,Game,1,20,PG - Children,6.5,8071,8190,6017,16093,4,,[],['OLM'],"['Adventure', 'Fantasy']",['Anthropomorphic']
2847,Pokémon: The Rise Of Darkrai,Movie,Game,1,90,PG - Children,7.33,77844,3131,2049,125614,156,,['Kids'],['OLM'],"['Action', 'Adventure', 'Comedy', 'Drama', 'Fantasy']",[]
2848,Summer Days with Coo,Movie,Novel,1,141,PG - Children,7.54,8586,2072,5485,20442,60,,[],['Shin-Ei Animation'],"['Adventure', 'Award Winning', 'Supernatural']",['Mythology']
2851,,Movie,Manga,1,26,PG-13 - Teens 13 or older,6.13,849,10324,12414,2209,3,,['Shounen'],['Studio Pierrot'],"['Action', 'Adventure', 'Comedy']","['Historical', 'Martial Arts']"
2852,,OVA,Manga,4,28,Rx - Hentai,6.93,6119,,6228,14650,56,,[],"['Flavors Soft', 'Maboroshi Koubou']",['Hentai'],[]
2858,Ride of the Valkyrie,OVA,Visual novel,2,28,Rx - Hentai,6.15,2950,,7921,8093,17,,[],['Himajin Planning'],['Hentai'],[]
2859,Battle-Maiden Valkyrie True Chapter,OVA,Visual novel,2,28,Rx - Hentai,6.06,1635,,9730,4765,7,,[],[],['Hentai'],[]
2861,,OVA,Manga,2,28,Rx - Hentai,6.23,1816,,9160,5661,20,,[],['ORADA COMPANY'],['Hentai'],[]
2862,,OVA,Visual novel,2,28,Rx - Hentai,5.14,1808,,9846,4599,8,,[],['AT-2'],['Hentai'],[]
2863,,OVA,Manga,3,29,Rx - Hentai,5.76,1699,,9930,4493,13,,[],['Atti Production'],['Hentai'],[]
2864,Four Play,OVA,Unknown,2,24,Rx - Hentai,5.23,1265,,10831,3424,13,,[],['Ripple Film'],['Hentai'],[]
2866,,OVA,Visual novel,4,26,Rx - Hentai,6.9,6501,,6121,15390,76,,[],['Anime Antenna Iinkai'],['Hentai'],[]
2867,,OVA,Visual novel,2,30,Rx - Hentai,7.01,6780,,5879,17108,60,,[],['T-Rex'],['Hentai'],[]
2868,Night Shift Nurses: Mana Kazama,OVA,Visual novel,1,30,Rx - Hentai,6.1,2771,,8473,6859,32,,[],['Flavors Soft'],['Hentai'],[]
2869,Night Shift Nurses: Ren Nanase,OVA,Visual novel,1,33,Rx - Hentai,6.04,2579,,8558,6705,18,,[],['Flavors Soft'],['Hentai'],[]
2870,Night Shift Nurses: Yagami Yu,OVA,Visual novel,1,32,Rx - Hentai,6.3,3514,,7808,8427,32,,[],['Flavors Soft'],['Hentai'],[]
2871,,OVA,Visual novel,2,29,Rx - Hentai,6.25,5062,,6585,12832,65,,[],['Y.O.U.C'],['Hentai'],['School']
2872,F-Force,OVA,Visual novel,3,28,Rx - Hentai,5.61,1014,,10888,3363,7,,[],['Mook Animation'],['Hentai'],[]
2873,Bible Black Only,OVA,Visual novel,2,27,Rx - Hentai,6.82,10042,,5474,20561,73,,[],['Studio Jam'],['Hentai'],[]
2874,,OVA,Manga,1,29,Rx - Hentai,5.54,763,,12341,2257,1,,[],[],['Hentai'],[]
2875,Legend of the Pervert,OVA,Original,2,28,Rx - Hentai,6.2,2596,,8429,6966,6,,[],['Y.O.U.C'],['Hentai'],[]
2876,Winds of Change,Movie,Unknown,1,80,PG - Children,5.23,357,13949,13967,1397,1,,['Kids'],['Sanrio'],['Fantasy'],[]
2881,Silent Service,OVA,Manga,3,30,PG-13 - Teens 13 or older,6.3,962,9356,11095,3185,4,,['Seinen'],['Sunrise'],"['Action', 'Drama']",['Military']
2882,Superbook,TV,Original,26,24,G - All Ages,6.49,1379,8211,11213,3085,13,1981,['Kids'],['Tatsunoko Production'],"['Adventure', 'Fantasy', 'Sci-Fi']",['Historical']
2883,Karma Saiyuki,OVA,Manga,1,35,Rx - Hentai,6.66,3379,,8036,7810,34,,[],[],"['Comedy', 'Hentai']",['Parody']
2884,Aachi and Ssipak,Movie,Original,1,87,R+ - Mild Nudity,6.52,5163,8031,6956,11249,34,,[],[],"['Action', 'Comedy']",[]
2885,Legend of the Mystical Ninja,TV,Game,23,24,G - All Ages,7.02,892,5040,12276,2300,5,1997,['Shounen'],['Trans Arts'],['Comedy'],[]
2889,Bleach the Movie: The DiamondDust Rebellion,Movie,Manga,1,92,PG-13 - Teens 13 or older,7.42,157211,2613,1063,266467,559,,['Shounen'],['Studio Pierrot'],"['Action', 'Adventure', 'Supernatural']",[]
2890,Ponyo,Movie,Original,1,100,G - All Ages,7.97,432362,803,375,655121,5092,,[],['Studio Ghibli'],"['Adventure', 'Award Winning', 'Fantasy']",[]
2891,,OVA,Other,1,30,G - All Ages,6.82,8425,6177,5108,24392,36,,[],['Studio Ghibli'],['Fantasy'],[]
2892,Bob in the Bottle,TV,Original,52,24,G - All Ages,6.64,1338,7318,11391,2936,1,1969,[],['Tatsunoko Production'],"['Comedy', 'Fantasy']",[]
2894,Bondage Mansion,OVA,Visual novel,2,30,Rx - Hentai,5.36,968,,11471,2878,3,,[],['Y.O.U.C'],['Hentai'],[]
2895,The Whale Hunt,Movie,Picture book,1,16,G - All Ages,6.3,612,9376,9850,4598,1,,[],['Studio Ghibli'],"['Adventure', 'Award Winning']",[]
2896,After Class Lesson,OVA,Visual novel,3,29,Rx - Hentai,6.37,4170,,7369,9775,41,,[],['T-Rex'],['Hentai'],[]
2897,,CM,Other,1,1,PG - Children,5.17,1878,,10338,3985,0,,[],['Studio Ghibli'],['Comedy'],[]
2899,Higurashi: When They Cry - Cat Killing Chapter,Special,Light novel,1,23,PG-13 - Teens 13 or older,7.13,45641,4414,2712,82770,76,,[],['Studio Deen'],['Mystery'],[]
2901,Kameari Park Precinct,Movie,Manga,1,94,PG-13 - Teens 13 or older,7.1,956,4614,11653,2739,0,,['Shounen'],['Gallop'],"['Action', 'Comedy', 'Mystery']","['Adult Cast', 'Detective', 'Gag Humor']"
2903,Charge!! Men's Private School,TV,Manga,34,24,R - 17+ (violence & profanity),7.52,4374,2172,5958,16540,135,1988,['Shounen'],['Toei Animation'],"['Action', 'Comedy']","['Delinquents', 'Martial Arts', 'School']"
2904,Code Geass: Lelouch of the Rebellion R2,TV,Original,25,24,R - 17+ (violence & profanity),8.92,1299405,21,50,1956490,81356,2008,[],['Sunrise'],"['Award Winning', 'Drama', 'Sci-Fi']","['Mecha', 'Military', 'Super Power']"
2905,,Special,Manga,6,3,R+ - Mild Nudity,6.58,11146,7690,5074,24857,14,,['Seinen'],['Arms'],"['Action', 'Ecchi']","['Martial Arts', 'School', 'Super Power']"
2906,,OVA,Manga,1,56,R+ - Mild Nudity,6.94,653,5508,13451,1614,0,,[],['Tokyo Movie Shinsha'],['Sci-Fi'],"['Mecha', 'Space']"
2907,,TV,Manga,66,25,PG - Children,7.29,5135,3347,7040,10913,69,1999,[],['Studio Bogey'],"['Comedy', 'Sci-Fi']",[]
2910,Love Love 7 DVD Specials,Special,Manga,15,1,R+ - Mild Nudity,5.83,937,11865,11638,2748,0,,['Seinen'],['Studio Flag'],"['Comedy', 'Romance', 'Sci-Fi', 'Ecchi']",['School']
2911,,Special,Manga,6,4,PG-13 - Teens 13 or older,6.55,2206,7877,8778,6265,9,,['Shounen'],['TNK'],"['Drama', 'Romance']",[]
2912,,TV,Manga,63,24,G - All Ages,7.2,1944,3994,10587,3658,10,1981,[],['TMS Entertainment'],['Comedy'],[]
2913,"Bush Baby, Little Angel of the Great Plains",TV,Novel,40,24,G - All Ages,7.48,1285,2329,10503,3761,6,1992,[],['Nippon Animation'],"['Adventure', 'Drama']",[]
2915,The Day the Earth Moved,Movie,Novel,1,75,PG - Children,6.5,652,8158,12750,2003,1,,[],['Tama Production'],['Drama'],['Historical']
2916,Energetic Bomb Ganbaruger,TV,Original,47,23,PG - Children,7.56,828,1972,12462,2183,5,1992,[],['Sunrise'],[],['Mecha']
2917,Nurse Me!,OVA,Visual novel,3,31,Rx - Hentai,6.08,1480,,9795,4666,9,,[],['AT-2'],"['Comedy', 'Hentai']",[]
2920,Tomorrow's Joe The Movie,Movie,Manga,1,153,PG-13 - Teens 13 or older,7.08,2521,4700,8145,7597,9,,['Shounen'],['Mushi Production'],"['Drama', 'Sports']",['Combat Sports']
2921,Tomorrow's Joe 2,TV,Manga,47,24,PG-13 - Teens 13 or older,8.82,26780,35,3027,68557,3412,1980,['Shounen'],['Tokyo Movie Shinsha'],"['Drama', 'Sports']",['Combat Sports']
2922,Tomorrow's Joe 2 The Movie,Movie,Manga,1,112,PG-13 - Teens 13 or older,7.28,2037,3406,8777,6267,15,,['Shounen'],['Tokyo Movie Shinsha'],"['Drama', 'Sports']",['Combat Sports']
2923,Shugo Chara!,TV,Manga,51,24,PG - Children,7.42,110657,2650,1215,233513,3150,2007,['Shoujo'],['Satelight'],['Comedy'],"['Mahou Shoujo', 'School']"
2924,ef - a tale of memories.,TV,Visual novel,12,24,PG-13 - Teens 13 or older,7.87,111518,1013,1044,270179,2810,2007,[],['Shaft'],"['Drama', 'Mystery', 'Romance']",['Love Polygon']
2926,Myself; Yourself,TV,Visual novel,13,25,PG-13 - Teens 13 or older,7.11,98238,4560,1443,193110,773,2007,[],['Doga Kobo'],"['Drama', 'Romance']",['School']
2927,KimiKiss: Pure Rouge,TV,Visual novel,24,24,PG-13 - Teens 13 or older,7.28,42336,3433,2493,94197,300,2007,[],['J.C.Staff'],"['Drama', 'Romance']",['School']
2928,,OVA,Game,1,24,PG-13 - Teens 13 or older,6.69,9856,6990,5253,22808,32,,[],['Bee Train'],"['Adventure', 'Drama', 'Fantasy']",['Video Game']
2929,,TV,Manga,14,25,R+ - Mild Nudity,7.26,1945,3581,9117,5716,10,2007,['Seinen'],['Studio Hibari'],"['Adventure', 'Drama', 'Sci-Fi']",['Space']
2930,,TV,Original,12,23,G - All Ages,,,20946,19417,435,0,2007,[],['Trans Arts'],['Comedy'],[]
2931,,TV,Manga,24,24,PG - Children,7.4,4231,2753,5780,17868,34,2007,['Seinen'],"['Madhouse', 'Tezuka Productions']","['Mystery', 'Slice of Life', 'Supernatural']",['Iyashikei']
2933,Future Police Urashiman,TV,Manga,50,23,PG-13 - Teens 13 or older,7.44,1121,2545,10621,3623,6,1983,['Shounen'],['Tatsunoko Production'],"['Action', 'Comedy', 'Sci-Fi']",[]
2934,,TV,Manga,51,25,G - All Ages,7.29,796,3394,10053,4337,5,2001,['Shoujo'],['Radix'],['Comedy'],['Pets']
2935,Swallowtail Inn,OVA,Visual novel,2,29,Rx - Hentai,6.13,1212,,10933,3325,3,,[],['AT-2'],['Hentai'],[]
2936,,OVA,Visual novel,2,27,Rx - Hentai,5.39,674,,12583,2106,3,,[],['Dream Entertainment'],['Hentai'],[]
2937,Sailor Moon R: Make Up! Sailor Guardians,Special,Manga,1,17,PG-13 - Teens 13 or older,7.05,8492,4848,5575,19578,28,,['Shoujo'],['Toei Animation'],[],['Mahou Shoujo']
2938,Legendary Idol Eriko,TV,Original,51,22,PG-13 - Teens 13 or older,7.15,2339,4293,8193,7484,20,1989,[],['Ashi Productions'],[],"['Idols (Female)', 'Music']"
2941,,Movie,Unknown,1,86,PG-13 - Teens 13 or older,5.23,748,13948,13226,1716,1,,[],['Big Film Entertainment'],['Sci-Fi'],['Mecha']
2942,Sketchbook ~full color's~,TV,4-koma manga,13,23,G - All Ages,7.51,10757,2221,4361,35242,213,2007,['Shounen'],['HAL Film Maker'],['Slice of Life'],"['CGDCT', 'Iyashikei', 'Visual Arts']"
2943,School of Bondage,OVA,Manga,3,28,Rx - Hentai,6.23,1989,,8861,6145,21,,[],['Studio Jam'],['Hentai'],['School']
2944,Perverse Investigations,OVA,Visual novel,2,28,Rx - Hentai,5.27,1372,,9805,4653,8,,[],['Y.O.U.C'],"['Avant Garde', 'Fantasy', 'Horror', 'Hentai']",[]
2945,Desperate Carnal Housewives,OVA,Original,2,28,Rx - Hentai,6.18,2440,,8673,6480,24,,[],['Dream Entertainment'],['Hentai'],[]
2946,Angel Core,OVA,Visual novel,2,28,Rx - Hentai,5.55,2356,,8775,6269,10,,[],['Shura'],['Hentai'],"['Historical', 'Mecha', 'Military']"
2947,,Movie,Original,1,27,G - All Ages,7.23,2772,3799,8748,6320,5,,[],['Toei Animation'],['Comedy'],['Mahou Shoujo']
2948,,Movie,Original,1,26,G - All Ages,7.24,2515,3728,8981,5981,4,,[],['Toei Animation'],['Comedy'],['Mahou Shoujo']
2950,Animal Crossing: The Movie,Movie,Game,1,87,G - All Ages,7.1,14914,4594,4732,29275,177,,['Kids'],['OLM'],['Slice of Life'],['Anthropomorphic']
2951,Gintama: Jump Festa 2005 Special,Special,Manga,1,32,PG-13 - Teens 13 or older,8.07,31742,644,3230,61115,75,,['Shounen'],['Sunrise'],"['Comedy', 'Sci-Fi']","['Historical', 'Mecha', 'Parody', 'Samurai']"
2952,,OVA,Game,1,126,PG-13 - Teens 13 or older,7.9,86250,939,1897,138903,789,,[],['Square Enix Visual Works'],"['Action', 'Fantasy']",[]
2953,,Music,Original,1,2,G - All Ages,6.42,8766,,6264,14413,6,,['Kids'],['CoMix Wave Films'],['Slice of Life'],['Music']
2954,Keep it a Secret from Maria-sama,Special,Light novel,5,1,PG - Children,7.24,3722,3724,7983,7926,4,,['Shoujo'],['Studio Deen'],"['Comedy', 'Girls Love']",[]
2955,Foxy Nudes,OVA,Original,2,27,Rx - Hentai,6.59,5145,,7012,11036,53,,[],['AT-2'],['Hentai'],[]
2956,The Venus Files,OVA,Manga,2,29,Rx - Hentai,5.89,770,,12261,2309,6,,[],[],['Hentai'],[]
2957,Enspelled,OVA,Original,2,27,Rx - Hentai,5.84,1219,,10818,3442,5,,[],['Y.O.U.C'],['Hentai'],[]
2958,Cosplay Cafe,OVA,Visual novel,2,26,Rx - Hentai,5.97,2051,,9001,5956,6,,[],['Aiko'],['Hentai'],[]
2959,Rei Rei,OVA,Manga,2,28,Rx - Hentai,5.46,1085,,10851,3405,6,,[],['Aubeck'],"['Girls Love', 'Supernatural', 'Hentai']",[]
2960,The Roommate,OVA,Manga,2,28,Rx - Hentai,6.52,2430,,8702,6415,13,,[],['Studio Ten'],['Hentai'],[]
2961,Digimon: The Movie,Movie,Original,1,20,PG - Children,7.63,77245,1696,2109,120782,446,,['Kids'],['Toei Animation'],"['Action', 'Fantasy', 'Sci-Fi']",[]
2962,Digimon Movie 02 - Digimon Hurricane Touchdown! Supreme Evolution! The Golden Digimentals.,Movie,Original,2,32,PG - Children,7.1,28165,4593,3647,49058,48,,['Kids'],['Toei Animation'],"['Adventure', 'Fantasy', 'Sci-Fi']",[]
2963,,TV,Manga,13,24,PG-13 - Teens 13 or older,7.65,73980,1633,1511,183896,1101,2007,['Seinen'],['Daume'],['Comedy'],"['CGDCT', 'School']"
2964,Blue Drop,TV,Manga,13,25,PG-13 - Teens 13 or older,6.73,13261,6727,4469,33382,112,2007,['Shounen'],"['BeSTACK', 'Asahi Production']","['Drama', 'Girls Love', 'Sci-Fi']",[]
2965,Fantastic Detective Labyrinth,TV,Manga,25,23,PG-13 - Teens 13 or older,6.79,2856,6389,6976,11192,16,2007,['Shounen'],['Studio Deen'],"['Mystery', 'Sci-Fi']",[]
2966,Spice and Wolf,TV,Light novel,13,23,PG-13 - Teens 13 or older,8.21,415341,436,244,872056,18297,2008,[],['Imagin'],"['Adventure', 'Drama', 'Romance', 'Supernatural']",['Adult Cast']
2967,,ONA,Visual novel,12,5,PG-13 - Teens 13 or older,5.13,2139,14153,8745,6319,3,,[],['Zexcs'],"['Comedy', 'Mystery', 'Supernatural', 'Ecchi']",['School']
2969,Appleseed: Ex Machina,Movie,Manga,1,104,R - 17+ (violence & profanity),7.3,23164,3285,4034,41275,116,,[],['Digital Frontier'],['Sci-Fi'],"['Mecha', 'Military']"
2970,,TV,Game,13,25,PG-13 - Teens 13 or older,6.7,15833,6966,4186,38288,56,2007,[],['HAL Film Maker'],"['Action', 'Adventure', 'Fantasy']",[]
2971,,OVA,Light novel,5,25,PG-13 - Teens 13 or older,7.45,11498,2498,4961,26215,52,,['Shoujo'],['Studio Deen'],"['Adventure', 'Comedy', 'Fantasy']",['Isekai']
2972,Crystal Triangle,OVA,Original,1,87,PG-13 - Teens 13 or older,4.82,1324,14540,10931,3325,6,,[],['animate Film'],"['Adventure', 'Mystery']",['Military']
2973,Fire Tripper,OVA,Manga,1,50,R+ - Mild Nudity,6.53,3321,7989,8422,6972,6,,[],['Studio Pierrot'],"['Fantasy', 'Sci-Fi']",['Time Travel']
2974,The Humanoid,OVA,Original,1,47,PG-13 - Teens 13 or older,5.3,1699,13824,10485,3782,1,,[],['Kaname Productions'],"['Drama', 'Sci-Fi']","['Mecha', 'Space']"
2977,Adventure Kid,OVA,Manga,3,37,Rx - Hentai,5.34,890,,11499,2852,4,,[],[],"['Fantasy', 'Horror', 'Hentai']",[]
2978,New Getter Robo,OVA,Manga,13,24,R - 17+ (violence & profanity),7.55,5369,2040,6615,12719,113,,['Shounen'],"[""Brain's Base""]","['Adventure', 'Fantasy', 'Horror', 'Sci-Fi']","['Mecha', 'Mythology']"
2979,,OVA,Visual novel,2,29,Rx - Hentai,5.41,1150,,11038,3239,1,,[],['Triple X'],['Hentai'],[]
2980,Fantascience World Gulliver Boy,TV,Unknown,50,24,PG-13 - Teens 13 or older,7.27,831,3510,12029,2472,5,1995,[],['Toei Animation'],"['Adventure', 'Fantasy']",['Mecha']
2981,Midori,Movie,Manga,1,47,R+ - Mild Nudity,4.73,39156,14620,2838,76359,494,,[],['Mippei Eigeki Kiryuukan'],"['Drama', 'Horror']","['Gore', 'Historical']"
2982,Temptation,OVA,Visual novel,2,30,Rx - Hentai,6.43,2608,,8395,7022,27,,[],['AT-2'],['Hentai'],['School']
2983,,OVA,Light novel,1,45,R - 17+ (violence & profanity),5.31,5280,13783,7041,10908,25,,[],['animate Film'],"['Adventure', 'Drama', 'Horror', 'Mystery', 'Supernatural']","['Mythology', 'Psychological', 'School']"
2985,Neuro: Supernatural Detective,TV,Manga,25,23,R - 17+ (violence & profanity),7.62,29306,1745,2947,72097,605,2007,['Shounen'],['Madhouse'],"['Comedy', 'Mystery', 'Supernatural']","['Detective', 'Mythology']"
2986,Bamboo Blade,TV,Manga,26,24,PG-13 - Teens 13 or older,7.33,42695,3090,2520,92753,286,2007,['Seinen'],['AIC ASTA'],"['Comedy', 'Sports']","['Combat Sports', 'School']"
2987,,TV,Original,46,25,G - All Ages,7.6,1414,1813,9043,5862,29,1983,[],['Sunrise'],"['Adventure', 'Sci-Fi']","['Mecha', 'Space']"
2988,,OVA,Visual novel,5,27,Rx - Hentai,6.49,3143,,7433,9542,44,,[],['Shinkuukan'],"['Action', 'Horror', 'Supernatural', 'Hentai']",[]
2989,My Classmate's Mother,OVA,Visual novel,2,28,Rx - Hentai,6.08,2468,,8293,7214,18,,[],['Y.O.U.C'],['Hentai'],['School']
2990,Girl's Locker Room Lust,OVA,Original,1,19,Rx - Hentai,4.27,788,,12574,2111,1,,[],['Obtain Future'],['Hentai'],[]
2991,,OVA,Unknown,1,23,Rx - Hentai,5.15,1509,,10549,3711,4,,[],['Obtain Future'],['Hentai'],[]
2993,Rosario + Vampire,TV,Manga,13,24,R+ - Mild Nudity,6.73,416399,6761,321,729760,3616,2008,['Shounen'],['Gonzo'],"['Comedy', 'Fantasy', 'Romance', 'Ecchi']","['Harem', 'School', 'Vampire']"
2994,Death Note: Relight,TV Special,Manga,2,112,R - 17+ (violence & profanity),7.73,100872,1361,1248,226277,810,,['Shounen'],['Madhouse'],"['Supernatural', 'Suspense']",['Psychological']
2997,Phoenix: Karma Chapter,Movie,Manga,1,60,R+ - Mild Nudity,7.1,2144,4603,9550,5035,13,,['Shounen'],"['Madhouse', 'Project Team Argos']","['Drama', 'Fantasy']",['Historical']
2998,The Phoenix -Space-,OVA,Manga,1,48,PG-13 - Teens 13 or older,7.17,1834,4158,10079,4297,5,,['Shounen'],"['Madhouse', 'Project Team Argos']","['Drama', 'Fantasy', 'Sci-Fi']",['Space']
2999,The Phoenix: Chapter of Yamato,OVA,Manga,1,48,PG-13 - Teens 13 or older,7.09,1735,4668,10478,3794,4,,['Shounen'],"['Madhouse', 'Project Team Argos']",['Drama'],['Historical']
3000,You're Under Arrest: Full Throttle,TV,Manga,23,24,PG-13 - Teens 13 or older,7.27,4099,3527,6766,11998,6,2007,['Seinen'],['Studio Deen'],"['Action', 'Comedy']","['Adult Cast', 'Workplace']"
3001,,TV,Manga,11,23,PG-13 - Teens 13 or older,7.57,30270,1939,2800,78272,277,2007,['Seinen'],"['Telecom Animation Film', 'Shirogumi']","['Comedy', 'Gourmet', 'Supernatural']",['Adult Cast']
3002,Kaiji: Ultimate Survivor,TV,Manga,26,23,R - 17+ (violence & profanity),8.26,178922,369,695,392571,10898,2007,['Seinen'],['Madhouse'],['Suspense'],"['Adult Cast', 'High Stakes Game', 'Psychological', 'Strategy Game']"
3003,,TV Special,Original,1,24,PG - Children,6.6,1897,7591,10570,3682,2,,[],['Production I.G'],"['Drama', 'Fantasy']",[]
3004,,OVA,Mixed media,2,25,PG-13 - Teens 13 or older,6.49,1615,8244,9943,4477,5,,[],['Madhouse'],['Fantasy'],[]
3005,,OVA,Manga,1,51,R - 17+ (violence & profanity),6.66,2659,7219,8169,7545,12,,['Shounen'],['Zero-G Room'],"['Action', 'Adventure', 'Drama', 'Fantasy']","['Martial Arts', 'Super Power']"
3006,My Family,TV,Manga,330,15,G - All Ages,7.53,3001,2098,8527,6772,72,2002,[],['Shin-Ei Animation'],['Comedy'],[]
3007,,OVA,Manga,1,32,PG-13 - Teens 13 or older,6.21,2810,9859,8556,6705,14,,[],['Madhouse'],['Boys Love'],['Music']
3008,,TV,Original,108,22,G - All Ages,6.75,2564,6638,8786,6249,21,1977,[],['Tatsunoko Production'],"['Adventure', 'Comedy']",['Mecha']
3009,Tiger Mask,TV,Manga,105,23,PG-13 - Teens 13 or older,7.4,4706,2768,6711,12223,78,1969,['Shounen'],['Toei Animation'],"['Drama', 'Sports']",['Combat Sports']
3010,The Magnificent Zorro,TV,Novel,52,24,PG-13 - Teens 13 or older,7.26,6390,3569,6377,13837,86,1996,[],['Ashi Productions'],['Adventure'],['Historical']
3011,,OVA,Visual novel,2,36,PG-13 - Teens 13 or older,6.31,5663,9350,6669,12431,20,,[],['HAL Film Maker'],['Romance'],['School']
3012,,TV,Original,68,25,G - All Ages,7.16,4626,4226,7808,8425,43,2001,[],['Sunrise'],['Sports'],[]
3014,Legend of the Galactic Heroes: My Conquest is the Sea of Stars,Movie,Novel,1,59,R+ - Mild Nudity,7.85,25397,1055,3826,45473,66,,[],['Kitty Film Mitaka Studio'],"['Action', 'Sci-Fi']","['Adult Cast', 'Military', 'Space']"
3015,Legend of the Galactic Heroes: Golden Wings,Movie,Novel,1,59,PG-13 - Teens 13 or older,6.28,7238,9474,5885,17055,13,,[],['Magic Bus'],"['Action', 'Drama', 'Sci-Fi']","['Adult Cast', 'Military', 'Space']"
3016,Legend of the Galactic Heroes: Overture to a New War,Movie,Novel,1,89,PG-13 - Teens 13 or older,8.07,20057,642,4079,40232,57,,[],['Kitty Film Mitaka Studio'],"['Action', 'Drama', 'Sci-Fi']","['Adult Cast', 'Military', 'Space']"
3019,Lupin III: Elusiveness of the Fog,Special,Manga,1,92,PG-13 - Teens 13 or older,6.93,3116,5541,8220,7392,1,,['Seinen'],['TMS Entertainment'],"['Action', 'Adventure', 'Comedy', 'Mystery']","['Adult Cast', 'Time Travel']"
3020,,TV,Manga,50,25,G - All Ages,7.2,777,3965,12866,1913,4,1984,['Shounen'],['Toei Animation'],['Comedy'],['School']
3021,Wingman,TV,Manga,47,24,R+ - Mild Nudity,7.21,1222,3950,10262,4091,15,1984,['Shounen'],['Toei Animation'],"['Action', 'Comedy', 'Romance']","['School', 'Super Power']"
3022,,TV,Manga,45,24,PG-13 - Teens 13 or older,7.05,790,4864,12371,2231,3,1985,[],['Toei Animation'],"['Action', 'Romance', 'Sci-Fi']",['School']
3023,Mami the Psychic,TV,Manga,119,24,PG-13 - Teens 13 or older,7.18,921,4079,11068,3210,10,1987,['Shounen'],['Shin-Ei Animation'],"['Comedy', 'Supernatural', 'Ecchi']","['School', 'Super Power']"
3024,Princess Knight,TV,Manga,52,25,PG-13 - Teens 13 or older,7.42,2304,2644,8217,7410,23,1967,['Shoujo'],['Mushi Production'],"['Action', 'Fantasy', 'Mystery', 'Romance']",['Crossdressing']
3025,Dragon Slayer: The Legend of Heroes,OVA,Game,2,22,R - 17+ (violence & profanity),6.07,1170,10653,11329,2985,6,,[],"['Anime R', 'Studio Curtain']","['Action', 'Fantasy']",[]
3026,Compiler,OVA,Manga,2,30,R+ - Mild Nudity,5.44,1423,13407,10542,3715,0,,[],['animate Film'],"['Comedy', 'Drama', 'Romance', 'Sci-Fi']",[]
3027,Fist of the North Star: The Legend of Yuria,OVA,Manga,1,64,R - 17+ (violence & profanity),7.15,4556,4287,7184,10411,12,,['Shounen'],['TMS Entertainment'],"['Action', 'Adventure', 'Drama']",['Martial Arts']
3028,,Special,Unknown,3,23,PG-13 - Teens 13 or older,6.5,331,8157,13657,1524,4,,[],['Sunrise'],"['Action', 'Fantasy', 'Sci-Fi']",['Military']
3031,Digimon Frontier: Island of Lost Digimon,Movie,Original,1,40,PG - Children,6.86,11053,5921,5258,22760,8,,[],['Toei Animation'],"['Adventure', 'Comedy', 'Drama', 'Fantasy']",[]
3032,Digimon Tamers: Battle of Adventurers,Movie,Original,1,50,PG - Children,6.97,12029,5298,5125,24220,6,,[],['Toei Animation'],"['Adventure', 'Drama', 'Sci-Fi']",[]
3033,Digimon Tamers: Runaway Locomon,Movie,Original,1,30,PG - Children,7.07,14363,4756,4822,28131,12,,[],['Toei Animation'],"['Adventure', 'Comedy', 'Sci-Fi']",[]
3034,Dark Future,OVA,Visual novel,2,28,Rx - Hentai,5.74,1337,,10313,4038,9,,[],['Studio Jam'],['Hentai'],[]
3035,Sonic Soldier Borgman,TV,Other,35,24,PG-13 - Teens 13 or older,6.95,958,5421,9842,4600,7,1988,[],['Ashi Productions'],"['Action', 'Fantasy', 'Sci-Fi']",['Mythology']
3036,Soar High! Isami,TV,Original,50,25,PG-13 - Teens 13 or older,7.68,1299,1536,10758,3494,12,1995,[],['Group TAC'],"['Action', 'Adventure', 'Comedy', 'Romance']",[]
3037,Ghost Sweeper Mikami Movie,Movie,Manga,1,59,PG-13 - Teens 13 or older,6.86,1744,5925,9949,4465,3,,['Shounen'],['Toei Animation'],"['Comedy', 'Fantasy']",[]
3038,A Thousand and One Nights,Movie,Other,1,130,R+ - Mild Nudity,6.33,2530,9216,8290,7214,7,,[],['Mushi Production'],"['Adventure', 'Fantasy']",[]
3039,,OVA,Visual novel,2,28,Rx - Hentai,5.84,1294,,10551,3708,7,,[],['Y.O.U.C'],['Hentai'],[]
3040,Countdown to Delight,OVA,Manga,1,29,Rx - Hentai,5.45,1919,,9828,4623,11,,[],['Sonsan Kikaku'],"['Comedy', 'Hentai']",[]
3043,Hans Christian Anderson's The Little Mermaid,Movie,Book,1,68,G - All Ages,6.92,3225,5567,8388,7032,35,,[],['Toei Animation'],"['Fantasy', 'Romance']",[]
3044,Astro Boy (1980),TV,Manga,52,24,G - All Ages,7.3,7406,3328,5837,17421,115,1980,['Shounen'],['Tezuka Productions'],"['Action', 'Adventure', 'Sci-Fi']",[]
3046,Hardcore Hospital,OVA,Visual novel,2,29,Rx - Hentai,5.86,1035,,11268,3044,1,,[],['Y.O.U.C'],['Hentai'],[]
3048,Immorality,OVA,Manga,2,28,Rx - Hentai,6.31,2615,,8110,7685,55,,[],['Piko Studio'],['Hentai'],['School']
3050,Panty Flash Teacher,OVA,Original,2,28,Rx - Hentai,6.51,5061,,6906,11460,48,,[],['AT-2'],['Hentai'],['School']
3051,,Movie,Original,1,70,G - All Ages,7.34,3317,3084,8309,7185,7,,[],['Toei Animation'],['Romance'],"['Mahou Shoujo', 'Music']"
3053,Fight! Kickers,TV,Manga,23,23,G - All Ages,6.96,6752,5363,7073,10786,44,1986,['Kids'],['Studio Pierrot'],['Sports'],['Team Sports']
3054,,TV,Other,39,23,G - All Ages,6.8,1114,6305,10911,3345,5,1975,[],['Sunrise'],"['Action', 'Adventure', 'Drama']",['Historical']
3056,,OVA,Visual novel,2,28,Rx - Hentai,5.93,907,,11759,2667,0,,[],"['Arms', 'Triple X']",['Hentai'],[]
3057,,Special,Manga,6,2,PG-13 - Teens 13 or older,6.43,8155,8606,5528,20037,32,,['Josei'],['J.C.Staff'],"['Boys Love', 'Comedy', 'Supernatural']",[]
3058,,OVA,Visual novel,3,26,Rx - Hentai,6.38,2786,,8132,7632,13,,[],['Front Line'],"['Comedy', 'Hentai']",[]
3059,Ninja Robots,TV,Original,43,24,PG-13 - Teens 13 or older,7.21,2048,3927,8907,6093,22,1985,[],['Studio Pierrot'],"['Adventure', 'Sci-Fi']","['Mecha', 'Space']"
3060,Dallos,OVA,Original,4,30,PG-13 - Teens 13 or older,6.13,3942,10296,6903,11453,16,,[],['Studio Pierrot'],['Sci-Fi'],['Mecha']
3061,Kishin Corps,OVA,Novel,7,33,PG-13 - Teens 13 or older,6.82,1168,6179,10803,3454,2,,[],['AIC'],"['Adventure', 'Sci-Fi']","['Historical', 'Mecha']"
3062,Menage a Twins,OVA,Visual novel,2,30,Rx - Hentai,6.22,1984,,9308,5420,8,,[],['Dream Entertainment'],['Hentai'],[]
3063,Professor Pain,OVA,Visual novel,2,27,Rx - Hentai,5.46,967,,11510,2843,3,,[],['Artland'],['Hentai'],[]
3064,Wounded Man,OVA,Manga,5,35,R+ - Mild Nudity,4.02,930,14899,11427,2903,5,,['Seinen'],['Magic Bus'],"['Action', 'Adventure', 'Suspense']",[]
3065,,OVA,Manga,3,26,PG-13 - Teens 13 or older,6.85,1367,6008,10867,3391,11,,[],['Telecom Animation Film'],"['Action', 'Adventure', 'Comedy', 'Fantasy']",[]
3066,Queen and Slave,OVA,Manga,1,27,Rx - Hentai,5.36,962,,11351,2968,6,,[],['Image House'],['Hentai'],[]
3067,Farewell to Space Battleship Yamato: In the Name of Love,Movie,Original,1,152,PG-13 - Teens 13 or older,7.28,1970,3452,9281,5456,14,,[],['Office Academy'],"['Action', 'Drama', 'Sci-Fi']","['Adult Cast', 'Military', 'Space']"
3069,Be Forever Yamato,Movie,Original,1,148,PG-13 - Teens 13 or older,6.97,1882,5337,9570,5009,8,,[],['Office Academy'],"['Action', 'Adventure', 'Drama', 'Sci-Fi']","['Adult Cast', 'Military', 'Space']"
3070,Negadon: The Monster from Mars,Movie,Original,1,25,PG-13 - Teens 13 or older,5.44,913,13429,12869,1909,2,,[],['CoMix Wave Films'],"['Fantasy', 'Sci-Fi']","['Mecha', 'Military', 'Space']"
3071,Space Battleship Yamato: The New Voyage,TV Special,Original,1,95,PG-13 - Teens 13 or older,6.84,1878,6081,9582,4993,2,,[],['Academy Productions'],"['Action', 'Drama', 'Sci-Fi']","['Adult Cast', 'Military', 'Space']"
3072,Space Battleship Yamato - Final Chapter,Movie,Original,1,163,PG-13 - Teens 13 or older,7.03,1694,5013,9454,5197,6,,[],['Toei Animation'],"['Action', 'Adventure', 'Drama', 'Sci-Fi']","['Adult Cast', 'Military', 'Space']"
3073,Robby & Kerobby,TV,Original,52,10,G - All Ages,,,19872,18189,536,0,2007,['Kids'],['A-1 Pictures'],['Comedy'],[]
3074,Fencer of Minerva,OVA,Unknown,5,46,Rx - Hentai,6.04,974,,11103,3182,9,,[],['J.C.Staff'],"['Fantasy', 'Hentai']",[]
3075,The Flying House,TV,Original,52,24,G - All Ages,6.35,644,9089,12885,1900,13,1982,[],['Tatsunoko Production'],"['Adventure', 'Sci-Fi']","['Historical', 'Time Travel']"
3076,Sailor Moon SuperS Specials,Special,Manga,3,16,PG-13 - Teens 13 or older,7.4,10948,2741,5003,25732,18,,['Shoujo'],['Toei Animation'],['Romance'],['Mahou Shoujo']
3077,Laughing Salesman,TV,Manga,103,10,R+ - Mild Nudity,7.19,2105,4069,7740,8628,60,1989,['Seinen'],['Shin-Ei Animation'],"['Comedy', 'Drama', 'Supernatural']","['Adult Cast', 'Psychological']"
3078,Magical Twilight,OVA,Manga,3,26,Rx - Hentai,6.11,1040,,11624,2761,6,,[],['AIC'],"['Comedy', 'Hentai']",[]
3079,Blue Comet SPT Layzner,TV,Original,38,24,PG-13 - Teens 13 or older,7.15,2314,4275,7803,8430,41,1985,[],['Sunrise'],['Sci-Fi'],"['Mecha', 'Military', 'Space']"
3080,Animation Store Manager,OVA,Other,1,2,G - All Ages,6.05,6077,10752,6690,12304,6,,[],['Gainax'],"['Action', 'Comedy']",['Parody']
3081,Attacker You!,TV,Manga,58,23,R+ - Mild Nudity,6.84,3951,6028,7654,8871,26,1984,['Shoujo'],['Knack Productions'],"['Romance', 'Sports']",['Team Sports']
3082,,OVA,Manga,1,28,Rx - Hentai,5.46,815,,12101,2415,1,,[],['Studio Jam'],['Hentai'],[]
3085,Indian Summer,OVA,Manga,3,30,R+ - Mild Nudity,6.64,10736,7323,5216,23206,27,,[],['Daume'],"['Comedy', 'Sci-Fi', 'Ecchi']",[]
3086,,OVA,Light novel,3,26,R - 17+ (violence & profanity),6.83,13261,6138,4850,27787,38,,[],['feel.'],"['Action', 'Fantasy', 'Sci-Fi']",['Gore']
3087,,Movie,Original,1,26,PG-13 - Teens 13 or older,7.14,46051,4336,2243,110154,282,,[],[],"['Action', 'Sci-Fi']",[]
3088,Tokyo Marble Chocolate,OVA,Original,2,26,PG-13 - Teens 13 or older,7.14,12168,4388,4843,27889,41,,[],['Production I.G'],"['Drama', 'Romance']",['Adult Cast']
3089,The Sky Crawlers,Movie,Novel,1,122,PG-13 - Teens 13 or older,7.28,26276,3465,3211,61596,341,,[],['Production I.G'],"['Award Winning', 'Drama']",['Military']
3090,Ah! My Goddess: Fighting Wings,TV Special,Manga,2,24,PG-13 - Teens 13 or older,7.56,13833,1961,4753,29017,22,,['Seinen'],['AIC'],"['Comedy', 'Romance', 'Supernatural']",['Harem']
3091,,TV,Manga,13,24,PG-13 - Teens 13 or older,8.21,70666,442,1723,155982,666,2008,['Seinen'],['Production I.G'],"['Comedy', 'Drama', 'Mystery', 'Supernatural']",[]
3092,Junjo Romantica,TV,Manga,12,24,PG-13 - Teens 13 or older,7.44,151299,2536,1049,268759,4401,2008,[],['Studio Deen'],"['Boys Love', 'Comedy', 'Drama']",['Adult Cast']
3093,,OVA,Visual novel,1,29,Rx - Hentai,5.31,727,,12034,2469,1,,[],['Shindeban Film'],['Hentai'],[]
3094,Rancou Chokyo - Orgy Training,OVA,Manga,1,28,Rx - Hentai,5.41,714,,12561,2124,2,,[],['Aiti St.'],['Hentai'],[]
3095,My My Mai,OVA,Manga,2,39,R+ - Mild Nudity,5.72,1165,12385,10214,4134,4,,[],['J.C.Staff'],"['Comedy', 'Supernatural', 'Ecchi']",[]
3098,,TV,Unknown,53,23,PG - Children,7.37,1245,2906,11471,2874,11,2003,[],['Sunrise'],['Sci-Fi'],['Mecha']
3099,Wild Knights Gulkeeva,TV,Original,26,23,PG-13 - Teens 13 or older,7.05,859,4871,11225,3078,2,1995,[],['Sunrise'],['Fantasy'],"['Mecha', 'Super Power']"
3100,,OVA,Other,1,28,G - All Ages,6.51,997,8105,12590,2100,7,,[],['Toei Animation'],"['Action', 'Comedy']",['Parody']
3101,F-Zero: GP Legend,TV,Game,51,23,PG - Children,6.52,2963,8043,7159,10491,67,2003,[],['Ashi Productions'],"['Adventure', 'Sci-Fi']","['Mecha', 'Racing']"
3102,,OVA,Visual novel,2,26,Rx - Hentai,7.26,6178,,6190,14926,80,,[],['Flavors Soft'],['Hentai'],[]
3104,Geisters: Fractions of the Earth,TV,Original,26,24,PG-13 - Teens 13 or older,5.64,326,12753,12402,2219,2,2001,[],['Plum'],"['Action', 'Sci-Fi']",['Military']
3105,Perverted Thomas,OVA,Visual novel,1,26,Rx - Hentai,5.97,1805,,9856,4593,7,,[],['Dream Entertainment'],['Hentai'],[]
3107,Dark Shell: Lust in the Cage,OVA,Original,2,28,Rx - Hentai,6.06,2235,,9145,5680,13,,[],"['Arms', 'Triple X']",['Hentai'],['Military']
3108,Widow,OVA,Visual novel,2,28,Rx - Hentai,5.87,1154,,10739,3509,7,,[],['Studio Jam'],['Hentai'],[]
3109,,OVA,Visual novel,4,31,Rx - Hentai,5.95,827,,11692,2707,2,,[],['Phoenix Entertainment'],"['Adventure', 'Comedy', 'Fantasy', 'Hentai']",[]
3110,,TV,Music,52,26,G - All Ages,7.3,1550,3300,9659,4870,20,1992,[],['Nippon Animation'],['Drama'],['Historical']
3111,Nasu: A Migratory Bird with Suitcase,OVA,Manga,1,54,PG-13 - Teens 13 or older,7.05,2015,4876,9731,4764,4,,['Seinen'],['Madhouse'],['Sports'],['Racing']
3112,Papillon Rose,TV,Other,6,24,R+ - Mild Nudity,4.94,1765,14414,9057,5829,7,2006,[],['Studio Kelmadick'],"['Comedy', 'Ecchi']","['Mahou Shoujo', 'Parody']"
3113,,OVA,Other,2,12,G - All Ages,4.6,684,14730,13284,1684,0,,[],[],['Comedy'],[]
3114,,TV,Other,52,25,G - All Ages,7.34,630,3036,12892,1894,3,1999,[],['Studio Pierrot'],"['Adventure', 'Comedy', 'Sci-Fi']","['Mecha', 'Super Power']"
3115,,Movie,Novel,1,91,R+ - Mild Nudity,6.47,1662,8376,9453,5196,6,,[],"['Madhouse', 'Project Team Argos']","['Action', 'Adventure', 'Romance', 'Sci-Fi']",['Time Travel']
3116,,TV,Manga,25,22,G - All Ages,7.21,1447,3888,11505,2844,8,1989,['Kids'],['Aubeck'],['Sports'],['Racing']
3120,Bobby's Girl,Movie,Novel,1,44,PG-13 - Teens 13 or older,6.15,2132,10167,9380,5304,15,,[],"['Madhouse', 'Project Team Argos']","['Drama', 'Romance']",[]
3121,,OVA,Manga,3,24,R+ - Mild Nudity,7.01,17344,5107,4551,31885,32,,[],"['Diomedéa', 'Studio Barcelona']","['Comedy', 'Ecchi']",['School']
3125,,TV,Manga,34,24,PG - Children,7.41,3472,2725,6745,12095,61,1982,['Shoujo'],['Group TAC'],"['Comedy', 'Fantasy', 'Romance']",['Vampire']
3127,California Crisis: Gun Salvo,OVA,Original,1,45,PG-13 - Teens 13 or older,5.81,4011,11949,7721,8702,13,,[],"['Studio Unicorn', 'Hiro Media']","['Action', 'Adventure', 'Sci-Fi']",[]
3129,,TV,Manga,49,25,PG - Children,7.2,1043,3974,12463,2184,1,1968,[],"['Studio Zero', 'Tokyo Movie']","['Comedy', 'Horror']",[]
3130,,TV,Unknown,94,25,G - All Ages,7.23,1209,3779,12230,2322,3,1980,['Kids'],['Shin-Ei Animation'],"['Comedy', 'Horror']",[]
3131,A Great Super Shot Boy,TV,Manga,47,22,G - All Ages,6.99,606,5188,13840,1450,1,1984,['Shounen'],['Tsuchida Productions'],['Sports'],[]
3132,Christopher Columbus,TV,Other,26,25,G - All Ages,6.23,526,9735,13439,1620,1,1992,[],['Nippon Animation'],['Adventure'],['Historical']
3135,Dragon's Heaven,OVA,Manga,1,24,PG-13 - Teens 13 or older,6.45,6608,8450,5923,16826,55,,[],"['AIC', 'Artmic']","['Adventure', 'Fantasy', 'Sci-Fi']",['Mecha']
3136,Little Pollon,TV,Manga,46,23,G - All Ages,7.32,2261,3199,10005,4401,15,1982,[],['Kokusai Eigasha'],['Comedy'],['Parody']
3137,Sanpei the Fisherman,TV,Manga,109,24,G - All Ages,7.26,2527,3596,8632,6558,18,1980,['Shounen'],['Nippon Animation'],"['Adventure', 'Sports']",[]
3138,,Special,Original,1,43,PG-13 - Teens 13 or older,6.98,1983,5272,9894,4537,4,,[],"['Gonzo', 'AIC']","['Comedy', 'Drama']",[]
3140,City of Sin,OVA,Manga,1,30,Rx - Hentai,5.48,1249,,10986,3287,10,,[],['Sonsan Kikaku'],"['Fantasy', 'Hentai']",['Military']
3146,,TV,Manga,13,25,PG-13 - Teens 13 or older,6.39,882,8827,9643,4892,6,2007,['Shounen'],['A.C.G.T.'],"['Adventure', 'Sci-Fi']","['Mecha', 'Military']"
3147,Daigo of Fire Company,Movie,Manga,1,42,PG-13 - Teens 13 or older,6.23,1313,9769,10896,3352,3,,['Shounen'],['Sunrise'],"['Action', 'Drama']","['Adult Cast', 'Workplace']"
3151,BASToF Syndrome,TV,Unknown,26,24,PG-13 - Teens 13 or older,6.05,410,10766,13267,1693,3,2001,[],['Dongwoo A&E'],"['Adventure', 'Sci-Fi']",['Mecha']
3152,Download: Devil's Circuit,OVA,Original,1,47,PG-13 - Teens 13 or older,6.21,2165,9861,8278,7242,10,,[],['Madhouse'],"['Action', 'Adventure', 'Sci-Fi']",['Psychological']
3153,,Movie,Unknown,1,111,PG-13 - Teens 13 or older,6.16,648,10133,12511,2155,1,,[],['Tatsunoko Production'],"['Action', 'Adventure', 'Sci-Fi']",[]
3154,,OVA,Original,3,47,PG-13 - Teens 13 or older,6.71,1806,6876,8523,6772,14,,[],['Tatsunoko Production'],"['Action', 'Adventure', 'Sci-Fi']","['Martial Arts', 'Super Power']"
3155,,Movie,Manga,1,21,G - All Ages,6.83,512,6110,14189,1327,0,,['Shoujo'],['Toei Animation'],['Comedy'],[]
3157,Guardian Hearts-Power UP!,OVA,Manga,4,17,R - 17+ (violence & profanity),6.11,1896,10414,9887,4549,1,,[],['Venet'],"['Action', 'Comedy', 'Fantasy', 'Romance', 'Ecchi']",['Harem']
3159,The Pumpkin Wine,TV,Manga,95,25,PG-13 - Teens 13 or older,7.28,1102,3461,9483,5147,20,1982,['Shounen'],['Toei Animation'],"['Comedy', 'Romance']",['School']
3160,After School Mania Club,OVA,Visual novel,2,28,Rx - Hentai,5.22,1424,,9974,4435,3,,[],['Himajin Planning'],['Hentai'],[]
3162,"Katri, Girl of the Meadows",TV,Novel,49,25,G - All Ages,7.25,1784,3655,9388,5295,22,1984,[],['Nippon Animation'],"['Adventure', 'Drama']",['Historical']
3164,,TV,Unknown,13,5,G - All Ages,6.29,163,9425,16381,762,0,2007,[],[],['Comedy'],['School']
3165,,TV Special,4-koma manga,2,24,PG-13 - Teens 13 or older,7.52,12177,2159,5311,22313,7,,[],['Shaft'],['Slice of Life'],"['CGDCT', 'Iyashikei', 'School', 'Visual Arts']"
3166,,TV,Visual novel,12,23,R - 17+ (violence & profanity),6.34,13122,9104,4627,30989,25,2008,[],['Tokyo Kids'],"['Action', 'Fantasy', 'Horror', 'Sci-Fi']","['Gore', 'Super Power']"
3167,Time of Eve,ONA,Original,6,18,PG-13 - Teens 13 or older,7.98,82417,782,1419,196547,1255,,[],['Studio Rikka'],"['Sci-Fi', 'Slice of Life']",[]
3171,Spa of Love,OVA,Visual novel,2,29,Rx - Hentai,6.45,1860,,9348,5362,12,,[],"['Kazuki Production', 'Studio March']",['Hentai'],[]
3174,,Special,Manga,2,24,PG-13 - Teens 13 or older,6.89,8710,5781,6036,15943,4,,[],['Nomad'],"['Comedy', 'Romance', 'Supernatural']",[]
3175,Undersea Super Train: Marine Express,Special,Unknown,1,91,PG-13 - Teens 13 or older,6.76,1240,6551,11924,2537,3,,[],['Tezuka Productions'],"['Action', 'Adventure', 'Comedy', 'Drama', 'Sci-Fi']",[]
3176,Gandalla: The King of Burning Desert,TV,Original,26,22,PG-13 - Teens 13 or older,5.66,321,12692,12095,2424,5,1998,[],['Ashi Productions'],"['Adventure', 'Drama', 'Fantasy', 'Horror', 'Sci-Fi']",['Music']
3178,Karura Mau Movie,Movie,Manga,1,78,R - 17+ (violence & profanity),6.37,1259,8954,11027,3254,4,,['Shoujo'],['Ginga Teikoku'],"['Action', 'Adventure', 'Horror', 'Supernatural']",['Mythology']
3180,,TV,Unknown,52,15,G - All Ages,6.04,169,10823,16786,699,1,1983,['Kids'],['Nippon Animation'],"['Comedy', 'Fantasy']",[]
3182,,TV,Manga,5,22,PG - Children,6.8,998,6312,11317,3000,3,2004,['Josei'],['Yumeta Company'],['Slice of Life'],['Pets']
3183,,Movie,Manga,1,52,PG-13 - Teens 13 or older,6.34,812,9126,12704,2031,0,,['Shounen'],['Gallop'],"['Action', 'Adventure', 'Drama', 'Sci-Fi']",['Space']
3185,Fortune Quest,TV,Novel,26,23,PG-13 - Teens 13 or older,7.21,954,3898,11215,3085,4,1997,[],['E&G Films'],"['Adventure', 'Comedy', 'Fantasy']",[]
3186,Swan Lake,Movie,Other,1,75,G - All Ages,6.9,1989,5726,9788,4673,21,,[],['Toei Animation'],"['Drama', 'Fantasy', 'Romance']",[]
3190,The Boy Who Carried a Guitar: Kikaider vs. Inazuman,Special,Unknown,1,28,PG-13 - Teens 13 or older,6.38,635,8883,13313,1675,2,,['Shounen'],"['Radix', 'Studio OX']",['Sci-Fi'],[]
3192,,Movie,Novel,1,81,R+ - Mild Nudity,6.36,1365,9036,10440,3832,6,,[],['Magic Bus'],"['Action', 'Adventure', 'Fantasy', 'Sci-Fi']",[]
3193,Monkey Typhoon,TV,Manga,52,23,PG-13 - Teens 13 or older,6.88,1518,5797,10071,4310,9,2002,['Shounen'],['Studio Egg'],"['Action', 'Adventure', 'Comedy', 'Sci-Fi']",[]
3194,Saban's Adventures of the Little Mermaid,TV,Unknown,26,22,G - All Ages,6.24,684,9711,12736,2009,3,1991,['Kids'],"['Telescreen', 'Teleimage']","['Drama', 'Fantasy', 'Romance']",[]
3196,,TV,Original,30,25,G - All Ages,7.11,1254,4577,10368,3939,11,1977,[],['Nippon Animation'],['Drama'],['Historical']
3199,Tico and Friends,TV,Original,39,23,G - All Ages,7.5,2628,2267,8295,7209,20,1994,[],['Nippon Animation'],"['Adventure', 'Slice of Life']",[]
3201,Serendipity the Pink Dragon,TV,Picture book,26,22,G - All Ages,7.16,725,4256,13609,1544,4,1983,['Kids'],[],['Fantasy'],[]
3202,,TV,Original,26,21,G - All Ages,6.37,1236,8941,10758,3498,8,1993,['Kids'],[],['Fantasy'],[]
3203,,Movie,Manga,1,93,G - All Ages,7.26,1179,3545,11672,2724,3,,['Shoujo'],['Nippon Animation'],['Comedy'],['School']
3205,Lemon Angel,TV,Other,37,3,R+ - Mild Nudity,5.82,1519,11896,9014,5929,6,1987,[],['AIC'],['Ecchi'],"['Idols (Female)', 'Music']"
3210,A Foreign Love Affair,OVA,Manga,2,27,R+ - Mild Nudity,6.9,25489,,3759,46802,120,,[],['PrimeTime'],"['Boys Love', 'Comedy', 'Erotica']",[]
3211,Weather Report Girl,OVA,Manga,2,42,Rx - Hentai,5.52,1371,,10316,4026,14,,[],['Pastel'],"['Comedy', 'Hentai']",[]
3213,,TV,Manga,35,23,PG-13 - Teens 13 or older,7.65,1131,1626,10500,3765,19,1980,['Shounen'],['Toei Animation'],"['Comedy', 'Sports']",['Combat Sports']
3214,,OVA,Original,1,47,G - All Ages,6.35,979,9065,12478,2174,1,,[],['J.C.Staff'],"['Action', 'Adventure']",['Super Power']
3215,Winter Days,Movie,Book,1,39,R+ - Mild Nudity,6.02,1701,10911,9515,5107,5,,[],[],['Award Winning'],['Historical']
3218,Saiyuki,OVA,Manga,2,30,PG-13 - Teens 13 or older,6.97,2104,5327,9020,5927,10,,['Shounen'],['Tokyo Kids'],"['Adventure', 'Supernatural']",['Mythology']
3219,,Special,Original,1,24,G - All Ages,7.05,3706,4860,8182,7519,3,,[],['ufotable'],"['Comedy', 'Sci-Fi']","['CGDCT', 'School']"
3220,Belladonna of Sadness,Movie,Book,1,87,R+ - Mild Nudity,7.2,19982,3975,3233,61104,882,,[],['Mushi Production'],"['Avant Garde', 'Drama']",['Historical']
3221,,Special,Light novel,1,5,PG-13 - Teens 13 or older,7.1,11108,4638,5072,24884,13,,[],['J.C.Staff'],"['Adventure', 'Comedy', 'Fantasy']",['Parody']
3222,,Movie,Original,1,80,PG-13 - Teens 13 or older,7.21,1735,3914,9313,5411,4,,[],"['Gonzo', 'asread.']",['Sci-Fi'],"['Mecha', 'Space', 'Super Power']"
3223,,Movie,Original,1,90,PG-13 - Teens 13 or older,7.24,1677,3714,9357,5338,6,,[],"['Gonzo', 'asread.']",['Sci-Fi'],"['Mecha', 'Space', 'Super Power']"
3225,,TV,Manga,13,24,PG-13 - Teens 13 or older,7.35,42220,3002,2839,76376,50,2008,['Seinen'],['asread.'],['Comedy'],"['CGDCT', 'School']"
3226,,TV,Manga,26,24,PG-13 - Teens 13 or older,8.2,43294,451,2994,70044,194,2008,['Shounen'],['SynergySP'],['Sports'],['Team Sports']
3227,,TV Special,Visual novel,1,60,PG-13 - Teens 13 or older,6.89,1512,5756,10094,4282,9,,[],['Yumeta Company'],"['Action', 'Fantasy']","['Historical', 'Isekai', 'Military', 'Time Travel']"
3228,,TV,Manga,13,23,R - 17+ (violence & profanity),7.89,62379,984,1876,140495,549,2008,['Shounen'],['Shaft'],['Comedy'],"['Gag Humor', 'Parody', 'School']"
3229,They Are My Noble Masters,TV,Visual novel,13,25,R+ - Mild Nudity,7.1,56163,4611,2043,125735,248,2008,[],['A.C.G.T.'],"['Comedy', 'Romance', 'Ecchi']","['Harem', 'Parody']"
3230,Tower of Druaga: The Aegis of Uruk,TV,Game,12,25,PG-13 - Teens 13 or older,7.14,53429,4340,2050,125484,230,2008,[],['Gonzo'],"['Action', 'Adventure', 'Fantasy']",[]
3231,Gunslinger Girl: II Teatrino,TV,Manga,13,25,R - 17+ (violence & profanity),7.16,30062,4230,3126,64917,119,2008,[],['Artland'],"['Action', 'Drama', 'Sci-Fi']",['Military']
3232,,Special,Manga,2,23,PG-13 - Teens 13 or older,6.59,1093,7595,11786,2634,1,,['Seinen'],['Ashi Productions'],"['Adventure', 'Comedy', 'Sci-Fi']",['Mecha']
3234,,Special,Manga,1,24,R - 17+ (violence & profanity),6.26,2448,9564,8818,6207,6,,['Seinen'],['Ishimori Entertainment'],"['Action', 'Sci-Fi']",[]
3235,Ambassador Magma,OVA,Manga,13,24,PG-13 - Teens 13 or older,6.54,723,7943,12814,1947,0,,['Shounen'],['Tezuka Productions'],"['Action', 'Sci-Fi']","['Space', 'Super Power']"
3239,,OVA,Original,38,26,Rx - Hentai,6.21,1664,,7647,8902,38,,[],"['AIC', 'APPP']","['Comedy', 'Fantasy', 'Sci-Fi', 'Hentai']",['Parody']
3243,,TV,4-koma manga,13,5,G - All Ages,,,16440,19037,463,0,2007,['Seinen'],['Zuiyo'],['Comedy'],[]
3245,Kindaichi Case Files Special,TV Special,Manga,2,48,PG-13 - Teens 13 or older,7.37,1278,2892,10979,3290,7,,['Shounen'],['Toei Animation'],['Mystery'],[]
3247,Love Hina Final Selection,OVA,Manga,1,28,PG-13 - Teens 13 or older,7.16,15834,4237,4444,33844,27,,['Shounen'],['Xebec'],"['Comedy', 'Romance', 'Ecchi']",['Harem']
3248,Ghost Slayers Ayashi: Inferno,Special,Original,5,24,PG-13 - Teens 13 or older,6.75,1094,6637,11030,3250,1,,[],['Bones'],"['Action', 'Drama', 'Supernatural']",['Historical']
3250,Elfen Laid,OVA,Original,2,26,Rx - Hentai,5.76,2113,,9110,5726,13,,[],['Y.O.U.C'],['Hentai'],[]
3251,Master Hamsters,TV,Original,50,25,PG - Children,6.09,147,10531,16400,759,1,2007,['Kids'],['Toei Animation'],['Action'],[]
3252,Protectors of Universe,Movie,Original,1,70,PG - Children,4.8,420,14559,14494,1231,1,,[],[],['Sci-Fi'],['Mecha']
3254,Luv Wave,OVA,Visual novel,3,27,Rx - Hentai,5.89,1246,,10377,3929,5,,[],['Triple X'],"['Action', 'Drama', 'Horror', 'Mystery', 'Sci-Fi', 'Hentai']",['Detective']
3256,Armored Trooper Votoms: Pailsen Files,OVA,Original,12,25,R - 17+ (violence & profanity),7.37,2682,2907,8708,6397,9,,[],['The Answer Studio'],['Sci-Fi'],"['Mecha', 'Military', 'Space']"
3258,Lily C.A.T.,OVA,Original,1,67,R+ - Mild Nudity,6.09,5171,10538,6526,13078,12,,[],['Studio Pierrot'],"['Horror', 'Sci-Fi']",['Space']
3259,Lemon Angel (1988),TV,Other,9,3,R+ - Mild Nudity,6.19,830,9975,11395,2933,2,1988,[],['AIC'],['Ecchi'],[]
3264,Lemon Angel (1988/II),TV,Other,8,3,R+ - Mild Nudity,6.05,649,10778,12035,2468,0,1988,[],['AIC'],['Ecchi'],[]
3265,,TV Special,Original,3,11,PG-13 - Teens 13 or older,6.59,2474,7632,8816,6212,7,,[],['HAL Film Maker'],"['Drama', 'Mystery', 'Romance']","['Anthropomorphic', 'Love Polygon', 'Mahou Shoujo', 'Performing Arts']"
3266,,Special,Manga,1,15,PG-13 - Teens 13 or older,6.89,9790,5732,5641,19007,14,,['Seinen'],['J.C.Staff'],"['Comedy', 'Drama', 'Romance', 'Ecchi']",[]
3267,,OVA,Game,4,29,PG-13 - Teens 13 or older,5.13,253,14145,13734,1487,1,,[],[],['Fantasy'],[]
3268,My-Otome 0: S.ifr,OVA,Original,3,27,R+ - Mild Nudity,7.38,7719,2847,6106,15505,26,,[],['Sunrise'],['Sci-Fi'],[]
3269,.hack//G.U. Trilogy,Movie,Game,1,93,PG-13 - Teens 13 or older,7.11,15790,4517,4371,35037,106,,[],['CyberConnect2'],"['Action', 'Fantasy']",['Video Game']
3270,IGPX: Immortal Grand Prix,TV,Original,13,23,PG-13 - Teens 13 or older,7.1,9175,4606,5241,22928,92,2005,[],['Production I.G'],"['Drama', 'Sci-Fi']","['Mecha', 'Racing']"
3271,Daigunder,TV,Original,39,24,PG - Children,7.02,2349,5027,10071,4314,25,2002,[],"[""Brain's Base""]","['Adventure', 'Sci-Fi']",['Mecha']
3272,,TV,Manga,137,24,PG-13 - Teens 13 or older,7.49,5140,2294,6075,15695,109,1983,['Shounen'],['Toei Animation'],"['Comedy', 'Sports']",['Combat Sports']
3273,,Movie,Manga,1,48,PG-13 - Teens 13 or older,6.82,872,6184,12184,2345,2,,['Shounen'],['Toei Animation'],"['Comedy', 'Sports']",['Combat Sports']
3274,,Movie,Manga,1,48,PG-13 - Teens 13 or older,6.82,706,6180,13062,1795,0,,['Shounen'],['Toei Animation'],"['Comedy', 'Sports']",['Combat Sports']
3275,,Movie,Manga,1,45,PG-13 - Teens 13 or older,6.92,646,5586,13416,1631,0,,['Shounen'],['Toei Animation'],"['Comedy', 'Sports']",[]
3276,,Movie,Manga,1,38,PG-13 - Teens 13 or older,6.34,420,9120,13427,1627,0,,['Shounen'],['Toei Animation'],"['Comedy', 'Sports']",['Combat Sports']
3277,,Movie,Manga,1,60,PG-13 - Teens 13 or older,6.95,614,5438,13646,1530,1,,['Shounen'],['Toei Animation'],"['Comedy', 'Sports']",['Combat Sports']
3278,,Movie,Manga,1,45,PG-13 - Teens 13 or older,7.01,638,5103,13479,1598,1,,['Shounen'],['Toei Animation'],"['Comedy', 'Sports']",['Combat Sports']
3279,,Movie,Manga,1,50,PG-13 - Teens 13 or older,7.09,570,4667,13831,1455,1,,['Shounen'],['Toei Animation'],"['Comedy', 'Sports']",['Combat Sports']
3280,,TV Special,Manga,1,72,PG-13 - Teens 13 or older,6.92,732,5586,13158,1751,0,,['Shounen'],['Toei Animation'],"['Comedy', 'Sports']",['Combat Sports']
3281,,TV,Manga,46,24,PG-13 - Teens 13 or older,7.42,2133,2636,9369,5325,21,1991,['Shounen'],['Toei Animation'],"['Comedy', 'Sports']",['Combat Sports']
3285,Secrets of Akko-chan,TV,Manga,94,24,G - All Ages,7.06,1328,4813,9905,4520,10,1969,['Shoujo'],['Toei Animation'],['Comedy'],"['Mahou Shoujo', 'School']"
3286,Do You Know the Milfing Man?,OVA,Visual novel,2,25,Rx - Hentai,6.83,3941,,7385,9708,49,,[],['Dream Entertainment'],['Hentai'],[]
3287,Skelter Heaven,OVA,Visual novel,1,19,PG-13 - Teens 13 or older,1.89,30050,14996,3967,42649,123,,[],['Idea Factory'],['Sci-Fi'],['Mecha']
3288,Gundam Evolve,OVA,Original,15,7,PG-13 - Teens 13 or older,6.5,4823,8169,6596,12783,11,,[],['Sunrise'],['Sci-Fi'],"['Mecha', 'Military', 'Space']"
3290,Vampiyan Kids,TV,Original,23,23,G - All Ages,5.99,233,11071,14151,1339,2,2001,['Kids'],"['Production I.G', 'Xebec', 'Trans Arts']","['Comedy', 'Fantasy']",[]
3292,,Special,4-koma manga,6,10,PG-13 - Teens 13 or older,7.32,2379,3200,9688,4823,2,,['Seinen'],['J.C.Staff'],['Comedy'],['School']
3294,Combining Squadron Mechander Robo,TV,Unknown,35,23,PG-13 - Teens 13 or older,6.89,619,5743,13238,1709,0,1977,[],['Wako Production'],"['Mystery', 'Sci-Fi']","['Mecha', 'Military', 'Space']"
3295,,TV,Original,60,25,G - All Ages,6.54,1465,7965,9257,5503,11,2008,[],['Tatsunoko Production'],"['Adventure', 'Comedy']",['Parody']
3297,Aria the Origination,TV,Manga,13,24,G - All Ages,8.49,35182,170,1850,142569,4298,2008,['Shounen'],['HAL Film Maker'],"['Sci-Fi', 'Slice of Life']",['Iyashikei']
3298,Hatenkou Yugi,TV,Manga,10,24,PG-13 - Teens 13 or older,7.12,16675,4474,4102,39764,172,2008,['Josei'],['Studio Deen'],"['Adventure', 'Drama', 'Fantasy', 'Romance']",[]
3299,H2O: Footprints in the Sand,TV,Visual novel,12,24,PG-13 - Teens 13 or older,7.0,49635,5155,2387,101186,396,2008,[],['Zexcs'],"['Drama', 'Romance', 'Supernatural']","['Harem', 'School']"
3300,Romance is in the Flash of the Sword II,OVA,Visual novel,6,29,Rx - Hentai,6.13,732,,11874,2570,5,,[],"['Arms', 'Triple X']","['Action', 'Comedy', 'Fantasy', 'Hentai']",[]
3301,Magical Kanan,OVA,Visual novel,4,28,Rx - Hentai,6.17,1047,,10875,3380,2,,[],['Arms'],['Hentai'],['School']
3302,Oh My Sex Goddess,OVA,Visual novel,3,35,Rx - Hentai,6.48,3094,,7704,8729,9,,[],[],"['Supernatural', 'Hentai']",[]
3303,My Sex Tutor,OVA,Visual novel,4,27,Rx - Hentai,6.21,1169,,10879,3374,10,,[],['Shura'],['Hentai'],['School']
3305,,TV,Original,40,25,PG-13 - Teens 13 or older,7.38,1806,2851,9633,4912,17,1978,[],['Sunrise'],['Sci-Fi'],['Mecha']
3306,,OVA,Manga,1,47,R+ - Mild Nudity,4.66,2072,14688,9922,4505,10,,['Seinen'],['Artland'],"['Drama', 'Romance']",[]
3307,Arisa,OVA,Visual novel,2,27,Rx - Hentai,6.05,2470,,8936,6036,14,,[],['Enzo Animation'],['Hentai'],['Mecha']
3308,Heartwork: Love Guns,OVA,Visual novel,3,30,Rx - Hentai,6.22,1823,,9177,5629,20,,[],['Kyushu Network Animation'],"['Action', 'Hentai']",[]
3309,House of 100 Tongues,OVA,Visual novel,1,27,Rx - Hentai,5.27,1018,,11376,2949,6,,[],['Studio Dolphin Night'],"['Mystery', 'Hentai']",['Historical']
3312,,TV,Manga,74,25,PG-13 - Teens 13 or older,7.02,8284,5034,5504,20256,57,1997,['Shounen'],['Toei Animation'],"['Comedy', 'Sci-Fi']",['Gag Humor']
3313,,TV,Original,52,23,G - All Ages,6.87,749,5884,12173,2357,6,1994,[],['Studio Junio'],"['Adventure', 'Comedy', 'Mystery']",['Historical']
3315,,TV,Original,37,22,PG-13 - Teens 13 or older,7.19,642,4034,12497,2164,1,1991,[],['Sunrise'],['Sci-Fi'],['Mecha']
3317,,TV,Picture book,77,24,PG - Children,7.52,865,2184,12192,2343,10,1986,[],['Nippon Animation'],"['Adventure', 'Sci-Fi']",[]
3318,Rumbling Hearts OVA,OVA,Visual novel,4,29,PG-13 - Teens 13 or older,6.96,16118,5366,4628,30988,34,,[],"[""Brain's Base""]","['Drama', 'Romance']",['Love Polygon']
3320,Fashion Lala: The Story of the Harbour Light,OVA,Original,1,48,PG-13 - Teens 13 or older,5.88,1308,11605,11258,3052,1,,[],['Studio Pierrot'],['Drama'],['Visual Arts']
3322,Our Home's Fox Deity,TV,Light novel,24,24,PG-13 - Teens 13 or older,7.18,12400,4129,4421,34227,84,2008,[],['Zexcs'],"['Comedy', 'Supernatural']","['Magical Sex Shift', 'Mythology']"
3323,,OVA,Original,1,58,R+ - Mild Nudity,6.24,16690,9694,4173,38476,73,,[],['Arms'],"['Action', 'Drama', 'Sci-Fi']",['Gore']
3324,Discode,OVA,Visual novel,3,19,Rx - Hentai,6.25,3622,,7580,9075,39,,[],['Studio 9 Maiami'],['Hentai'],[]
3325,The Brave Fighter Exkizer,TV,Original,48,24,G - All Ages,7.18,1271,4136,10218,4139,13,1990,[],['Sunrise'],['Sci-Fi'],['Mecha']
3326,Franz Kafka's A Country Doctor,Movie,Other,1,20,PG-13 - Teens 13 or older,6.65,10441,7263,5005,25718,76,,[],"['Imagica', 'Yamamura Animation']","['Avant Garde', 'Award Winning', 'Drama']","['Historical', 'Psychological']"
3327,Giant Gorg,TV,Original,26,25,PG-13 - Teens 13 or older,7.66,2091,1590,7893,8187,28,1984,[],['Sunrise'],"['Adventure', 'Sci-Fi']",['Mecha']
3328,,OVA,Visual novel,1,24,R+ - Mild Nudity,5.52,25724,13197,3762,46667,27,,[],['TNK'],"['Comedy', 'Ecchi']","['Mahou Shoujo', 'Parody']"
3329,,OVA,Visual novel,5,29,Rx - Hentai,5.89,875,,10554,3697,3,,[],['Studio Jam'],"['Adventure', 'Comedy', 'Fantasy', 'Hentai']",[]
3332,,TV,Manga,35,24,R+ - Mild Nudity,7.17,2839,4192,6425,13578,93,1983,['Shounen'],['Toei Animation'],"['Comedy', 'Romance']","['Crossdressing', 'Gag Humor', 'Organized Crime']"
3334,Horny Ladies And The News,OVA,Visual novel,2,27,Rx - Hentai,5.65,976,,11081,3198,4,,[],['Y.O.U.C'],['Hentai'],[]
3335,Smart-san,TV,Manga,42,24,PG-13 - Teens 13 or older,7.53,1468,2114,7697,8746,31,1978,['Shoujo'],['Nippon Animation'],"['Drama', 'Romance']",['Historical']
3336,Open Your Mind,OVA,Other,1,35,PG-13 - Teens 13 or older,5.8,1400,12023,10163,4200,3,,[],[],['Fantasy'],[]
3342,Rin: Daughters of Mnemosyne,TV,Original,6,45,R+ - Mild Nudity,7.24,77550,3725,1385,201774,1244,2008,[],['Xebec'],"['Action', 'Girls Love', 'Horror', 'Sci-Fi', 'Supernatural']","['Adult Cast', 'Gore']"
3345,,TV,Manga,30,23,G - All Ages,7.18,958,4099,10543,3715,31,1992,['Shoujo'],['Nippon Animation'],"['Fantasy', 'Slice of Life']",['Pets']
3349,Kiddy Girl-AND,TV,Original,24,25,PG-13 - Teens 13 or older,6.92,6979,5590,5610,19344,35,2009,[],['Satelight'],"['Action', 'Comedy', 'Sci-Fi']",['Super Power']
3350,,OVA,Manga,4,13,Rx - Hentai,6.13,1798,,9580,4996,12,,[],['Schoolzone'],['Hentai'],[]
3352,Gurren Lagann: There are Some Things I Just Have to See!!,Special,Original,1,24,PG-13 - Teens 13 or older,7.34,20692,3078,3760,46753,36,,[],['Gainax'],"['Adventure', 'Comedy', 'Sci-Fi']",['Mecha']
3354,Zombie-Loan,Special,Manga,2,23,PG-13 - Teens 13 or older,6.96,15565,5402,4687,30053,18,,['Shounen'],['XEBEC M2'],"['Action', 'Horror', 'Supernatural']",[]
3355,,TV,Original,39,25,,7.21,608,3896,12889,1896,5,2002,[],['Vega Entertainment'],['Adventure'],['Pets']
3356,Sally the Witch,TV,Manga,109,25,G - All Ages,7.16,1804,4237,9049,5849,19,1967,['Shoujo'],['Toei Animation'],[],"['Mahou Shoujo', 'School']"
3358,Kurenai,TV,Light novel,12,25,PG-13 - Teens 13 or older,7.35,38564,2997,2495,94079,226,2008,[],"[""Brain's Base""]","['Comedy', 'Drama']",['Childcare']
3359,Amatsuki,TV,Manga,13,23,PG-13 - Teens 13 or older,6.88,26848,5797,3266,59642,123,2008,['Josei'],['Studio Deen'],"['Action', 'Supernatural']","['Historical', 'Mythology', 'Time Travel']"
3361,,TV,Original,26,24,PG-13 - Teens 13 or older,6.8,744,6332,12995,1843,4,1976,[],"['Eiken', 'Studio Live']",['Sci-Fi'],['Mecha']
3362,Fashionable Witches Love and Berry: Magic of Happiness,Movie,Game,1,51,PG - Children,5.42,230,13480,14303,1291,2,,[],['TMS Entertainment'],[],"['Idols (Female)', 'Music']"
3363,Real Drive,TV,Original,26,22,R - 17+ (violence & profanity),7.19,6861,4046,4582,31571,62,2008,[],['Production I.G'],"['Action', 'Sci-Fi']",[]
3366,Persona: Trinity Soul,TV,Original,26,23,PG-13 - Teens 13 or older,6.53,27415,8014,2598,87906,168,2008,[],['A-1 Pictures'],"['Action', 'Mystery', 'Sci-Fi', 'Supernatural']",['Super Power']
3367,"Japan, Our Homeland",Movie,Original,1,96,G - All Ages,6.69,975,7003,11247,3058,2,,[],['WAO World'],['Drama'],"['Historical', 'Music']"
3369,,TV,Manga,20,23,R - 17+ (violence & profanity),7.62,4081,1749,6737,12124,77,2000,['Shounen'],['Toei Animation'],[],"['Historical', 'Strategy Game']"
3370,Teacher's Pet,OVA,Visual novel,2,27,Rx - Hentai,6.0,896,,11754,2670,3,,[],"['Arms', 'Triple X']",['Hentai'],[]
3371,Legend of the Galactic Heroes Gaiden,OVA,Novel,24,26,R+ - Mild Nudity,8.13,9900,548,4898,27114,72,,[],['K-Factory'],"['Action', 'Drama', 'Sci-Fi']","['Military', 'Space']"
3372,RGB Adventure,TV,Unknown,6,20,G - All Ages,,,19853,18650,494,0,2006,[],['ACC Production'],['Adventure'],[]
3375,,OVA,Manga,2,29,R+ - Mild Nudity,6.55,31148,,3394,55707,135,,[],['PrimeTime'],"['Boys Love', 'Comedy', 'Drama', 'Erotica']",[]
3377,Holy Virgins,OVA,Visual novel,2,31,Rx - Hentai,5.47,749,,12181,2347,2,,[],['Y.O.U.C'],['Hentai'],[]
3378,Leatherman,OVA,Manga,5,25,Rx - Hentai,5.97,715,,12240,2318,5,,[],['Aiti St.'],['Hentai'],[]
3379,,OVA,Visual novel,3,30,Rx - Hentai,5.88,791,,11718,2689,4,,[],[],['Hentai'],[]
3380,,OVA,Unknown,2,29,Rx - Hentai,5.56,811,,11838,2597,2,,[],['Y.O.U.C'],['Hentai'],[]
3381,Nadia: Secret of Blue Water Specials,Special,Original,10,4,PG-13 - Teens 13 or older,6.49,1502,8217,9429,5229,5,,[],['Gainax'],"['Adventure', 'Sci-Fi']",[]
3382,Punishment,OVA,Visual novel,2,30,Rx - Hentai,5.88,1294,,10185,4181,7,,[],['Y.O.U.C'],['Hentai'],[]
3383,,OVA,Unknown,1,45,Rx - Hentai,5.5,753,,12458,2186,2,,[],['Triple X'],['Hentai'],[]
3384,Secret Desires,OVA,Visual novel,3,28,Rx - Hentai,5.61,671,,12235,2321,4,,[],['Studio Jam'],['Hentai'],[]
3385,Slave Market,OVA,Visual novel,3,28,Rx - Hentai,6.11,1566,,9824,4628,14,,[],[],['Hentai'],[]
3388,,TV,Original,72,25,PG-13 - Teens 13 or older,7.2,1249,3990,9871,4571,8,1974,[],['Toei Animation'],[],['Mahou Shoujo']
3389,,TV,Manga,3,23,PG-13 - Teens 13 or older,6.46,15659,8390,4723,29430,49,2008,['Shounen'],['Anpro'],"['Action', 'Drama', 'Mystery']",['Strategy Game']
3390,,OVA,Original,3,29,PG-13 - Teens 13 or older,5.71,1172,12416,10353,3962,6,,[],['Studio Hibari'],"['Adventure', 'Fantasy', 'Sci-Fi']",[]
3391,Miss Machiko,TV,Manga,95,24,R+ - Mild Nudity,6.14,856,10271,9550,5032,12,1981,[],['Studio Pierrot'],"['Comedy', 'Ecchi']",['School']
3392,,Special,Visual novel,1,29,G - All Ages,7.44,13072,2542,5192,23506,78,,['Josei'],['Yumeta Company'],['Romance'],"['Music', 'Reverse Harem', 'School']"
3393,Dark,OVA,Visual novel,2,31,Rx - Hentai,5.52,956,,11012,3265,10,,[],['Y.O.U.C'],['Hentai'],[]
3394,Kimagure Orange Road TV Pilot,OVA,Manga,1,24,PG-13 - Teens 13 or older,6.49,2056,8229,9417,5245,6,,['Shounen'],['Studio Pierrot'],"['Drama', 'Romance']",[]
3396,Gloria,OVA,Visual novel,3,27,Rx - Hentai,5.64,695,,12826,1942,1,,[],['Triple X'],"['Drama', 'Mystery', 'Hentai']",[]
3398,Hurricane Polymar: Holy Blood,OVA,Original,2,30,R+ - Mild Nudity,6.08,1237,10615,10708,3533,7,,[],"['J.C.Staff', 'Tatsunoko Production']","['Action', 'Sci-Fi']","['Martial Arts', 'Super Power']"
3399,God Mars,TV,Manga,64,24,PG-13 - Teens 13 or older,6.99,1067,5214,10520,3736,2,1981,[],"['Tokyo Movie Shinsha', 'Studio Cockpit']",['Sci-Fi'],"['Mecha', 'Space']"
3401,A Traveller's Diary Specials,Special,Original,3,4,G - All Ages,6.29,5120,9407,7842,8314,5,,[],[],"['Adventure', 'Fantasy']",[]
3402,Sexy Sailor Soldiers,OVA,Manga,1,27,Rx - Hentai,5.5,1267,,10747,3504,9,,[],['APPP'],"['Action', 'Comedy', 'Hentai']",['Super Power']
3403,Women at Work,OVA,Visual novel,2,26,Rx - Hentai,6.36,4047,,7870,8250,43,,[],['Anime Antenna Iinkai'],['Hentai'],[]
3406,,Special,Original,9,5,R+ - Mild Nudity,5.88,906,11608,10170,4189,1,,[],['Sunrise'],"['Comedy', 'Sci-Fi']",['Mecha']
3407,Blassreiter,TV,Original,24,23,R - 17+ (violence & profanity),6.89,30518,5738,2655,85770,221,2008,[],['Gonzo'],"['Drama', 'Sci-Fi']",['Mecha']
3410,,Special,Original,9,4,G - All Ages,6.52,1705,8071,10140,4220,1,,[],['J.C.Staff'],"['Comedy', 'Sci-Fi']","['Mecha', 'Military']"
3411,Family of Debauchery,OVA,Manga,2,28,Rx - Hentai,5.72,1489,,10193,4171,13,,[],[],['Hentai'],['Psychological']
3414,,TV,Original,78,3,G - All Ages,,,17315,18518,504,1,2006,[],['Office AO'],['Comedy'],[]
3417,,OVA,Manga,4,26,R+ - Mild Nudity,6.3,2448,9403,8764,6292,10,,[],['Chaos Project'],"['Comedy', 'Ecchi']",[]
3418,,TV,Manga,50,24,R+ - Mild Nudity,7.48,1088,2340,10341,3974,16,1993,['Shounen'],['Group TAC'],"['Action', 'Comedy']","['Gag Humor', 'Parody']"
3419,Sumomomo Momomo: The World's Strongest Bride Specials,Special,Manga,2,23,PG-13 - Teens 13 or older,6.85,5972,6019,6479,13300,8,,['Seinen'],['Studio Hibari'],"['Action', 'Comedy', 'Romance', 'Ecchi']",['Martial Arts']
3420,Shigofumi: Letters from the Departed,TV,Original,12,23,R - 17+ (violence & profanity),7.48,33551,2356,2412,98909,369,2008,[],['J.C.Staff'],"['Drama', 'Fantasy', 'Suspense']",['Psychological']
3421,,OVA,Manga,1,30,PG - Children,7.11,2680,4542,8186,7507,33,,['Shoujo'],['J.C.Staff'],"['Comedy', 'Drama', 'Romance']","['Love Polygon', 'School', 'Showbiz']"
3422,Like Mother Like Daughter,OVA,Original,2,26,Rx - Hentai,5.93,2200,,9041,5866,8,,[],['Y.O.U.C'],['Hentai'],[]
3424,The Orphans of Simitra,TV,Novel,52,24,G - All Ages,6.88,672,5836,10454,3820,6,2008,[],['Nippon Animation'],['Drama'],['Historical']
3425,,TV,Novel,25,25,G - All Ages,7.21,783,3923,12024,2474,2,1996,['Kids'],['Nippon Animation'],"['Adventure', 'Slice of Life']",['Pets']
3427,,OVA,Original,4,24,Rx - Hentai,6.08,1159,,10422,3854,4,,[],['AIC'],"['Horror', 'Supernatural', 'Hentai']",[]
3428,Spy of Darkness,OVA,Unknown,1,43,Rx - Hentai,5.51,656,,12680,2045,4,,[],['PP Project'],"['Horror', 'Hentai']",[]
3429,,Special,Manga,1,4,PG-13 - Teens 13 or older,5.3,4198,13799,7258,10157,5,,[],['Group TAC'],['Sci-Fi'],['Mecha']
3430,,OVA,Manga,2,4,PG-13 - Teens 13 or older,5.32,5014,13754,6672,12420,7,,[],['Production I.G'],['Sci-Fi'],['Mecha']
3432,Super Demon Hero Wataru,TV,Original,51,24,G - All Ages,7.46,1000,2437,11715,2688,11,1997,[],['Sunrise'],"['Adventure', 'Comedy']",['Mecha']
3433,Battle Ball,TV,Manga,32,24,G - All Ages,7.35,661,2987,13398,1637,3,1986,[],['Toei Animation'],"['Sci-Fi', 'Sports']",['Team Sports']
3434,Bumpety Boo,TV,Unknown,130,10,PG - Children,6.58,1041,7685,12751,2002,5,1985,['Kids'],['Nippon Animation'],['Adventure'],[]
3435,Angie Girl,TV,Original,26,24,PG-13 - Teens 13 or older,6.83,571,6105,12647,2064,9,1978,[],"['Nippon Animation', 'Ashi Productions']",['Mystery'],['Historical']
3436,The Many Dream Journeys of Meme,TV,Unknown,127,25,PG - Children,6.72,345,6819,13813,1458,3,1983,['Kids'],['Nippon Animation'],"['Adventure', 'Sci-Fi']",['Educational']
3437,,TV,Manga,99,24,G - All Ages,7.47,1618,2400,8943,6028,13,1987,['Shounen'],['Sunrise'],"['Comedy', 'Gourmet']",[]
3438,Top Striker,TV,Original,49,24,G - All Ages,6.87,2725,5882,9433,5222,17,1991,[],['Nippon Animation'],['Sports'],['Team Sports']
3439,DARCROWS,OVA,Visual novel,2,27,Rx - Hentai,5.73,1156,,10819,3440,7,,[],['Shura'],['Hentai'],[]
3442,Karakuri Ninja Girl,OVA,Manga,2,28,Rx - Hentai,6.11,1012,,11315,3001,6,,[],['Dangun Pictures'],['Hentai'],[]
3444,,TV,Other,50,25,PG-13 - Teens 13 or older,6.66,1184,7229,10006,4399,14,1979,[],['Sunrise'],"['Action', 'Sci-Fi']","['Space', 'Super Power']"
3446,Resident Evil: Degeneration,Movie,Game,1,96,R - 17+ (violence & profanity),6.91,26424,5630,4128,39465,50,,[],['Digital Frontier'],"['Action', 'Horror', 'Sci-Fi']",[]
3447,Ghost in the Shell: Stand Alone Complex - Solid State Society: Uchikomatic Days,Special,Manga,1,4,PG - Children,6.86,4948,5936,6499,13234,13,,[],['Production I.G'],['Comedy'],[]
3448,Mad Bull 34,OVA,Manga,4,47,R+ - Mild Nudity,6.41,5280,8732,6300,14283,74,,['Seinen'],['Magic Bus'],['Action'],"['Adult Cast', 'Gore']"
3449,The Goddess is a Middle School Student,Special,Original,4,27,PG - Children,7.49,6996,2292,6608,12752,3,,[],"[""Brain's Base""]","['Slice of Life', 'Supernatural']","['Iyashikei', 'Mythology', 'School']"
3451,The Wonderful Galaxy of Oz,TV,Unknown,26,25,PG - Children,6.02,165,10936,16694,713,0,1992,[],['E&G Films'],"['Adventure', 'Sci-Fi']",[]
3452,Hot Juicy Teacher,OVA,Visual novel,3,28,Rx - Hentai,5.94,1171,,10497,3771,1,,[],['Dream Entertainment'],['Hentai'],[]
3454,Slave Doll - Maid to Order,OVA,Unknown,3,30,Rx - Hentai,5.52,1164,,10276,4077,5,,[],['M&M'],['Hentai'],[]
3455,To Love Ru,TV,Manga,26,24,R+ - Mild Nudity,6.97,339588,5331,353,683794,4340,2008,['Shounen'],['Xebec'],"['Comedy', 'Romance', 'Sci-Fi', 'Ecchi']","['Harem', 'School']"
3456,,ONA,Original,1,10,PG-13 - Teens 13 or older,6.8,18775,6276,4416,34325,26,,[],['AIC'],['Girls Love'],['School']
3457,Vampire Knight,TV,Manga,13,24,PG-13 - Teens 13 or older,6.84,368747,6083,390,637432,7500,2008,['Shoujo'],['Studio Deen'],"['Drama', 'Mystery', 'Romance', 'Supernatural']","['Love Polygon', 'School', 'Vampire']"
3458,Pi Po Pa Po Patrol,TV,Unknown,65,5,G - All Ages,5.62,252,12840,15658,914,0,2001,['Kids'],['Toei Animation'],['Comedy'],['Racing']
3460,Bosco Adventure,TV,Book,26,25,PG - Children,7.44,1168,2523,11705,2697,13,1986,['Kids'],['Nippon Animation'],"['Adventure', 'Fantasy']",[]
3461,Ellcia,OVA,Original,4,41,PG-13 - Teens 13 or older,6.46,1331,8401,10584,3663,2,,[],['J.C.Staff'],"['Adventure', 'Fantasy']",[]
3462,Minky Momo in the Bridge Over Dreams,OVA,Original,1,38,G - All Ages,7.37,1474,2895,10636,3610,16,,[],['Asahi Production'],['Drama'],['Mahou Shoujo']
3463,A.LI.CE,Movie,Original,1,85,PG-13 - Teens 13 or older,4.62,855,14713,11593,2781,4,,[],[],['Sci-Fi'],[]
3464,,TV,Manga,12,24,PG-13 - Teens 13 or older,6.57,18027,7745,3851,44884,60,2008,['Shounen'],['HAL Film Maker'],"['Action', 'Comedy', 'Romance', 'Sci-Fi', 'Ecchi']",['School']
3465,Nagasaki 1945 ~ The Angelus Bells,Movie,Book,1,82,PG-13 - Teens 13 or older,6.74,397,6690,13065,1790,1,,[],['Mushi Production'],['Drama'],"['Historical', 'Medical', 'Military']"
3466,Kino's Journey: Tower Country,Special,Light novel,1,14,PG-13 - Teens 13 or older,7.56,20927,1978,4029,41472,28,,[],['A.C.G.T.'],"['Adventure', 'Drama', 'Fantasy']",['Psychological']
3467,Haruka Nogizaka's Secret,TV,Light novel,12,25,PG-13 - Teens 13 or older,7.2,70028,3988,1879,140255,454,2008,[],['Diomedéa'],"['Comedy', 'Romance']","['Otaku Culture', 'School']"
3468,Maria Watches Over Us,Special,Light novel,7,1,PG - Children,7.27,4895,3511,7146,10527,7,,['Shoujo'],['Studio Deen'],"['Comedy', 'Girls Love']",['School']
3469,Maria Watches Over Us: Printemps,Special,Light novel,6,1,PG - Children,7.24,4257,3725,7452,9477,4,,['Shoujo'],['Studio Deen'],"['Drama', 'Girls Love']",['School']
3470,Special A (S.A),TV,Manga,24,24,PG-13 - Teens 13 or older,7.5,193453,2274,707,385618,2821,2008,['Shoujo'],"['Gonzo', 'AIC']","['Comedy', 'Romance']",['School']
3472,Pictures at an Exhibition,Movie,Original,1,32,PG-13 - Teens 13 or older,6.08,1250,10623,11501,2849,4,,[],['Mushi Production'],"['Award Winning', 'Comedy']",[]
3473,The Genesis,Movie,Unknown,1,4,PG - Children,5.39,1085,13595,12551,2131,1,,[],[],['Comedy'],['Parody']
3474,Push,Special,Original,1,4,PG-13 - Teens 13 or older,6.17,1564,10099,11808,2619,1,,[],['Tezuka Productions'],['Comedy'],['Parody']
3475,Muramasa,Movie,Original,1,8,PG-13 - Teens 13 or older,6.15,2992,10208,8724,6373,5,,[],[],"['Action', 'Horror']","['Historical', 'Martial Arts', 'Samurai']"
3478,,OVA,Visual novel,2,29,Rx - Hentai,6.86,3889,,7275,10106,39,,[],['T-Rex'],['Hentai'],[]
3479,,OVA,Visual novel,4,28,Rx - Hentai,6.92,9610,,5188,23563,342,,[],['Anime Antenna Iinkai'],"['Supernatural', 'Hentai']",[]
3480,Nayuta,OVA,Manga,1,79,R+ - Mild Nudity,6.16,1145,10143,11405,2919,4,,['Shoujo'],['Circus Production'],"['Action', 'Sci-Fi']",[]
3481,,Movie,Manga,1,31,PG-13 - Teens 13 or older,6.61,1475,7496,10998,3278,2,,['Shounen'],['Toei Animation'],['Sci-Fi'],['Mecha']
3482,,OVA,Unknown,2,50,R+ - Mild Nudity,5.99,852,11053,11830,2599,2,,[],['Toei Animation'],"['Comedy', 'Sports']","['Delinquents', 'School', 'Team Sports', 'Workplace']"
3483,,OVA,Manga,1,90,PG-13 - Teens 13 or older,6.92,1416,5599,10198,4162,4,,['Seinen'],['Studio Deen'],"['Comedy', 'Drama', 'Romance']",['Adult Cast']
3484,"Maison Ikkoku: Prelude, When the Cherry Blossoms in the Springtime Return",Special,Manga,1,27,PG-13 - Teens 13 or older,6.85,1821,6004,9557,5024,2,,['Seinen'],['Studio Deen'],"['Comedy', 'Drama', 'Romance']",['Adult Cast']
3485,Ghost in the Shell: Stand Alone Complex 2nd GIG - Tachikomatic Days,Special,Manga,26,1,PG - Children,7.13,9617,4421,5391,21526,15,,[],['Production I.G'],['Comedy'],[]
3486,,TV,Original,47,24,PG-13 - Teens 13 or older,7.47,1308,2429,10038,4354,17,1993,[],['Sunrise'],"['Adventure', 'Sci-Fi']",['Mecha']
3488,The Tale of Genji,Movie,Novel,1,106,R+ - Mild Nudity,6.46,3271,8402,6503,13217,50,,[],['Group TAC'],"['Drama', 'Romance']",['Historical']
3490,,OVA,Original,1,17,PG-13 - Teens 13 or older,4.72,942,14634,12417,2209,2,,[],[],['Sci-Fi'],[]
3493,Megaman Star Force Tribe,TV,Game,21,10,PG - Children,6.94,3148,5509,8203,7432,21,2007,[],['Xebec'],['Adventure'],[]
3496,The Golden Laws,Movie,Original,1,111,PG-13 - Teens 13 or older,4.9,399,14456,14357,1272,2,,[],['Group TAC'],['Fantasy'],['Historical']
3497,,OVA,Visual novel,1,24,PG-13 - Teens 13 or older,4.97,262,14387,14562,1209,0,,[],[],['Romance'],[]
3498,Onimusha: Dawn of Dreams,OVA,Game,1,120,PG-13 - Teens 13 or older,5.73,553,12330,13121,1764,3,,[],[],"['Action', 'Supernatural']","['Historical', 'Martial Arts', 'Mythology', 'Samurai']"
3499,DinoZaurs,OVA,Other,5,20,G - All Ages,5.56,489,13036,13828,1454,2,,[],['Sunrise'],"['Adventure', 'Sci-Fi']",[]
3500,,TV,Unknown,26,6,G - All Ages,,,22326,18206,535,0,2008,[],[],['Comedy'],[]
3501,Sisters of Wellber Zwei,TV,Original,13,20,PG-13 - Teens 13 or older,6.89,1865,5792,8801,6232,3,2008,[],['Trans Arts'],"['Adventure', 'Fantasy', 'Romance']",['Historical']
3503,Kanokon: The Girl Who Cried Fox,TV,Light novel,12,24,R+ - Mild Nudity,6.35,123767,9060,1066,265020,644,2008,[],['Xebec'],"['Comedy', 'Romance', 'Supernatural', 'Ecchi']","['Love Polygon', 'School']"
3505,Brave Command Dagwon,TV,Original,48,24,PG-13 - Teens 13 or older,7.47,1045,2427,10880,3366,5,1996,[],['Sunrise'],['Adventure'],"['Mecha', 'School', 'Super Power']"
3506,Connected,Music,Original,1,3,PG-13 - Teens 13 or older,5.95,2799,,9749,4735,3,,[],['Studio 4°C'],"['Avant Garde', 'Sci-Fi']",['Music']
3507,,Music,Original,1,4,PG-13 - Teens 13 or older,6.25,2568,,9860,4585,3,,[],['Studio 4°C'],"['Avant Garde', 'Drama', 'Supernatural']","['Music', 'Psychological', 'School']"
3508,,Movie,Original,7,14,R+ - Mild Nudity,7.1,13790,4598,3949,42975,84,,[],['Studio 4°C'],"['Avant Garde', 'Fantasy', 'Romance', 'Sci-Fi']","['Mecha', 'Music', 'Psychological']"
3509,Riki-Oh: The Wall of Hell,OVA,Manga,1,48,R - 17+ (violence & profanity),6.13,2292,10328,9552,5033,9,,['Seinen'],['Magic Bus'],['Action'],"['Martial Arts', 'Super Power']"
3511,Riki-Oh 2: Child of Destruction,OVA,Unknown,1,45,R - 17+ (violence & profanity),5.19,1264,14044,11561,2803,3,,['Seinen'],['Magic Bus'],['Action'],"['Martial Arts', 'Super Power']"
3512,,OVA,Manga,1,30,PG - Children,6.14,2005,10283,9261,5494,6,,['Shoujo'],['Group TAC'],"['Comedy', 'Drama']",[]
3513,,OVA,Game,2,27,PG-13 - Teens 13 or older,5.52,929,13197,12632,2078,0,,[],"['Studio Pierrot', 'animate Film']","['Romance', 'Supernatural']",['School']
3514,,TV,Manga,12,20,G - All Ages,6.19,178,9988,13833,1455,1,2008,['Seinen'],['TMS Entertainment'],['Comedy'],['Childcare']
3515,Saint Seiya: The Hades Chapter - Elysion,OVA,Manga,6,24,PG-13 - Teens 13 or older,7.63,28106,1718,3844,45087,118,,['Shounen'],['Toei Animation'],"['Action', 'Adventure', 'Fantasy', 'Sci-Fi']",['Mythology']
3516,,OVA,Unknown,5,8,PG-13 - Teens 13 or older,4.84,326,14516,15905,854,1,,[],[],['Comedy'],[]
3517,,OVA,Unknown,9,6,PG-13 - Teens 13 or older,5.15,184,14118,18138,541,0,,[],[],['Comedy'],[]
3518,,OVA,Unknown,1,23,PG - Children,6.37,1828,8949,10121,4242,10,,['Kids'],['Project Team Sarah'],"['Award Winning', 'Fantasy']",[]
3519,Mr. Stain on Junk Alley,TV,Unknown,13,7,PG - Children,6.43,809,8583,11666,2731,13,2003,[],[],"['Award Winning', 'Comedy']",[]
3522,Locke the Superman,Movie,Manga,1,119,R+ - Mild Nudity,6.64,1758,7311,9638,4901,14,,[],['Nippon Animation'],"['Action', 'Sci-Fi']",['Super Power']
3525,Extra,Music,Original,1,3,R - 17+ (violence & profanity),5.97,3123,,9321,5394,5,,[],['Studio 4°C'],"['Action', 'Avant Garde', 'Horror', 'Sci-Fi']",['Music']
3526,Magic Woman M,OVA,Manga,2,28,Rx - Hentai,5.61,940,,11600,2778,7,,[],[],"['Adventure', 'Fantasy', 'Hentai']",[]
3527,,OVA,Other,2,26,Rx - Hentai,5.43,935,,11632,2756,5,,[],['Shura'],"['Girls Love', 'Hentai']",[]
3529,Kowaremono - Fragile Hearts,OVA,Unknown,2,30,Rx - Hentai,5.47,764,,11603,2776,2,,[],[],['Hentai'],[]
3530,Virtuacall,OVA,Game,2,28,Rx - Hentai,5.25,410,,14036,1378,0,,[],['Triple X'],['Hentai'],[]
3531,Dark Tours,OVA,Original,1,29,Rx - Hentai,5.57,881,,11997,2493,1,,[],['Studio Matrix'],['Hentai'],[]
3532,Professor Shino's Classes in Seduction,OVA,Visual novel,1,29,Rx - Hentai,5.95,1283,,10459,3809,11,,[],['Front Line'],['Hentai'],[]
3533,,OVA,Game,2,50,PG-13 - Teens 13 or older,4.6,455,14726,13005,1836,1,,[],['Idea Factory'],['Action'],[]
3534,Twin Dolls,OVA,Original,2,46,Rx - Hentai,5.57,867,,11602,2777,4,,[],['Arms'],"['Action', 'Supernatural', 'Hentai']",['Mythology']
3535,Neko Rahmen,ONA,4-koma manga,13,2,PG - Children,6.16,1934,10145,10017,4388,15,,[],[],"['Comedy', 'Gourmet']","['Anthropomorphic', 'Gag Humor', 'Workplace']"
3536,Midnight Strike Force,OVA,Unknown,2,25,Rx - Hentai,5.33,740,,11869,2574,2,,[],[],"['Horror', 'Supernatural', 'Hentai']",['Mythology']
3537,Cleavage,OVA,Visual novel,2,27,Rx - Hentai,6.79,7230,,5976,16435,97,,[],['Studio 9 Maiami'],['Hentai'],[]
3538,Slave Nurses,OVA,Visual novel,3,24,Rx - Hentai,6.17,1784,,9547,5038,9,,[],['Arms'],['Hentai'],[]
3539,Sin Sorority,OVA,Visual novel,2,29,Rx - Hentai,5.4,802,,11945,2524,7,,[],['Shindeban Film'],['Hentai'],[]
3540,,OVA,Unknown,1,22,Rx - Hentai,4.41,644,,13102,1776,4,,[],['Obtain Future'],['Hentai'],[]
3541,Co-eD Affairs,OVA,Original,1,28,Rx - Hentai,4.63,592,,13054,1799,0,,[],['GAV Video'],['Hentai'],[]
3542,Office Affairs,OVA,Manga,1,31,Rx - Hentai,5.1,572,,12859,1918,2,,[],['Y.O.U.C'],['Hentai'],[]
3543,A Heat for All Seasons,OVA,Visual novel,3,29,Rx - Hentai,5.83,1041,,11288,3024,2,,[],['Phoenix Entertainment'],['Hentai'],[]
3545,KochiKame,TV,Manga,373,25,PG-13 - Teens 13 or older,7.9,8042,945,5311,22301,215,1996,['Shounen'],['Gallop'],['Comedy'],"['Adult Cast', 'Gag Humor']"
3546,,Special,Manga,1,24,PG-13 - Teens 13 or older,6.74,374,6681,13845,1450,4,,['Shounen'],['Tatsunoko Production'],['Comedy'],['Adult Cast']
3547,,Movie,Manga,1,100,PG-13 - Teens 13 or older,6.72,510,6812,13287,1685,0,,['Shounen'],['Gallop'],"['Action', 'Comedy', 'Mystery']","['Adult Cast', 'Detective', 'Gag Humor']"
3549,Allison & Lillia,TV,Light novel,26,24,PG-13 - Teens 13 or older,7.39,16368,2780,3823,45516,183,2008,[],['Madhouse'],"['Action', 'Adventure']",[]
3550,Green Makibao,TV,Manga,61,24,G - All Ages,7.24,1444,3730,11132,3154,16,1996,['Shounen'],['Studio Pierrot'],"['Comedy', 'Sports']",['Racing']
3551,Dragon Rider,OVA,Manga,2,28,Rx - Hentai,5.65,905,,11815,2612,1,,[],['Triple X'],['Hentai'],[]
3553,Legend of Lyon Flare,OVA,Unknown,2,28,Rx - Hentai,5.09,736,,12331,2270,5,,[],['Kusama Art'],"['Action', 'Fantasy', 'Hentai']",[]
3556,Secret Sex Stories,OVA,Original,1,26,Rx - Hentai,5.58,810,,12031,2471,4,,[],[],['Hentai'],[]
3557,Virgin Auction,OVA,Original,2,30,Rx - Hentai,6.05,1195,,11169,3123,5,,[],['Y.O.U.C'],['Hentai'],[]
3558,End of Summer,OVA,Visual novel,4,29,Rx - Hentai,5.85,1099,,10453,3821,8,,[],['Arms'],"['Drama', 'Hentai']",['Harem']
3559,Stringendo,OVA,Manga,12,27,Rx - Hentai,7.45,6830,,5735,18209,161,,[],"['Flavors Soft', 'Maboroshi Koubou']",['Hentai'],[]
3560,Karen,OVA,Manga,1,25,Rx - Hentai,5.8,1670,,10467,3804,7,,[],['Shinjukuza'],['Hentai'],[]
3561,Brain Adventure Record Webdiver,TV,Original,52,24,PG - Children,7.19,1461,4028,10681,3559,23,2001,[],['Radix'],"['Adventure', 'Sci-Fi']",['Mecha']
3562,Chu2,OVA,Manga,1,24,Rx - Hentai,5.0,689,,12672,2049,3,,[],['Studio B&M'],['Hentai'],[]
3563,Momone,OVA,Manga,1,27,Rx - Hentai,5.22,615,,12196,2340,8,,[],['Ripple Film'],['Hentai'],[]
3564,The Pianist,OVA,Manga,1,26,Rx - Hentai,5.4,689,,12806,1953,0,,[],['Ripple Film'],['Hentai'],[]
3565,Tales of Seduction,OVA,Manga,1,44,R+ - Mild Nudity,5.73,631,,13013,1826,1,,[],['animate Film'],['Hentai'],[]
3566,Hika Ryoujoku: The Lust of Shame,OVA,Manga,1,27,Rx - Hentai,5.31,1043,,11235,3069,1,,[],['Potato House'],['Hentai'],[]
3567,Renzu: The Distance Between the Two,OVA,Original,1,28,Rx - Hentai,5.39,589,,13136,1763,0,,[],['G.P Entertainment'],['Hentai'],[]
3568,,TV,Manga,30,26,PG-13 - Teens 13 or older,7.46,1476,2440,9918,4505,14,1996,['Shounen'],['Sunrise'],"['Comedy', 'Sports']",[]
3569,Twin Angels (1),OVA,Original,4,26,Rx - Hentai,5.64,942,,10907,3347,10,,[],['Arms'],"['Horror', 'Hentai']",[]
3570,House Hunting,Special,Original,1,12,G - All Ages,6.85,743,6035,10558,3697,0,,['Kids'],['Studio Ghibli'],"['Adventure', 'Fantasy', 'Slice of Life']",[]
3571,Speed Racer X,TV,Manga,34,25,PG - Children,6.51,1946,8112,9455,5194,6,1997,[],['Tatsunoko Production'],['Adventure'],['Racing']
3572,Macross Frontier,TV,Original,25,24,PG-13 - Teens 13 or older,7.9,70101,948,1721,156145,1940,2008,[],['Satelight'],"['Award Winning', 'Romance', 'Sci-Fi']","['Mecha', 'Military', 'Music', 'Space']"
3573,,TV,Unknown,40,7,G - All Ages,5.47,273,13331,13497,1591,0,2008,[],['AIC Spirits'],['Comedy'],"['Mahou Shoujo', 'Parody']"
3574,,OVA,Manga,2,30,PG-13 - Teens 13 or older,6.83,11228,6139,4826,28024,68,,['Shounen'],['Actas'],"['Action', 'Mystery']","['Detective', 'Organized Crime']"
3575,Sguy and the Family Stone the Movie,Movie,Unknown,1,93,,,,20748,19499,428,1,,[],['DLE'],['Comedy'],['Parody']
3576,Dinosaur King,TV,Game,49,25,PG - Children,6.54,18804,7937,4553,31837,171,2007,['Kids'],['Sunrise'],"['Adventure', 'Fantasy']",[]
3577,,TV,Light novel,26,24,PG-13 - Teens 13 or older,7.3,11571,3311,4673,30289,110,2008,[],['Nomad'],"['Comedy', 'Sci-Fi']",[]
3578,Depravity: Destruction of a Female Teacher,OVA,Manga,3,25,Rx - Hentai,6.03,2118,,9068,5811,16,,[],['Shinjukuza'],['Hentai'],[]
3579,Getter Robo,TV,Manga,51,25,PG-13 - Teens 13 or older,6.94,2654,5480,7300,10011,27,1974,['Shounen'],['Toei Animation'],['Sci-Fi'],['Mecha']
3580,Medical Humiliation,OVA,Visual novel,2,27,Rx - Hentai,5.79,976,,11275,3038,6,,[],['Y.O.U.C'],['Hentai'],[]
3581,Anal Sanctuary,OVA,Visual novel,2,28,Rx - Hentai,5.23,1853,,9653,4881,5,,[],['Eshoya Honpo'],['Hentai'],[]
3582,The Two Facials of Eve,OVA,Visual novel,1,29,Rx - Hentai,6.12,1522,,10471,3802,9,,[],['AT-2'],['Hentai'],[]
3583,,OVA,Visual novel,1,33,Rx - Hentai,5.55,853,,11904,2549,3,,[],['Y.O.U.C'],['Hentai'],[]
3584,Idol of Darkness,OVA,Original,1,47,Rx - Hentai,4.82,614,,12987,1845,1,,[],['PP Project'],"['Supernatural', 'Hentai']",['Mythology']
3586,,OVA,Visual novel,3,28,Rx - Hentai,5.59,1008,,11460,2881,3,,[],"['Arms', 'Triple X']",['Hentai'],[]
3587,,OVA,Visual novel,3,27,Rx - Hentai,5.51,958,,11528,2831,3,,[],['Production D.M.H'],['Hentai'],[]
3588,Soul Eater,TV,Manga,51,23,PG-13 - Teens 13 or older,7.86,906433,1049,65,1772551,30470,2008,['Shounen'],['Bones'],"['Action', 'Comedy', 'Fantasy']",['School']
3593,Utawarerumono OVA,OVA,Visual novel,3,29,R+ - Mild Nudity,7.17,9956,4199,5246,22849,13,,[],['Chaos Project'],"['Action', 'Comedy', 'Fantasy']",[]
3594,Tears to Tiara,TV,Visual novel,26,24,PG-13 - Teens 13 or older,7.16,32347,4265,2707,82918,183,2009,[],['White Fox'],"['Action', 'Adventure', 'Fantasy']",[]
3595,Spirit Warrior,OVA,Manga,3,55,R+ - Mild Nudity,6.39,1259,8836,10256,4093,7,,[],"['AIC', 'Studio 88']","['Action', 'Horror', 'Supernatural']",['Mythology']
3596,Lightning Trap: Leina & Laika,OVA,Original,1,27,PG-13 - Teens 13 or older,5.82,774,11920,13173,1744,0,,[],['Ashi Productions'],"['Action', 'Sci-Fi']",[]
3597,Girl from Phantasia,OVA,Manga,1,28,PG-13 - Teens 13 or older,5.79,1899,12058,10426,3848,2,,[],['Production I.G'],"['Comedy', 'Drama', 'Fantasy', 'Romance']",[]
3599,Spirit Warrior,OVA,Manga,2,55,R+ - Mild Nudity,6.32,1145,9283,10966,3295,2,,[],['Madhouse'],"['Action', 'Horror', 'Supernatural']",['Mythology']
3600,Yotoden: Chronicle of the Warlord Period,OVA,Novel,3,42,R - 17+ (violence & profanity),6.62,1266,7451,10730,3517,7,,[],['J.C.Staff'],"['Action', 'Supernatural']","['Martial Arts', 'Mythology']"
3602,Galaxy Express 999: Eternal Fantasy,Movie,Manga,1,54,PG-13 - Teens 13 or older,6.69,2211,7003,9030,5892,5,,[],['Toei Animation'],"['Action', 'Drama', 'Sci-Fi']",['Space']
3603,JoJo's Bizarre Adventure: Phantom Blood,Movie,Manga,1,90,R - 17+ (violence & profanity),7.77,31994,1265,2854,75504,627,,['Shounen'],['APPP'],"['Action', 'Adventure', 'Horror']",['Vampire']
3604,Hidamari Sketch x 365,TV,4-koma manga,13,24,PG-13 - Teens 13 or older,7.87,29150,1016,3739,47273,190,2008,[],['Shaft'],['Slice of Life'],"['CGDCT', 'Iyashikei', 'School', 'Visual Arts']"
3605,Princess Army: Wedding Combat,OVA,Manga,2,26,PG-13 - Teens 13 or older,5.18,817,14060,12397,2220,2,,['Shoujo'],['J.C.Staff'],"['Action', 'Romance']",['Martial Arts']
3609,Armored Fleet Dairugger XV,TV,Unknown,52,25,PG-13 - Teens 13 or older,6.94,1283,5490,10806,3454,15,1982,[],['Toei Animation'],"['Adventure', 'Sci-Fi']","['Mecha', 'Space']"
3613,Library Wars,TV,Novel,12,23,PG-13 - Teens 13 or older,7.44,28745,2566,2761,79776,416,2008,[],['Production I.G'],"['Action', 'Romance']","['Adult Cast', 'Military']"
3614,Ryoko's Case File,TV,Light novel,13,23,PG-13 - Teens 13 or older,7.05,6623,4906,5413,21317,45,2008,[],['Doga Kobo'],"['Mystery', 'Supernatural']","['Adult Cast', 'Detective']"
3615,,TV,Visual novel,13,24,PG-13 - Teens 13 or older,6.81,15878,6254,4085,40077,124,2008,['Josei'],['Yumeta Company'],"['Comedy', 'Fantasy', 'Romance']",['Reverse Harem']
3616,,TV,Manga,12,24,R+ - Mild Nudity,7.03,19826,4985,3885,44299,59,2008,['Shounen'],['Madhouse'],"['Action', 'Comedy', 'Ecchi']",['Super Power']
3618,,Special,Manga,4,5,G - All Ages,6.74,3076,6691,8658,6507,2,,[],['Shirogumi'],['Comedy'],[]
3619,Nanako SOS,TV,Manga,39,23,G - All Ages,7.17,1062,4179,10991,3276,8,1983,[],['Kokusai Eigasha'],"['Comedy', 'Romance']","['Parody', 'Super Power']"
3620,,Special,Manga,14,5,PG-13 - Teens 13 or older,6.75,1388,6590,10738,3508,3,,[],['Production I.G'],['Comedy'],['Parody']
3622,,OVA,Visual novel,4,27,Rx - Hentai,6.48,2508,,8410,7000,28,,[],['Anime Antenna Iinkai'],"['Fantasy', 'Hentai']",[]
3624,Once Upon a Time... Life,OVA,Unknown,26,25,G - All Ages,7.19,1696,4054,10733,3513,10,,[],['Eiken'],['Adventure'],"['Educational', 'Medical']"
3625,Battle Royal High School,OVA,Manga,1,59,R+ - Mild Nudity,5.73,4208,12294,7114,10662,20,,['Shounen'],['D.A.S.T Corporation'],"['Action', 'Horror', 'Supernatural']","['Gore', 'Martial Arts', 'Mythology', 'Super Power']"
3626,Mobile Suit Gundam Wing: Operation Meteor,OVA,Original,4,60,PG-13 - Teens 13 or older,7.34,4140,3073,6774,11972,16,,[],['Sunrise'],"['Adventure', 'Drama', 'Sci-Fi']","['Mecha', 'Military', 'Psychological', 'Space']"
3627,,TV,Visual novel,13,23,PG-13 - Teens 13 or older,7.25,14254,3624,4559,31790,54,2008,[],['feel.'],"['Comedy', 'Drama', 'Fantasy', 'Romance']",['Harem']
3628,Rxxx: Prescription for Pain,OVA,Visual novel,2,28,Rx - Hentai,5.74,747,,11897,2556,7,,[],['Y.O.U.C'],['Hentai'],[]
3630,,TV,Original,25,24,G - All Ages,5.87,265,11659,14497,1231,0,1973,[],['Toei Animation'],"['Comedy', 'Sci-Fi']","['School', 'Super Power']"
3631,Blue Blink,TV,Other,39,25,G - All Ages,7.29,1213,3344,11536,2826,9,1989,[],['Tezuka Productions'],"['Adventure', 'Fantasy']",[]
3633,,OVA,Manga,1,44,Rx - Hentai,5.54,1051,,11202,3097,0,,[],['Project Team Muu'],"['Comedy', 'Hentai']",['School']
3635,Advancer Tina,OVA,Unknown,1,46,Rx - Hentai,5.16,1572,,10443,3831,13,,[],['Arms'],"['Sci-Fi', 'Hentai']",['Space']
3636,Laughing Nurse,OVA,Manga,2,27,Rx - Hentai,6.69,2805,,8239,7348,25,,[],['Flavors Soft'],['Hentai'],[]
3637,Adventure Hero Pluster World,TV,Original,52,24,G - All Ages,6.33,341,9160,14084,1364,4,2003,[],"['Actas', ""Brain's Base""]","['Action', 'Adventure', 'Sci-Fi']",[]
3638,Kaiketsu Zorori,TV,Unknown,52,24,PG - Children,7.19,1690,4035,9928,4498,45,2004,[],"['Ajia-do', 'Amber Film Works']","['Adventure', 'Comedy']",[]
3639,Erotic Torture Chamber,OVA,Light novel,1,45,Rx - Hentai,5.3,711,,12479,2175,2,,[],['Echo'],['Hentai'],[]
3640,Alice,OVA,Manga,1,46,R+ - Mild Nudity,6.02,1104,10924,11949,2514,3,,[],['Takahashi Studio'],"['Action', 'Comedy', 'Ecchi']",[]
3641,Naisho no Tsubomi,OVA,Manga,3,27,PG - Children,6.55,3817,7882,7697,8750,8,,['Shoujo'],['Studio Kikan'],['Romance'],['School']
3642,,Music,Manga,4,2,R+ - Mild Nudity,6.01,1954,,9049,5855,8,,['Seinen'],['Shaft'],"['Fantasy', 'Ecchi']","['Harem', 'Music']"
3643,,OVA,Original,1,23,Rx - Hentai,5.12,468,,13869,1440,4,,[],[],['Hentai'],[]
3644,,OVA,Unknown,3,22,Rx - Hentai,5.38,759,,12234,2322,9,,[],[],['Hentai'],[]
3645,,OVA,Light novel,1,25,Rx - Hentai,5.73,944,,12408,2214,6,,[],['AIC'],['Hentai'],[]
3646,Glass Rabbit,Movie,Book,1,84,PG - Children,6.61,788,7495,11517,2839,0,,[],['Magic Bus'],[],['Historical']
3648,,OVA,Unknown,2,26,Rx - Hentai,5.33,837,,12238,2319,9,,[],['Y.O.U.C'],['Hentai'],[]
3649,,OVA,Unknown,1,22,Rx - Hentai,5.38,1424,,10528,3727,23,,[],[],['Hentai'],[]
3652,Higurashi: When They Cry – Rei,OVA,Visual novel,5,29,PG-13 - Teens 13 or older,7.41,109633,2681,1353,207104,481,,[],['Studio Deen'],"['Horror', 'Mystery', 'Suspense']","['Gore', 'Psychological']"
3653,Linebarrels of Iron,TV,Manga,24,23,R - 17+ (violence & profanity),6.94,19685,5493,3835,45297,93,2008,['Seinen'],['Gonzo'],['Sci-Fi'],['Mecha']
3654,Magician's Academy,TV,Light novel,12,24,R+ - Mild Nudity,6.95,19822,5440,3777,46301,110,2008,[],['Zexcs'],"['Comedy', 'Fantasy', 'Romance', 'Ecchi']","['Gag Humor', 'Harem', 'School']"
3655,Nabari no Ou,TV,Manga,26,24,PG-13 - Teens 13 or older,7.26,68666,3577,1590,173641,1236,2008,['Shounen'],['J.C.Staff'],"['Action', 'Drama', 'Supernatural']",['Martial Arts']
3656,,TV,Manga,24,24,PG-13 - Teens 13 or older,6.96,23318,5371,3175,63175,224,2008,[],['A.C.G.T.'],"['Action', 'Boys Love', 'Supernatural']",[]
3659,,Movie,Unknown,1,53,G - All Ages,6.41,269,8734,15754,888,2,,[],"['Sunrise', 'Ajia-do']","['Adventure', 'Comedy']",[]
3660,Magical Idol Pastel Yumi,TV,Original,25,23,G - All Ages,6.98,1297,5255,9975,4432,5,1986,[],['Studio Pierrot'],['Comedy'],['Mahou Shoujo']
3661,,OVA,Manga,1,36,R - 17+ (violence & profanity),5.72,1129,12363,11994,2493,0,,[],['Studio Sign'],"['Action', 'Romance', 'Sci-Fi']",[]
3665,Legend of the Galactic Heroes Gaiden (1999),OVA,Novel,28,26,R - 17+ (violence & profanity),8.06,8342,655,5248,22826,28,,[],['K-Factory'],"['Action', 'Drama', 'Sci-Fi']","['Adult Cast', 'Military', 'Space']"
3667,Strike Witches,TV,Original,12,24,R+ - Mild Nudity,6.96,72303,5381,1515,183455,1128,2008,[],['Gonzo'],"['Action', 'Sci-Fi', 'Ecchi']",['Military']
3668,,TV,Novel,26,24,PG-13 - Teens 13 or older,6.73,3047,6760,7279,10093,6,2008,[],['TMS Entertainment'],['Fantasy'],['School']
3669,Duel Masters: Curse of the Death Phoenix,Movie,Original,1,45,PG - Children,5.85,584,11745,13324,1670,1,,['Kids'],['Studio Hibari'],"['Adventure', 'Fantasy']",['Strategy Game']
3670,Genesis Climber Mospeada,TV,Original,25,23,R+ - Mild Nudity,7.16,4114,4241,6974,11195,34,1983,[],['Tatsunoko Production'],[],"['Mecha', 'Military']"
3671,"Genesis Climber Mospeada: Love, Live, Alive",OVA,Unknown,1,50,PG - Children,6.08,654,10582,12344,2251,0,,[],['Tatsunoko Production'],[],"['Mecha', 'Music']"
3672,,TV,Manga,50,24,G - All Ages,7.53,2409,2140,9934,4489,39,1994,['Shounen'],['Studio Pierrot'],"['Comedy', 'Sci-Fi']","['Gag Humor', 'Super Power']"
3673,The Daughter of 20 Faces,TV,Manga,22,22,PG-13 - Teens 13 or older,7.59,12550,1856,4241,37219,164,2008,['Seinen'],"['Bones', 'Telecom Animation Film']","['Action', 'Adventure', 'Mystery']",[]
3674,,Special,Manga,1,61,PG-13 - Teens 13 or older,7.4,6527,2766,5867,17208,10,,['Shounen'],['Shaft'],['Comedy'],"['Gag Humor', 'Parody', 'School']"
3675,,TV Special,Manga,1,84,R+ - Mild Nudity,6.15,1110,10169,11440,2893,6,,['Shounen'],['Toei Animation'],"['Action', 'Drama', 'Fantasy', 'Sci-Fi']",['Space']
3676,Machine Robo: Revenge of Cronos,TV,Original,47,24,PG-13 - Teens 13 or older,6.95,787,5440,11259,3050,4,1986,[],['Ashi Productions'],['Sci-Fi'],"['Mecha', 'Space']"
3679,,OVA,Manga,3,27,Rx - Hentai,6.58,3447,,7277,10106,38,,[],['Suzuki Mirano'],['Hentai'],[]
3680,The Shape of Love,OVA,Visual novel,2,28,Rx - Hentai,6.19,2558,,8339,7145,16,,[],['T-Rex'],['Hentai'],[]
3681,Tokyo Requiem,OVA,Manga,2,28,Rx - Hentai,5.78,1095,,10781,3472,4,,[],['Studio Jam'],"['Supernatural', 'Hentai']",['Mythology']
3683,Hippo and Thomas,TV,Unknown,300,5,G - All Ages,5.9,258,11508,15351,993,2,1971,[],['Tatsunoko Production'],['Comedy'],[]
3684,,OVA,Original,1,4,PG-13 - Teens 13 or older,5.58,1525,12971,10802,3455,4,,[],['Studio 4°C'],['Sci-Fi'],[]
3685,,Music,Original,1,4,G - All Ages,5.63,2132,,10690,3551,1,,[],['Studio 4°C'],[],['Music']
3686,,Special,Visual novel,2,25,PG-13 - Teens 13 or older,7.04,2863,4956,9073,5800,2,,[],['AIC ASTA'],['Comedy'],['School']
3689,,TV,Original,31,24,PG - Children,7.35,684,2989,13315,1674,2,1998,[],['Studio Comet'],"['Adventure', 'Comedy', 'Sci-Fi']",['Mecha']
3690,,TV,Original,21,30,G - All Ages,7.29,640,3345,13103,1772,2,1999,[],['Studio Comet'],"['Adventure', 'Comedy', 'Romance']",['Mecha']
3691,The Two Lottes,TV,Novel,29,24,G - All Ages,7.32,537,3219,12273,2302,4,1991,[],['Tokyo Movie Shinsha'],['Slice of Life'],[]
3692,,TV,Original,48,24,G - All Ages,7.36,5847,2973,6330,14099,45,2008,[],['Toei Animation'],['Action'],"['Mahou Shoujo', 'School']"
3695,,OVA,Game,1,24,PG-13 - Teens 13 or older,4.19,493,14881,13792,1468,0,,[],['WAO World'],['Fantasy'],[]
3701,Kaiba,TV,Original,12,24,R+ - Mild Nudity,8.15,49262,520,1529,181378,4058,2008,[],['Madhouse'],"['Adventure', 'Avant Garde', 'Award Winning', 'Mystery', 'Romance', 'Sci-Fi']",['Psychological']
3702,Detroit Metal City,OVA,Manga,12,14,R - 17+ (violence & profanity),8.09,113981,606,1255,225221,3349,,['Seinen'],['Studio 4°C'],['Comedy'],"['Adult Cast', 'Gag Humor', 'Music', 'Parody', 'Showbiz']"
3704,,TV,Manga,52,12,G - All Ages,6.03,390,10898,14007,1388,1,2008,['Kids'],[],['Comedy'],[]
3705,,OVA,Original,3,28,Rx - Hentai,5.47,955,,11185,3109,5,,[],['Blue Cat'],['Hentai'],[]
3706,Dark Chapel,OVA,Visual novel,2,28,Rx - Hentai,5.88,1672,,9716,4784,10,,[],['Studio Jam'],['Hentai'],[]
3707,,OVA,Visual novel,4,27,Rx - Hentai,6.54,2468,,8267,7279,44,,[],['Anime Antenna Iinkai'],['Hentai'],[]
3710,Graveyard Kitaro,TV,Manga,11,25,PG-13 - Teens 13 or older,7.02,4664,5038,6389,13770,51,2008,[],['Toei Animation'],"['Horror', 'Supernatural']",[]
3711,,OVA,Visual novel,2,26,Rx - Hentai,5.67,2935,,7715,8714,25,,[],['Melissa'],['Hentai'],['School']
3712,The Familiar of Zero: Rondo of Princesses,TV,Light novel,12,24,PG-13 - Teens 13 or older,7.31,282745,3284,563,469544,821,2008,[],['J.C.Staff'],"['Action', 'Adventure', 'Comedy', 'Fantasy', 'Romance', 'Ecchi']","['Harem', 'Isekai', 'School']"
3713,Hell Girl: Three Vessels,TV,Original,26,24,R - 17+ (violence & profanity),7.62,44299,1738,2263,108482,289,2008,[],['Studio Deen'],"['Horror', 'Mystery', 'Supernatural', 'Suspense']",['Psychological']
3720,Jack and the Beanstalk,Movie,Book,1,97,G - All Ages,6.3,1051,9369,12348,2250,13,,['Kids'],[],['Fantasy'],[]
3723,The Adventures of the Little Koala,TV,Original,26,25,G - All Ages,6.29,367,9429,14790,1145,2,1984,['Kids'],['Topcraft'],['Comedy'],['Anthropomorphic']
3724,Taiko Drum Master,TV,Game,26,4,G - All Ages,5.88,427,11627,13972,1400,9,2005,[],['Studio Bingo'],[],['Video Game']
3726,,OVA,Unknown,1,45,R+ - Mild Nudity,6.33,983,9181,12391,2216,1,,[],[],"['Action', 'Adventure', 'Drama']",['Historical']
3727,Doraemon the Movie: Nobita's Dinosaur,Movie,Manga,1,92,PG - Children,7.26,6735,3549,6944,11291,6,,[],['Shin-Ei Animation'],"['Adventure', 'Comedy']",['Time Travel']
3728,True Blue,OVA,Visual novel,2,28,Rx - Hentai,5.87,2577,,8317,7178,23,,[],['Himajin Planning'],['Hentai'],[]
3729,True Blue: Gaiden,OVA,Visual novel,1,29,Rx - Hentai,5.6,1550,,10229,4129,6,,[],['Himajin Planning'],['Hentai'],[]
3731,ItaKiss,TV,Manga,25,24,PG-13 - Teens 13 or older,7.39,152622,2790,934,299530,2994,2008,['Shoujo'],['TMS Entertainment'],"['Comedy', 'Romance']",['School']
3734,Glass Mask: The Girl of a Thousand Masks,OVA,Manga,3,45,PG-13 - Teens 13 or older,7.21,1180,3901,10924,3333,8,,['Shoujo'],['Tokyo Movie Shinsha'],['Drama'],['Performing Arts']
3735,Shooting Star Gakusaver,OVA,Original,6,27,PG-13 - Teens 13 or older,7.22,941,3855,12003,2488,2,,[],['Production I.G'],"['Comedy', 'Sci-Fi']","['Mecha', 'Parody', 'School', 'Space']"
3736,,TV,Game,30,23,G - All Ages,6.67,1943,7147,9075,5796,50,2001,[],"['J.C.Staff', 'Production I.G']","['Comedy', 'Fantasy']",[]
3737,Usavich,TV,Original,13,1,PG-13 - Teens 13 or older,6.85,4131,6026,8259,7297,25,,[],['Kanaban Graphics'],"['Adventure', 'Comedy']","['Anthropomorphic', 'Gag Humor']"
3738,Usavich II,TV,Original,13,1,PG-13 - Teens 13 or older,7.02,3363,5077,9283,5458,2,2007,[],['Kanaban Graphics'],"['Adventure', 'Comedy']","['Anthropomorphic', 'Gag Humor']"
3743,Murder,Movie,Original,1,9,PG-13 - Teens 13 or older,5.15,1469,14117,11850,2590,2,,[],[],"['Award Winning', 'Comedy', 'Mystery']","['Parody', 'Vampire']"
3744,,Movie,Manga,1,95,G - All Ages,7.63,3802,1694,8392,7027,17,,['Seinen'],['Shin-Ei Animation'],"['Award Winning', 'Drama', 'Romance']","['Historical', 'Samurai']"
3745,,Movie,Manga,1,93,G - All Ages,7.18,6927,4076,6958,11247,12,,['Seinen'],['Shin-Ei Animation'],"['Action', 'Adventure', 'Comedy']",[]
3747,,OVA,Visual novel,2,29,Rx - Hentai,6.24,2479,,8200,7450,34,,[],['Suzuki Mirano'],"['Supernatural', 'Hentai']",['School']
3750,Maria Watches Over Us Season 4,TV,Light novel,13,24,PG-13 - Teens 13 or older,7.81,10914,1159,5044,25257,101,2009,['Shoujo'],['Studio Deen'],"['Drama', 'Girls Love']",['School']
3751,,Movie,Book,1,65,PG - Children,6.71,1173,6911,11571,2795,5,,['Kids'],['Toei Animation'],['Fantasy'],[]
3752,Puss-in-Boots: Travels Around the World in 80 Days,Movie,Other,1,68,PG - Children,7.01,1499,5118,11628,2757,5,,['Kids'],['Toei Animation'],['Adventure'],['Anthropomorphic']
3754,,TV,Original,50,24,G - All Ages,7.42,1555,2657,10144,4221,13,1984,[],['Toei Animation'],['Fantasy'],[]
3755,World's Famous Stories for Children: Thumb Princess,Movie,Book,1,64,PG - Children,6.38,662,8973,13484,1596,1,,['Kids'],['Toei Animation'],['Fantasy'],[]
3757,Aladdin and the Wonderful Lamp,Movie,Unknown,1,65,G - All Ages,6.71,1140,6904,12191,2343,3,,[],['Toei Animation'],"['Adventure', 'Fantasy']",[]
3758,,Movie,Original,1,53,PG - Children,5.98,385,11107,15043,1072,0,,['Kids'],['Toei Animation'],['Adventure'],['Anthropomorphic']
3759,,OVA,Visual novel,1,18,PG-13 - Teens 13 or older,5.78,31815,12123,3322,58149,42,,[],['TNK'],"['Comedy', 'Romance']",['School']
3760,The Golden Bird,Movie,Other,1,52,G - All Ages,6.71,918,6873,11330,2982,7,,[],['Toei Animation'],"['Adventure', 'Fantasy']",[]
3761,Dogtanian and the Three Muskehounds,TV,Novel,26,24,G - All Ages,6.96,2166,5402,10130,4233,12,1981,[],['Nippon Animation'],['Adventure'],"['Anthropomorphic', 'Historical']"
3762,Sonic Soldier Borgman: Last Battle,OVA,Other,1,59,PG-13 - Teens 13 or older,6.62,750,7455,12910,1880,0,,[],['Ashi Productions'],"['Action', 'Fantasy', 'Sci-Fi']",['Mythology']
3763,Sonic Soldier Borgman: Lovers Rain,Movie,Other,1,33,PG-13 - Teens 13 or older,6.56,722,7789,12933,1866,0,,[],['Ashi Productions'],"['Action', 'Fantasy', 'Sci-Fi']",['Mythology']
3764,Sonic Soldier Borgman 2: New Century 2058,OVA,Unknown,3,29,PG-13 - Teens 13 or older,6.68,640,7050,13411,1634,0,,[],['Ashi Productions'],"['Action', 'Fantasy', 'Sci-Fi']",['Mythology']
3765,,TV,Manga,39,24,G - All Ages,7.33,1018,3137,12006,2487,7,1990,['Shoujo'],['Nippon Animation'],"['Adventure', 'Fantasy']",[]
3768,Play Ball,TV,Manga,13,24,G - All Ages,7.04,455,4944,13499,1591,2,2005,['Shounen'],['Magic Bus'],['Sports'],['Team Sports']
3769,Play Ball 2nd,TV,Manga,13,24,G - All Ages,6.28,158,9487,15395,981,2,2006,['Shounen'],['Magic Bus'],['Sports'],['Team Sports']
3771,,OVA,Visual novel,5,28,Rx - Hentai,7.08,5308,,6288,14336,81,,[],['Studio 9 Maiami'],['Hentai'],[]
3772,Cubix,TV,Unknown,26,23,PG - Children,5.38,2701,13618,9278,5466,8,2001,[],['CinePix'],['Sci-Fi'],['Mecha']
3776,,TV,Unknown,50,20,G - All Ages,6.47,408,8344,14630,1187,1,2001,[],['Magic Bus'],[],['School']
3778,,OVA,Manga,2,35,PG-13 - Teens 13 or older,5.77,476,12169,13772,1475,2,,['Shoujo'],['Madhouse'],"['Comedy', 'Mystery']",['School']
3782,The Garden of Sinners Chapter 2: A Study in Murder - Part 1,Movie,Light novel,1,60,R - 17+ (violence & profanity),7.76,156829,1288,1101,256189,485,,[],['ufotable'],"['Action', 'Fantasy', 'Mystery', 'Romance', 'Suspense']",['Urban Fantasy']
3783,The Garden of Sinners Chapter 3: Remaining Sense of Pain,Movie,Light novel,1,59,R+ - Mild Nudity,8.01,147523,734,1171,243552,712,,[],['ufotable'],"['Action', 'Drama', 'Fantasy', 'Mystery', 'Suspense']",['Urban Fantasy']
3784,Evangelion: 2.0 You Can (Not) Advance,Movie,Original,1,112,R+ - Mild Nudity,8.3,366557,320,422,594647,3610,,[],['Khara'],"['Drama', 'Sci-Fi', 'Suspense']","['Mecha', 'Psychological']"
3785,Evangelion: 3.0 You Can (Not) Redo,Movie,Original,1,95,PG-13 - Teens 13 or older,7.67,297089,1550,532,492552,2251,,[],['Khara'],"['Award Winning', 'Drama', 'Sci-Fi', 'Suspense']","['Mecha', 'Psychological']"
3786,Evangelion: 3.0+1.0 Thrice Upon a Time,Movie,Original,1,155,PG-13 - Teens 13 or older,8.58,193566,124,636,425614,8288,,[],['Khara'],"['Award Winning', 'Drama', 'Sci-Fi', 'Suspense']","['Mecha', 'Psychological']"
3787,Maris the Chojo,OVA,Manga,1,48,R+ - Mild Nudity,6.13,2736,10337,8839,6169,5,,[],['Studio Pierrot'],"['Comedy', 'Sci-Fi']",['Super Power']
3791,Air Gear: Special Trick,Special,Manga,1,23,R+ - Mild Nudity,7.25,25666,3610,3666,48681,73,,['Shounen'],"['Toei Animation', 'Marvelous Entertainment']","['Comedy', 'Sports', 'Ecchi']","['Delinquents', 'School']"
3793,Dyogrammaton,OVA,Visual novel,2,22,Rx - Hentai,5.28,1117,,10877,3376,5,,[],['Azeta Pictures'],['Hentai'],[]
3795,Flower & Snake The Animation,OVA,Visual novel,3,28,Rx - Hentai,5.88,1018,,10513,3753,12,,[],['Sumomo Film'],['Hentai'],[]
3799,,Movie,Unknown,1,5,G - All Ages,5.01,812,14331,13405,1637,0,,[],['Takun Manga Box'],"['Award Winning', 'Comedy']",[]
3800,Super Grand Prix,TV,Unknown,44,24,PG-13 - Teens 13 or older,6.99,1103,5192,11410,2915,4,1977,[],['Toei Animation'],['Drama'],['Racing']
3801,Dracula: Sovereign of the Damned,TV Special,Other,1,94,R - 17+ (violence & profanity),3.89,2692,14917,9434,5222,9,,[],['Toei Animation'],['Horror'],['Vampire']
3802,Sex Craft,OVA,Manga,2,28,Rx - Hentai,6.09,1280,,10175,4190,3,,[],['Studio Jam'],"['Supernatural', 'Hentai']",[]
3805,,OVA,Game,2,30,PG-13 - Teens 13 or older,6.27,2568,9527,8368,7080,2,,[],['Nomad'],[],['Mahou Shoujo']
3806,Amazing Sarutobi,TV,Manga,69,25,G - All Ages,7.29,912,3392,12000,2492,11,1982,[],['Tsuchida Productions'],"['Action', 'Comedy', 'Romance']",['Martial Arts']
3807,Alpenrose,TV,Manga,20,22,PG-13 - Teens 13 or older,7.12,1495,4471,9782,4682,12,1985,['Shoujo'],['Tatsunoko Production'],"['Drama', 'Romance']",['Historical']
3808,Futari Daka,TV,Manga,36,25,G - All Ages,7.09,578,4666,13370,1650,2,1984,['Shounen'],['Kokusai Eigasha'],[],['Racing']
3809,The Legend of Snow White,TV,Unknown,52,24,G - All Ages,6.89,1823,5778,9922,4506,8,1994,[],['Tatsunoko Production'],"['Adventure', 'Fantasy', 'Romance']",[]
3810,The Littl' Bits,TV,Unknown,26,25,G - All Ages,6.33,669,9197,12743,2006,7,1980,[],['Tatsunoko Production'],"['Adventure', 'Comedy', 'Fantasy']",[]
3811,The Adventures of the Little Prince,TV,Novel,35,24,G - All Ages,7.15,974,4285,11340,2977,12,1978,[],['Knack Productions'],['Adventure'],[]
3812,Dream Star Button Nose,TV,Original,26,25,PG - Children,7.04,670,4961,13858,1445,2,1985,['Kids'],['Topcraft'],['Adventure'],[]
3813,Moonlight Pierce,OVA,Light novel,1,70,G - All Ages,6.7,575,6950,13488,1594,0,,['Shoujo'],['Studio Pierrot'],"['Fantasy', 'Mystery', 'Romance']",[]
3816,Idol Fighter Su-Chi-Pai,OVA,Game,1,30,PG-13 - Teens 13 or older,4.91,1404,14439,11160,3127,0,,[],['Daume'],"['Action', 'Ecchi']",[]
3817,Space Travelers,OVA,Unknown,1,59,PG-13 - Teens 13 or older,5.26,311,13904,15019,1081,0,,[],[],['Sci-Fi'],['Space']
3818,Project: City Flying in the Sky,Music,Original,1,5,G - All Ages,5.98,1333,,12335,2265,2,,[],['Studio Kajino'],['Sci-Fi'],"['Music', 'Space']"
3819,Nozomi In The Sun,TV,Manga,26,24,PG-13 - Teens 13 or older,7.03,845,5006,11476,2872,12,1971,['Shoujo'],['Mushi Production'],['Drama'],['Music']
3820,,Music,Original,1,4,G - All Ages,5.65,1846,,10697,3544,3,,[],['Studio Kajino'],['Sci-Fi'],"['Music', 'Space']"
3821,Portable Airport,Music,Original,1,3,G - All Ages,5.54,1576,,11020,3261,0,,[],['Studio Kajino'],['Sci-Fi'],"['Music', 'Space']"
3822,"Laura, Girl of the Prairies",TV,Other,26,24,G - All Ages,7.2,466,4004,13464,1609,0,1975,[],['Nippon Animation'],['Adventure'],['Historical']
3823,Little Lulu,TV,Unknown,26,25,G - All Ages,6.64,415,7329,14493,1231,0,1976,['Kids'],['Nippon Animation'],['Comedy'],[]
3824,Shojyo Koakuma Kei: The Writhing Women,OVA,Manga,1,30,Rx - Hentai,5.26,617,,12769,1982,4,,[],['IKK Room'],['Hentai'],[]
3825,,TV,Manga,163,24,PG-13 - Teens 13 or older,7.27,665,3488,12958,1856,4,1976,['Shounen'],['Nippon Animation'],['Sports'],"['School', 'Team Sports']"
3826,Zero no Mono,OVA,Manga,1,29,Rx - Hentai,5.34,1007,,11660,2736,5,,[],['Studio March'],['Hentai'],[]
3827,My Name Is Teppei,TV,Manga,28,25,PG-13 - Teens 13 or older,7.22,792,3850,12152,2374,6,1977,['Shounen'],['Nippon Animation'],['Sports'],['Combat Sports']
3828,,TV Special,Unknown,1,68,G - All Ages,,,18462,18026,552,0,,[],['Nippon Animation'],['Adventure'],[]
3829,The Diary of Anne Frank,Movie,Book,1,102,PG-13 - Teens 13 or older,6.74,2748,6653,7644,8915,9,,[],['Madhouse'],['Drama'],['Historical']
3832,,OVA,Game,1,17,,4.68,271,14675,15564,937,0,,[],[],"['Action', 'Fantasy']",[]
3833,The Erotic Adventures of Tom Thumb,OVA,Original,2,27,Rx - Hentai,6.08,1149,,11155,3133,4,,[],['Y.O.U.C'],['Hentai'],[]
3834,Starchild Chobin,TV,Original,26,23,G - All Ages,7.01,629,5093,13920,1421,0,1974,[],['Studio Zero'],"['Adventure', 'Sci-Fi']",[]
3835,,TV,Novel,26,25,G - All Ages,7.02,1066,5023,11072,3206,4,1981,[],['Nippon Animation'],['Drama'],"['Historical', 'School']"
3836,Belle and Sebastian,TV,Novel,52,25,G - All Ages,7.05,1720,4875,9808,4646,11,1981,[],['Visual 80'],['Adventure'],"['Historical', 'Pets']"
3837,,TV,Original,45,24,G - All Ages,7.33,1309,3123,10183,4180,14,1988,[],['Sunrise'],"['Adventure', 'Comedy', 'Sci-Fi']","['Isekai', 'Mecha']"
3838,,TV,Unknown,61,24,G - All Ages,7.27,711,3504,12847,1924,3,1988,['Shoujo'],['Toei Animation'],['Comedy'],"['Mahou Shoujo', 'School']"
3839,,TV,Unknown,44,24,G - All Ages,7.24,605,3709,13178,1742,1,1998,['Shoujo'],['Toei Animation'],['Comedy'],"['Mahou Shoujo', 'School']"
3840,Glass Maiden,TV,Original,12,24,R - 17+ (violence & profanity),6.15,5715,10180,5798,17787,13,2008,[],['Studio Fantasia'],"['Action', 'Mystery', 'Sci-Fi']",['Detective']
3841,,TV,Manga,104,3,G - All Ages,7.68,28608,1515,3024,68733,474,2008,['Seinen'],['Madhouse'],['Slice of Life'],['Pets']
3842,Animal Treasure Island,Movie,Novel,1,78,G - All Ages,6.61,1462,7484,10731,3516,6,,[],['Toei Animation'],['Adventure'],[]
3843,,Movie,Unknown,1,55,G - All Ages,5.98,1088,11077,12202,2334,1,,[],['Toei Animation'],"['Action', 'Fantasy']",[]
3844,Apache Baseball Team,TV,Manga,26,25,G - All Ages,6.34,263,9097,14005,1387,2,1971,[],['Toei Animation'],['Sports'],"['School', 'Team Sports']"
3845,,TV,Unknown,39,25,G - All Ages,6.92,515,5597,13729,1491,2,1972,['Kids'],['Toei Animation'],['Adventure'],['Mahou Shoujo']
3846,,TV,Manga,26,25,PG-13 - Teens 13 or older,6.07,234,10672,15181,1031,0,1973,[],['Toei Animation'],"['Action', 'Sci-Fi']",[]
3847,The Wild Swans,Movie,Unknown,1,61,PG - Children,6.57,1007,7769,11885,2563,2,,[],['Toei Animation'],['Fantasy'],[]
3848,"One Piece: Episode of Chopper Plus - Bloom in the Winter, Miracle Sakura",Movie,Manga,1,113,PG-13 - Teens 13 or older,7.43,38543,2597,2885,74201,25,,['Shounen'],['Toei Animation'],"['Action', 'Adventure', 'Fantasy']",[]
3849,,Special,Original,3,3,PG-13 - Teens 13 or older,5.76,761,12203,12243,2318,1,,[],['Tatsunoko Production'],['Comedy'],[]
3853,Crayon Shin-Chan: Den-O vs. Shin-O,Special,Manga,1,11,G - All Ages,6.46,1054,8394,11976,2502,2,,['Seinen'],['Shin-Ei Animation'],"['Action', 'Comedy']",['Super Power']
3854,The Galaxy Railways: A Letter from the Abandoned Planet,OVA,Original,4,30,PG-13 - Teens 13 or older,6.94,1169,5481,10750,3499,2,,[],['Planet'],"['Drama', 'Sci-Fi']",['Space']
3858,The Adventures of Hutch the Honeybee,TV,Original,91,24,G - All Ages,7.03,2459,4992,9963,4454,17,1970,[],['Tatsunoko Production'],"['Adventure', 'Comedy', 'Drama']",[]
3859,,TV,Manga,26,22,R+ - Mild Nudity,7.34,4688,3081,5417,21272,72,2008,['Shoujo'],['Madhouse'],"['Mystery', 'Sci-Fi', 'Suspense']","['Adult Cast', 'Detective', 'Psychological']"
3861,,Special,Manga,5,32,PG-13 - Teens 13 or older,7.23,8307,3808,5407,21375,25,,['Shounen'],['Xebec'],"['Action', 'Adventure', 'Supernatural']",[]
3863,,Special,Original,8,4,G - All Ages,5.82,593,11939,13888,1432,0,,[],['Madhouse'],['Comedy'],[]
3864,Fist of the Blue Sky Specials,Special,Manga,4,30,R - 17+ (violence & profanity),6.24,1183,9715,11219,3083,2,,['Shounen'],['APPP'],['Action'],"['Historical', 'Martial Arts']"
3866,,Movie,Original,1,67,G - All Ages,6.37,454,8961,14298,1291,3,,[],[],['Drama'],"['Historical', 'Pets']"
3868,,Movie,Manga,1,90,PG-13 - Teens 13 or older,6.83,952,6143,10135,4228,6,,['Shoujo'],['Tokyo Movie Shinsha'],"['Drama', 'Romance']","['Crossdressing', 'Historical', 'Military']"
3869,Coji-Coji,TV,Manga,100,24,G - All Ages,6.35,209,9083,15026,1078,2,1997,[],['Nippon Animation'],"['Comedy', 'Fantasy']",[]
3870,Demon of the Kick,TV,Manga,26,25,,6.19,313,9971,13941,1413,2,1970,['Shounen'],['Toei Animation'],['Sports'],['Combat Sports']
3873,Honey Honey's Wonderful Adventures,TV,Manga,29,24,G - All Ages,6.95,457,5427,13316,1675,5,1981,['Shoujo'],['Toei Animation'],['Adventure'],['Historical']
3874,,TV,Original,52,23,PG-13 - Teens 13 or older,6.58,899,7663,11790,2635,6,1992,[],['Production Reed'],['Sports'],['Team Sports']
3875,,TV,Manga,88,20,G - All Ages,7.16,988,4304,12246,2316,4,1989,['Shoujo'],['Toei Animation'],['Comedy'],['Mahou Shoujo']
3876,,TV,Other,26,25,G - All Ages,7.04,561,4934,13156,1753,3,1980,[],['Academy Productions'],"['Adventure', 'Fantasy']",[]
3877,Nell the Wandering Girl,TV,Novel,26,24,G - All Ages,7.1,806,4637,12068,2444,1,1979,[],['DAX Production'],['Adventure'],['Historical']
3878,,TV,Original,49,24,G - All Ages,7.09,997,4677,11016,3260,6,1980,[],['Toei Animation'],['Comedy'],['Mahou Shoujo']
3879,,TV,Original,13,25,G - All Ages,5.62,439,12838,13211,1723,5,1979,[],['DAX Production'],['Drama'],['Historical']
3880,,TV,Original,24,25,PG-13 - Teens 13 or older,6.59,719,7618,12552,2132,1,1982,[],[],['Sci-Fi'],['Mecha']
3881,,TV,Original,45,24,G - All Ages,6.91,566,5655,12764,1984,3,1978,[],['Toei Animation'],['Comedy'],[]
3882,Cybernetics Guardian,OVA,Original,1,42,R - 17+ (violence & profanity),5.6,2745,12905,8813,6215,4,,[],['AIC'],"['Sci-Fi', 'Supernatural']",['Mecha']
3883,,OVA,Visual novel,4,28,Rx - Hentai,4.94,1345,,9441,5211,5,,[],['PP Project'],"['Sci-Fi', 'Hentai']",[]
3884,Maze: The Mega-Burst Space - Hot Springs,Special,Manga,1,22,R+ - Mild Nudity,6.1,500,10487,13519,1578,0,,['Shounen'],['J.C.Staff'],"['Action', 'Comedy', 'Fantasy', 'Ecchi']",['Magical Sex Shift']
3885,Sugar Bunnies,TV,Unknown,26,11,G - All Ages,6.11,308,10449,13295,1681,7,2007,['Kids'],['Asahi Production'],[],[]
3886,Super Mario Brothers: Great Mission to Rescue Princess Peach,Movie,Game,1,60,G - All Ages,5.68,4004,12592,8223,7391,18,,[],['Grouper Productions'],"['Adventure', 'Comedy']",['Isekai']
3887,Big Windup! The Basics of Basics,Special,Manga,1,23,G - All Ages,7.22,7902,3851,6357,13920,9,,['Seinen'],['A-1 Pictures'],"['Drama', 'Sports']",['Team Sports']
3888,The Invisible Stud,OVA,Original,2,27,Rx - Hentai,6.71,4909,,7067,10806,32,,[],['Y.O.U.C'],['Hentai'],[]
3889,Junk Boy,OVA,Manga,1,45,R+ - Mild Nudity,5.88,4943,11609,7000,11067,30,,[],['Madhouse'],"['Comedy', 'Romance', 'Ecchi']",[]
3890,Battle Team Lakers EX,OVA,Visual novel,1,28,Rx - Hentai,4.99,636,,12787,1967,3,,[],['animate Film'],"['Sci-Fi', 'Hentai']",[]
3895,Midnight Milk Party,OVA,Manga,1,27,Rx - Hentai,5.35,662,,12606,2093,3,,[],[],['Hentai'],[]
3896,The Sleazy Family (1),OVA,Original,3,10,Rx - Hentai,6.14,2613,,8524,6778,25,,[],['Anime Antenna Iinkai'],['Hentai'],[]
3898,Mazinger Z vs. Devilman,Movie,Manga,1,42,PG-13 - Teens 13 or older,6.3,2430,9380,9164,5656,4,,['Shounen'],['Toei Animation'],"['Adventure', 'Sci-Fi', 'Supernatural']","['Mecha', 'Mythology']"
3900,Golden Bat,TV,Novel,52,25,PG-13 - Teens 13 or older,7.02,982,5056,10841,3409,9,1967,[],['Dai-Ichi Douga'],"['Action', 'Sci-Fi']",['Super Power']
3901,Baccano! Specials,Special,Light novel,3,28,R - 17+ (violence & profanity),8.07,116387,640,1488,187065,310,,[],"[""Brain's Base""]","['Action', 'Mystery', 'Supernatural']","['Adult Cast', 'Historical', 'Organized Crime']"
3902,Spotlight,OVA,Visual novel,2,30,Rx - Hentai,5.46,677,,12379,2229,1,,[],['Y.O.U.C'],['Hentai'],['Music']
3905,The Little Prince and the Eight-Headed Dragon,Movie,Original,1,86,PG - Children,6.71,1609,6928,10189,4172,11,,[],['Toei Animation'],"['Adventure', 'Award Winning', 'Fantasy']",[]
3906,H. P. Lovecraft's The Dunwich Horror and Other Stories,OVA,Novel,1,46,PG-13 - Teens 13 or older,5.77,1052,12144,10299,4049,4,,[],['Toei Animation'],['Horror'],[]
3907,Galaxy Warring State Chronicle Rai,TV,Manga,52,25,PG-13 - Teens 13 or older,8.07,6194,644,5701,18425,96,1994,['Shounen'],['E&G Films'],"['Adventure', 'Romance', 'Sci-Fi']",['Space']
3908,Angel Of Darkness,OVA,Unknown,4,43,Rx - Hentai,5.55,1030,,11079,3199,6,,[],['Horannabi'],"['Horror', 'Supernatural', 'Hentai']",['Mythology']
3909,,TV,Other,75,24,G - All Ages,7.24,558,3690,13637,1533,3,1987,[],['Toei Animation'],"['Comedy', 'Fantasy']",[]
3910,Kama Sutra,OVA,Manga,1,42,R+ - Mild Nudity,4.76,792,14593,12257,2310,3,,[],['animate Film'],"['Action', 'Comedy', 'Romance', 'Supernatural', 'Ecchi']",[]
3911,The Harvest Night,OVA,Original,2,28,Rx - Hentai,5.94,1354,,10529,3731,8,,[],"['Arms', 'Triple X']",['Hentai'],[]
3912,Sacrilege,OVA,Unknown,2,27,Rx - Hentai,5.37,660,,12534,2142,3,,[],['Studio Kyuuma'],['Hentai'],[]
3913,Ogre Slayer,OVA,Manga,4,29,R - 17+ (violence & profanity),6.6,1499,7567,10109,4259,4,,['Shounen'],['Pastel'],"['Action', 'Horror', 'Supernatural']","['Gore', 'Martial Arts', 'Mythology']"
3914,,Movie,Other,1,23,R+ - Mild Nudity,6.34,6397,9098,5860,17273,68,,[],[],"['Avant Garde', 'Fantasy', 'Romance']",['Mythology']
3915,Time Fighters,TV,Original,61,24,G - All Ages,6.81,1067,6266,10685,3557,3,1975,[],['Tatsunoko Production'],"['Adventure', 'Comedy']",['Mecha']
3916,,OVA,Visual novel,2,28,Rx - Hentai,6.2,2069,,8683,6461,17,,[],['Maboroshi Koubou'],['Hentai'],[]
3917,,OVA,Visual novel,2,29,Rx - Hentai,6.37,1199,,10405,3888,3,,[],['Space-X'],['Hentai'],[]
3918,,OVA,Visual novel,3,29,Rx - Hentai,7.39,14110,,4710,29730,330,,[],['Studio Eromatick'],['Hentai'],[]
3919,Fleshdance,OVA,Visual novel,2,28,Rx - Hentai,6.8,2457,,8494,6834,33,,[],['Studio Jam'],['Hentai'],[]
3920,,OVA,Visual novel,2,29,Rx - Hentai,5.44,516,,12628,2078,2,,[],['Shindeban Film'],['Hentai'],[]
3921,,OVA,Manga,3,27,Rx - Hentai,5.85,1000,,11537,2825,3,,[],['Shinjukuza'],['Hentai'],[]
3922,Xtra Credit,OVA,Visual novel,2,27,Rx - Hentai,5.57,890,,11073,3206,7,,[],['Tsubo Production'],['Hentai'],['School']
3923,,OVA,Other,10,4,G - All Ages,6.41,588,8722,13372,1648,5,,['Kids'],[],"['Action', 'Adventure', 'Comedy']",['Super Power']
3927,Mobile Suit Gundam 00: Second Season,TV,Original,25,24,R - 17+ (violence & profanity),8.08,99884,631,1674,162032,1422,2008,[],['Sunrise'],"['Drama', 'Sci-Fi']","['Mecha', 'Military', 'Space']"
3929,,Movie,Original,1,11,G - All Ages,5.6,887,12911,13122,1767,0,,[],[],"['Comedy', 'Supernatural']",[]
3930,The Tiny One Makes It Big,Movie,Original,1,1,G - All Ages,4.59,990,14737,13109,1772,1,,[],[],['Supernatural'],[]
3931,,OVA,Manga,1,80,PG-13 - Teens 13 or older,7.67,16024,1555,4393,34754,45,,['Seinen'],['A.C.G.T.'],"['Action', 'Drama']",['Racing']
3932,,TV,Original,39,24,PG-13 - Teens 13 or older,6.95,746,5441,12723,2017,1,1976,[],['Toei Animation'],['Sci-Fi'],['Mecha']
3935,Hiwou War Chronicles,TV,Original,26,25,PG-13 - Teens 13 or older,7.19,1093,4037,11086,3191,3,2000,[],['Bones'],['Adventure'],"['Historical', 'Mecha']"
3936,Superbook 2,TV,Original,26,24,PG - Children,6.07,474,10678,13688,1507,4,1983,['Kids'],['Tatsunoko Production'],"['Adventure', 'Sci-Fi']",['Historical']
3937,Takoyaki Capeman,TV,Picture book,77,24,PG - Children,6.18,162,10054,16156,803,3,1998,[],['Studio Pierrot'],"['Comedy', 'Sci-Fi']",[]
3939,,OVA,Manga,4,28,Rx - Hentai,7.18,5528,,6205,14835,87,,[],"['T-Rex', 'Space-X']",['Hentai'],[]
3940,Maid to Please,OVA,Visual novel,2,29,Rx - Hentai,6.56,2351,,8422,6975,12,,[],['Flavors Soft'],['Hentai'],[]
3941,,OVA,Visual novel,2,28,Rx - Hentai,6.75,2146,,8955,6011,13,,[],['Anime Antenna Iinkai'],['Hentai'],[]
3942,Slight Fever Syndrome,OVA,Manga,2,38,Rx - Hentai,5.51,692,,12291,2294,7,,[],[],['Hentai'],[]
3944,,OVA,Visual novel,2,26,Rx - Hentai,6.8,4271,,7053,10846,29,,[],['T-Rex'],['Hentai'],[]
3945,,OVA,Visual novel,2,29,Rx - Hentai,6.54,995,,11405,2924,3,,[],['Inugoya'],['Hentai'],[]
3946,Chie the Brat,Movie,Manga,1,109,PG-13 - Teens 13 or older,7.05,2112,4868,9276,5465,15,,['Seinen'],['Tokyo Movie Shinsha'],"['Comedy', 'Drama']",[]
3947,,TV,Manga,64,24,G - All Ages,6.85,397,5993,12895,1893,3,1981,['Seinen'],['Tokyo Movie Shinsha'],"['Comedy', 'Drama']",[]
3948,,OVA,Manga,3,8,R+ - Mild Nudity,6.58,4013,7692,6436,13526,6,,[],['Xebec'],"['Action', 'Comedy', 'Romance', 'Supernatural', 'Ecchi']",['Harem']
3950,Mission of Darkness,OVA,Unknown,1,42,Rx - Hentai,5.18,615,,12850,1924,4,,[],['Momoi Planning'],['Hentai'],[]
3951,Slave Sisters,OVA,Visual novel,2,30,Rx - Hentai,5.67,638,,12444,2195,4,,[],"['Y.O.U.C', 'Phoenix Entertainment']",['Hentai'],[]
3952,,OVA,Manga,2,22,R - 17+ (violence & profanity),6.77,984,6472,10871,3387,0,,['Seinen'],"['Production I.G', 'Ashi Productions']","['Action', 'Adventure', 'Drama', 'Horror', 'Mystery', 'Romance', 'Supernatural']",['Mythology']
3953,DNA Hunter,OVA,Unknown,3,28,Rx - Hentai,5.52,983,,11141,3144,4,,[],['Blue Cat'],['Hentai'],[]
3954,,Special,Game,1,4,G - All Ages,6.68,3759,7096,7677,8811,6,,[],['ufotable'],['Comedy'],['School']
3956,,Special,Unknown,3,6,PG-13 - Teens 13 or older,7.17,21209,4189,3999,42080,51,,[],['J.C.Staff'],['Comedy'],['Parody']
3958,Kannagi: Crazy Shrine Maidens,TV,Manga,13,23,PG-13 - Teens 13 or older,7.28,71699,3432,1542,179699,392,2008,['Shounen'],['A-1 Pictures'],"['Comedy', 'Supernatural']","['School', 'Visual Arts']"
3962,,ONA,Novel,13,5,PG - Children,6.07,5703,10647,6572,12890,10,,['Kids'],"['Production I.G', 'Trans Arts']","['Adventure', 'Comedy']",[]
3963,∀ Gundam I: Earth Light,Movie,Original,1,128,PG-13 - Teens 13 or older,6.46,1662,8434,9089,5771,1,,[],['Sunrise'],"['Drama', 'Sci-Fi']","['Mecha', 'Military', 'Space']"
3964,∀ Gundam II: Moonlight Butterfly,Movie,Original,1,128,PG-13 - Teens 13 or older,6.58,1568,7718,9263,5490,1,,[],['Sunrise'],"['Drama', 'Sci-Fi']","['Mecha', 'Military', 'Space']"
3965,,Special,Manga,1,14,G - All Ages,7.34,16583,3064,4685,30066,14,,['Josei'],['J.C.Staff'],"['Comedy', 'Romance']","['Adult Cast', 'Performing Arts']"
3968,Dragoon,OVA,Game,3,28,R+ - Mild Nudity,6.27,1006,9550,11465,2878,2,,[],[],"['Adventure', 'Fantasy']",[]
3969,Thunderbirds 2086,TV,Unknown,18,25,PG-13 - Teens 13 or older,6.97,705,5305,12720,2020,3,1982,[],['Toei Animation'],"['Adventure', 'Sci-Fi']","['Mecha', 'Space']"
3970,Dirty Laundry,OVA,Visual novel,2,27,Rx - Hentai,7.08,5333,,6635,12625,78,,[],['T-Rex'],['Hentai'],[]
3972,Yu-Gi-Oh! 5D's,TV,Manga,154,24,PG-13 - Teens 13 or older,7.49,89449,2320,1733,154684,1707,2008,['Shounen'],['Gallop'],['Action'],['Strategy Game']
3973,,ONA,Unknown,24,9,G - All Ages,,,17400,19375,438,0,,[],['Nippon Animation'],['Comedy'],[]
3974,Birdy the Mighty: Decode,TV,Manga,13,23,PG-13 - Teens 13 or older,7.44,37396,2563,2324,104879,417,2008,['Seinen'],['A-1 Pictures'],"['Action', 'Comedy', 'Sci-Fi']",[]
3975,,TV,Other,102,23,G - All Ages,6.33,204,9223,15231,1020,2,2008,[],"['Toei Animation', 'Studio Animal']",['Slice of Life'],[]
3976,The Duchess of Busty Mounds,OVA,Original,2,28,Rx - Hentai,5.68,1988,,9312,5415,19,,[],['Y.O.U.C'],"['Drama', 'Hentai']",[]
3977,,Special,Visual novel,6,4,PG-13 - Teens 13 or older,6.24,1360,9722,10331,3997,0,,[],['OLM'],['Comedy'],"['Harem', 'School']"
3980,Mija Beautifull Demon,OVA,Unknown,2,27,Rx - Hentai,5.29,913,,11589,2783,3,,[],['AMGA'],['Hentai'],[]
3981,Classroom of Atonement,OVA,Visual novel,2,29,Rx - Hentai,5.32,1157,,10468,3803,10,,[],['Y.O.U.C'],['Hentai'],[]
3982,Demon Warrior Koji,OVA,Unknown,3,42,Rx - Hentai,5.82,671,,12476,2176,5,,[],['Phoenix Entertainment'],['Hentai'],[]
3983,Desert Island Story X,OVA,Visual novel,4,24,Rx - Hentai,5.6,574,,13036,1811,2,,[],['Triple X'],['Hentai'],[]
3989,Desert Rose: The Snow Apocalypse,OVA,Manga,1,44,R - 17+ (violence & profanity),6.3,2291,9394,7454,9463,18,,['Seinen'],['J.C.Staff'],['Action'],[]
3990,The Spider and the Tulip,Movie,Picture book,1,14,G - All Ages,5.65,1445,12724,11608,2771,1,,[],['Shochiku Animation Institute'],['Adventure'],[]
3991,Tweeny Witches the Adventures,OVA,Original,6,22,PG-13 - Teens 13 or older,6.71,1693,6890,8807,6214,5,,[],['Studio 4°C'],"['Adventure', 'Comedy', 'Fantasy']",['Isekai']
3992,Himekishi Lilia,OVA,Visual novel,6,27,Rx - Hentai,6.9,4414,,6478,13314,116,,[],['Anime Antenna Iinkai'],"['Fantasy', 'Horror', 'Hentai']",[]
3995,Double Duty Nurses,OVA,Visual novel,2,29,Rx - Hentai,6.41,2290,,8645,6528,36,,[],['Studio Eromatick'],['Hentai'],[]
3998,Rei and Fuko,OVA,Visual novel,4,26,Rx - Hentai,6.15,1288,,10159,4204,5,,[],['Anime Antenna Iinkai'],"['Horror', 'Supernatural', 'Hentai']",[]
3999,Dorei Maid Princess,OVA,Visual novel,4,26,Rx - Hentai,6.48,2286,,8343,7137,25,,[],['Anime Antenna Iinkai'],"['Fantasy', 'Hentai']",[]
4000,Cage,OVA,Manga,2,27,Rx - Hentai,6.0,965,,11580,2789,5,,[],['Studio Jam'],['Hentai'],[]
4003,,OVA,Original,4,39,R+ - Mild Nudity,6.62,3270,7417,6983,11147,39,,[],['Anime R'],"['Action', 'Ecchi']",['Mahou Shoujo']
4004,,OVA,Visual novel,2,29,Rx - Hentai,6.28,2734,,7858,8272,26,,[],['Himajin Planning'],"['Fantasy', 'Horror', 'Hentai']",[]
4009,Sex Ward,OVA,Original,2,30,Rx - Hentai,5.76,883,,11022,3260,5,,[],['Y.O.U.C'],['Hentai'],[]
4010,,OVA,Manga,2,27,Rx - Hentai,6.83,6512,,6172,15049,89,,[],['T-Rex'],"['Supernatural', 'Hentai']",['School']
4011,,OVA,Manga,2,27,Rx - Hentai,5.96,1345,,10034,4360,4,,[],['Maboroshi Koubou'],['Hentai'],"['Harem', 'School']"
4012,,Music,Original,1,3,PG-13 - Teens 13 or older,5.74,4011,,8158,7574,4,,[],['Studio 4°C'],['Action'],['Music']
4013,Paul in Fantasy Island,TV,Original,50,25,G - All Ages,7.25,708,3660,13241,1707,1,1976,['Kids'],['Tatsunoko Production'],"['Action', 'Adventure']",[]
4014,Locke the Superman: Lord Leon,OVA,Manga,3,29,PG-13 - Teens 13 or older,6.62,876,7412,12515,2154,1,,[],['Nippon Animation'],"['Action', 'Sci-Fi']",['Super Power']
4015,School Rumble: 3rd Semester,OVA,Manga,2,26,PG-13 - Teens 13 or older,7.31,37338,3263,3089,65979,91,,['Shounen'],['Studio Comet'],"['Comedy', 'Romance']","['Gag Humor', 'Love Polygon', 'School']"
4017,Magical Moe,OVA,Original,1,23,Rx - Hentai,5.2,719,,12104,2416,4,,[],['Blue Cat'],['Hentai'],[]
4021,Antique Bakery,TV,Manga,12,22,PG-13 - Teens 13 or older,7.02,16399,5062,4005,41986,116,2008,['Shoujo'],"['Nippon Animation', 'Shirogumi']","['Boys Love', 'Comedy', 'Gourmet']","['Adult Cast', 'Workplace']"
4025,,TV,Unknown,26,25,G - All Ages,6.25,603,9628,12964,1853,7,1994,['Kids'],[],"['Adventure', 'Fantasy']",[]
4026,Pokémon: Giratina and the Sky Warrior,Movie,Game,1,96,PG - Children,6.92,60756,5605,2393,100440,43,,['Kids'],['OLM'],"['Action', 'Adventure', 'Fantasy']",[]
4027,Jiburiru: Second Coming,OVA,Visual novel,4,29,Rx - Hentai,6.48,2504,,8563,6694,15,,[],['Studio Soul'],['Hentai'],['Super Power']
4028,,TV,Light novel,13,23,PG-13 - Teens 13 or older,7.3,19989,3329,4049,40728,43,2008,[],['J.C.Staff'],"['Action', 'Adventure', 'Comedy', 'Fantasy']",[]
4031,Charge!! Men's Private School,Movie,Manga,1,74,PG-13 - Teens 13 or older,6.92,1582,5613,10654,3592,5,,['Shounen'],['Toei Animation'],"['Action', 'Comedy']","['Delinquents', 'Martial Arts', 'School']"
4033,THE IDOLM@STER Live For You!,OVA,Game,1,17,PG-13 - Teens 13 or older,6.19,4044,10005,7142,10549,8,,[],['Actas'],"['Comedy', 'Drama']","['Idols (Female)', 'Music']"
4034,Venus 5,OVA,Unknown,2,47,Rx - Hentai,5.27,888,,11890,2560,5,,[],['Arms'],"['Comedy', 'Hentai']","['Parody', 'Super Power']"
4037,Cowboy Bebop: Session XX - Mish-Mash Blues,TV Special,Original,1,27,R - 17+ (violence & profanity),7.41,20551,2668,3479,53543,102,,[],['Sunrise'],['Sci-Fi'],"['Adult Cast', 'Space']"
4038,Psychic Squad,TV,Manga,51,24,PG-13 - Teens 13 or older,7.34,13054,3086,3606,49969,128,2008,['Shounen'],['SynergySP'],"['Action', 'Comedy']",['Super Power']
4039,Golgo 13,TV,Manga,50,24,R+ - Mild Nudity,7.59,12953,1843,3711,47677,255,2008,['Seinen'],['The Answer Studio'],"['Action', 'Adventure', 'Drama', 'Suspense']",['Adult Cast']
4042,Hanappe Bazooka,OVA,Manga,1,45,R+ - Mild Nudity,5.52,2165,13174,9564,5017,6,,[],['Studio Signal'],"['Action', 'Comedy', 'Ecchi']",[]
4044,Humanoid Monster Bem,TV,Original,26,25,PG-13 - Teens 13 or older,6.78,948,6464,11364,2953,4,1968,[],['Dai-Ichi Douga'],"['Horror', 'Supernatural']",['Mythology']
4049,Pandalian,TV,Unknown,26,25,G - All Ages,6.34,395,9124,14255,1304,2,2005,['Kids'],['Planet'],"['Adventure', 'Comedy', 'Fantasy']",['Super Power']
4050,Mushiking: The Guardians of the Forest,TV,Card game,52,22,G - All Ages,7.21,1872,3920,9652,4887,21,2005,[],['TMS Entertainment'],['Fantasy'],[]
4051,Web Ghosts PiPoPa,TV,Original,51,24,G - All Ages,6.79,883,6375,11859,2585,8,2008,['Kids'],['Studio Hibari'],"['Action', 'Adventure', 'Comedy', 'Sci-Fi']",[]
4052,Medabots Spirits,TV,Game,39,24,G - All Ages,6.76,11843,6566,5213,23270,25,2000,[],['Trans Arts'],"['Action', 'Adventure', 'Sci-Fi']",[]
4053,The Prince of Tennis: The National Tournament Finals,OVA,Manga,7,23,PG-13 - Teens 13 or older,7.97,21051,818,4123,39515,52,,['Shounen'],['M.S.C'],['Sports'],[]
4054,,TV,Original,26,20,G - All Ages,6.96,479,5377,14285,1298,3,1999,[],['Daume'],['Slice of Life'],['Pets']
4056,,TV,Manga,12,5,PG-13 - Teens 13 or older,6.95,1521,5445,10722,3523,1,2008,['Shounen'],['Studio Deen'],['Comedy'],['Gag Humor']
4057,,OVA,Visual novel,2,26,Rx - Hentai,6.23,2500,,8325,7167,37,,[],['Anime Antenna Iinkai'],"['Fantasy', 'Hentai']",['Mythology']
4058,Ladius,OVA,Original,1,48,PG-13 - Teens 13 or older,6.05,1455,10783,10937,3321,11,,[],['Ashi Productions'],"['Adventure', 'Sci-Fi']",['Mecha']
4059,"Clannad: Another World, Tomoyo Chapter",Special,Visual novel,1,23,PG-13 - Teens 13 or older,7.93,211553,861,882,320487,884,,[],['Kyoto Animation'],"['Drama', 'Romance']",['School']
4060,Grimm's Fairy Tale Classics,TV,Other,24,24,G - All Ages,7.55,2241,2015,8882,6124,31,1987,['Kids'],['Nippon Animation'],"['Adventure', 'Comedy', 'Fantasy']",[]
4061,Grimm's Fairy Tale Classics,TV,Other,23,20,G - All Ages,7.51,1448,2219,10804,3455,6,1988,['Kids'],['Nippon Animation'],"['Adventure', 'Comedy', 'Fantasy']",[]
4062,,TV,Manga,72,24,G - All Ages,7.47,959,2399,10794,3462,11,1985,['Shounen'],['Eiken'],['Sports'],['Combat Sports']
4063,Sekirei,TV,Manga,12,23,R+ - Mild Nudity,7.02,213622,5066,617,434456,1807,2008,['Seinen'],['Seven Arcs'],"['Action', 'Comedy', 'Romance', 'Ecchi']","['Harem', 'Super Power']"
4066,Tytania,TV,Light novel,26,24,PG-13 - Teens 13 or older,6.86,7831,5963,5444,20927,35,2008,[],['Artland'],"['Adventure', 'Romance', 'Sci-Fi']","['Military', 'Psychological', 'Space']"
4067,,TV,Game,50,23,PG - Children,7.16,976,4263,10397,3896,5,2000,['Kids'],['Tokyo Movie'],"['Action', 'Adventure', 'Fantasy']",[]
4068,,TV,Game,52,24,PG - Children,7.24,765,3738,11430,2903,4,2002,['Kids'],['Actas'],"['Action', 'Adventure', 'Fantasy']",[]
4069,Pucca: Funny Love,ONA,Other,46,2,G - All Ages,6.65,5137,7278,7479,9391,21,,[],[],"['Comedy', 'Romance']",[]
4070,Black Jack: Dr. Pinoco's Adventure,Movie,Manga,1,7,G - All Ages,6.21,964,9858,11645,2742,0,,[],[],['Comedy'],['Medical']
4071,,Special,Manga,2,23,G - All Ages,6.96,1170,5345,10680,3559,2,,['Shounen'],['Tezuka Productions'],['Adventure'],['Medical']
4073,,TV,Original,39,24,G - All Ages,7.12,832,4478,12828,1940,9,1977,[],[],[],['Mecha']
4074,The Call of the Wild,TV Special,Novel,1,66,G - All Ages,6.38,549,8875,13125,1761,4,,[],['Toei Animation'],"['Adventure', 'Drama']",[]
4075,Super Robot Wars Original Generation: Divine Wars Special,Special,Game,1,29,PG-13 - Teens 13 or older,6.93,1323,5561,11002,3277,4,,[],['OLM'],['Comedy'],['Mecha']
4078,,Special,Manga,1,5,PG-13 - Teens 13 or older,6.84,3137,6062,8421,6977,1,,['Seinen'],['Lyrics'],"['Comedy', 'Ecchi']",['School']
4080,,TV,Light novel,39,24,PG-13 - Teens 13 or older,7.75,15087,1314,4196,38035,136,2008,['Shoujo'],['Studio Deen'],"['Adventure', 'Comedy', 'Fantasy']",['Isekai']
4081,Natsume's Book of Friends,TV,Manga,13,24,PG-13 - Teens 13 or older,8.3,200331,322,427,589221,16829,2008,['Shoujo'],"[""Brain's Base""]","['Slice of Life', 'Supernatural']","['Iyashikei', 'Mythology']"
4082,Princess Comatose,Special,Manga,1,23,PG-13 - Teens 13 or older,6.95,5874,5430,6580,12850,12,,['Shounen'],['Madhouse'],"['Action', 'Comedy', 'Horror', 'Supernatural']",['Vampire']
4083,,TV,Original,26,22,PG-13 - Teens 13 or older,7.19,663,4067,13244,1707,1,1986,[],['Mushi Production'],"['Action', 'Sci-Fi']",['Space']
4084,The Erotic Temptress,OVA,Unknown,5,45,Rx - Hentai,6.02,901,,10990,3283,6,,[],['Horannabi'],"['Fantasy', 'Horror', 'Hentai']",[]
4085,,OVA,Other,3,19,R - 17+ (violence & profanity),5.62,408,12849,12971,1852,5,,[],['Group TAC'],"['Avant Garde', 'Horror']",['Psychological']
4086,,TV,Manga,51,25,G - All Ages,7.21,1719,3926,10678,3562,5,1993,[],['Nippon Animation'],"['Adventure', 'Comedy']",[]
4087,Michiko & Hatchin,TV,Original,22,22,R - 17+ (violence & profanity),7.84,66287,1085,1263,223425,2688,2008,[],['Manglobe'],"['Action', 'Adventure']",[]
4088,The Amazing 3,TV,Manga,52,23,G - All Ages,7.43,781,2605,12862,1917,10,1965,[],['Mushi Production'],"['Action', 'Adventure', 'Comedy', 'Sci-Fi']",[]
4091,sound / phantasma / mirror,Movie,Original,1,6,G - All Ages,5.82,1462,11915,11346,2975,2,,[],['Kojiro Shishido Animation Works'],['Slice of Life'],[]
4094,Batman: Gotham Knight,OVA,Other,6,12,R - 17+ (violence & profanity),6.92,18519,5572,4535,32104,68,,[],"['Bee Train', 'Production I.G', 'Madhouse', 'Studio 4°C']","['Action', 'Adventure']",['Martial Arts']
4095,,Movie,Book,1,19,G - All Ages,6.29,2768,9413,8853,6156,6,,[],[],"['Award Winning', 'Horror', 'Supernatural']",[]
4096,The Water Seed,Movie,Other,1,19,PG-13 - Teens 13 or older,5.51,206,13218,17905,563,0,,[],[],['Award Winning'],['Historical']
4097,Praise be to Small Ills,Movie,Original,1,17,G - All Ages,5.57,297,13014,15499,952,0,,[],[],['Award Winning'],"['Historical', 'Music']"
4098,,OVA,Unknown,1,40,PG-13 - Teens 13 or older,5.51,230,13231,14195,1327,0,,[],['Studio 4°C'],['Adventure'],[]
4099,,Movie,Unknown,1,10,PG - Children,6.23,688,9730,14217,1319,1,,[],['CoMix Wave Films'],['Fantasy'],[]
4101,,TV,Original,51,23,G - All Ages,7.2,559,4012,13210,1724,2,2006,['Kids'],['Studio Comet'],"['Comedy', 'Fantasy']",['Pets']
4103,,Movie,Other,1,8,PG-13 - Teens 13 or older,5.79,1110,12076,11878,2567,1,,[],['Production I.G'],[],['Racing']
4104,,TV,Other,15,1,G - All Ages,5.18,348,14058,15665,912,2,2003,[],[],['Comedy'],[]
4106,Trigun: Badlands Rumble,Movie,Manga,1,90,PG-13 - Teens 13 or older,7.91,82041,928,1732,154685,310,,['Shounen'],['Madhouse'],"['Action', 'Adventure', 'Sci-Fi']",['Adult Cast']
4107,Gurren Lagann The Movie: Childhood's End,Movie,Original,1,112,PG-13 - Teens 13 or older,8.19,90533,472,1442,193161,471,,[],['Gainax'],['Sci-Fi'],['Mecha']
4113,,TV,Original,48,23,G - All Ages,7.02,849,5048,11595,2780,3,1970,[],['Toei Animation'],"['Fantasy', 'Romance']",[]
4114,,TV,Unknown,52,22,PG - Children,7.43,2186,2598,8297,7204,48,2006,[],['Studio Comet'],"['Comedy', 'Fantasy']",[]
4119,Bio Armor Ryger,TV,Unknown,43,25,PG-13 - Teens 13 or older,7.43,890,2586,11043,3237,3,1989,[],['Sunrise'],['Sci-Fi'],['Mecha']
4121,Meimon! The Third Baseball Club,TV,Manga,40,24,PG-13 - Teens 13 or older,7.33,434,3126,14138,1341,2,1988,['Shounen'],['Studio Comet'],['Sports'],['Team Sports']
4124,,Movie,Original,1,50,G - All Ages,6.82,2870,6168,8721,6383,4,,[],['Toei Animation'],[],['Mahou Shoujo']
4126,Mahou no Tenshi Creamy Mami: Lovely Serenade,Music,Unknown,1,29,G - All Ages,5.74,426,,14586,1202,0,,[],['Studio Pierrot'],[],['Music']
4127,Sion,OVA,Visual novel,4,29,Rx - Hentai,6.47,1990,,9135,5687,34,,[],['Anime Antenna Iinkai'],"['Action', 'Fantasy', 'Hentai']",[]
4129,Mahou no Tenshi Creamy Mami: Curtain Call,Music,Unknown,1,45,G - All Ages,6.7,714,,13795,1468,0,,[],['Studio Pierrot'],['Comedy'],['Music']
4130,,ONA,Original,24,3,G - All Ages,5.46,11967,13368,4767,28838,44,,[],"['Xebec', 'Kanaban Graphics']",['Comedy'],['School']
4131,,OVA,Game,4,30,G - All Ages,7.27,568,3533,14133,1344,2,,[],['AC Create'],"['Action', 'Adventure']",[]
4132,Little Women,TV,Novel,26,23,G - All Ages,7.0,843,5179,12519,2146,3,1981,[],['Toei Animation'],['Drama'],['Historical']
4134,Naruto Shippuden: Konoha Gakuen - Special,Special,Manga,1,8,PG-13 - Teens 13 or older,7.13,33477,4433,3016,69006,186,,['Shounen'],['Studio Pierrot'],['Action'],"['Martial Arts', 'School']"
4136,Penguin Musume♥Heart,ONA,Manga,22,11,R+ - Mild Nudity,6.8,7166,6314,5619,19263,25,,['Shounen'],['Picture Magic'],"['Comedy', 'Ecchi']","['Otaku Culture', 'School']"
4138,The Adventures of Scamper the Penguin,OVA,Original,3,30,G - All Ages,7.39,2082,2787,10405,3887,14,,['Kids'],"['Life Work', 'Soyuzmultfilm']","['Adventure', 'Drama', 'Fantasy']",[]
4147,Doggy Poo,Movie,Picture book,1,33,G - All Ages,5.67,1568,12619,10836,3412,11,,['Kids'],['Itasca Studio'],['Fantasy'],[]
4149,,OVA,Original,1,35,R+ - Mild Nudity,5.02,1545,,10371,3931,1,,[],[],"['Comedy', 'Erotica']",[]
4150,,OVA,Original,1,35,PG-13 - Teens 13 or older,5.96,2064,11179,10261,4096,10,,[],['AIC'],"['Comedy', 'Sci-Fi']","['Parody', 'Space']"
4151,Blade of the Immortal,TV,Manga,13,24,R - 17+ (violence & profanity),6.88,27622,5830,2894,73884,156,2008,['Seinen'],['Bee Train'],"['Action', 'Adventure', 'Drama', 'Supernatural']","['Gore', 'Historical', 'Martial Arts', 'Samurai']"
4154,Firebird,TV,Unknown,52,20,PG-13 - Teens 13 or older,6.39,941,8860,12032,2468,3,1981,[],['Tatsunoko Production'],"['Adventure', 'Comedy', 'Fantasy']",['Mecha']
4155,One Piece Film: Strong World,Movie,Manga,1,115,PG-13 - Teens 13 or older,8.04,172998,701,1008,279416,483,,['Shounen'],['Toei Animation'],"['Action', 'Adventure', 'Fantasy']",[]
4156,Strawberry Marshmallow Prologue,Special,4-koma manga,1,4,PG-13 - Teens 13 or older,7.01,9460,5097,5858,17286,9,,[],['Daume'],['Comedy'],['CGDCT']
4157,,OVA,Unknown,1,22,Rx - Hentai,4.9,492,,13551,1566,2,,[],[],['Hentai'],[]
4158,,Music,Original,1,3,G - All Ages,5.71,1755,,10737,3511,0,,[],['Studio Ghibli'],[],['Music']
4161,Private Psycho Lesson,OVA,Unknown,2,28,Rx - Hentai,5.66,782,,11421,2909,3,,[],['J.C.Staff'],"['Comedy', 'Girls Love', 'Hentai']",[]
4162,You're Under Arrest: Diverting Traffic at the Beach,TV Special,Manga,1,23,PG-13 - Teens 13 or older,7.13,3029,4446,8387,7028,3,,['Seinen'],['Studio Deen'],"['Action', 'Comedy']","['Adult Cast', 'Workplace']"
4163,My Bride is a Mermaid OVA,OVA,Manga,2,29,PG-13 - Teens 13 or older,7.81,29536,1165,3373,56347,30,,['Shounen'],"['Gonzo', 'AIC']","['Comedy', 'Romance', 'Supernatural']","['Organized Crime', 'Parody', 'School']"
4164,Tales of Titillation,OVA,Manga,3,28,Rx - Hentai,5.94,1357,,9529,5075,25,,[],"['Studio Fantasia', 'Studio Signal']","['Comedy', 'Hentai']",[]
4166,ToHeart 2 AD,OVA,Visual novel,2,28,PG-13 - Teens 13 or older,7.04,3138,4958,7966,7976,5,,[],['Chaos Project'],"['Comedy', 'Romance', 'Ecchi']",[]
4173,,Special,Original,7,5,PG-13 - Teens 13 or older,6.42,1589,8687,9787,4678,2,,[],['J.C.Staff'],['Comedy'],[]
4176,,OVA,Original,1,45,R+ - Mild Nudity,5.6,1841,12912,10182,4185,2,,[],"['AIC', 'Artmic']","['Comedy', 'Sports']",['Combat Sports']
4177,Xam'd: Lost Memories,ONA,Original,26,24,PG-13 - Teens 13 or older,7.64,61110,1652,1751,153110,1129,,[],['Bones'],"['Action', 'Adventure', 'Fantasy', 'Sci-Fi']",['Military']
4178,Dream Hazard,OVA,Manga,1,27,Rx - Hentai,4.65,634,,12959,1855,3,,[],['Ripple Film'],['Hentai'],[]
4181,Clannad: After Story,TV,Visual novel,24,24,PG-13 - Teens 13 or older,8.93,700879,17,123,1286976,74113,2008,[],['Kyoto Animation'],"['Drama', 'Romance']",[]
4182,Darker Than Black Episode 26: Beneath the Fully Bloomed Cherry Blossoms,Special,Original,1,23,R - 17+ (violence & profanity),7.52,82621,2154,1807,147244,196,,[],['Bones'],['Comedy'],['Parody']
4183,Space Emperor God Sigma,TV,Unknown,50,24,PG-13 - Teens 13 or older,7.12,855,4506,12397,2220,4,1980,[],['Toei Animation'],[],"['Mecha', 'Space']"
4186,Chrome Shelled Regios,TV,Light novel,24,24,R - 17+ (violence & profanity),7.27,107508,3509,1261,223584,1070,2009,[],['Zexcs'],"['Action', 'Adventure', 'Fantasy', 'Sci-Fi']","['Military', 'School', 'Super Power']"
4187,Megumi,ONA,Other,1,25,G - All Ages,5.92,838,11399,11973,2502,1,,[],['Trans Arts'],[],['Historical']
4188,,OVA,Manga,3,30,PG-13 - Teens 13 or older,7.41,11463,2697,4475,33299,43,,['Shounen'],"['Shaft', 'Studio Pastoral']","['Adventure', 'Comedy', 'Romance', 'Supernatural', 'Ecchi']","['Harem', 'Vampire']"
4189,Winter Sonata,TV,Other,26,25,PG-13 - Teens 13 or older,7.27,5651,3494,5019,25533,71,2009,[],"['Studio Comet', 'KeyEast', 'REALTHING']","['Drama', 'Romance']",[]
4190,,Special,Visual novel,1,7,G - All Ages,6.53,524,7996,13432,1626,3,,[],['Yumeta Company'],"['Comedy', 'Fantasy']",[]
4191,Popolocrois Monogatari,TV,Game,25,23,PG - Children,7.32,1464,3203,9953,4461,16,1998,[],['Bee Train'],"['Adventure', 'Fantasy']",[]
4192,Hayate the Combat Butler!!,TV,Manga,25,24,PG-13 - Teens 13 or older,7.66,59130,1592,2119,120087,473,2009,['Shounen'],['J.C.Staff'],"['Action', 'Comedy', 'Romance']","['Harem', 'Parody']"
4195,,OVA,Manga,3,23,R - 17+ (violence & profanity),7.01,18110,5110,4430,34083,39,,[],['Diomedéa'],"['Comedy', 'Ecchi']",['School']
4196,,TV,Manga,12,24,R+ - Mild Nudity,6.71,30780,6881,2895,73807,87,2008,['Seinen'],['Arms'],"['Action', 'Ecchi']","['Martial Arts', 'School', 'Super Power']"
4197,Blue Dragon: Trials of the Seven Shadows,TV,Game,51,24,PG - Children,6.66,8950,7176,5524,20068,23,2008,[],['Studio Pierrot'],"['Adventure', 'Comedy', 'Fantasy']",[]
4198,,TV,Original,46,25,PG-13 - Teens 13 or older,7.36,1647,2944,9873,4567,14,1975,[],['Toei Animation'],"['Fantasy', 'Sci-Fi']",['Mecha']
4199,,TV,Unknown,30,24,PG-13 - Teens 13 or older,7.14,947,4344,11967,2508,5,1979,[],['Toei Animation'],"['Adventure', 'Drama', 'Romance']",['Historical']
4200,,OVA,Light novel,10,24,PG-13 - Teens 13 or older,7.43,4001,2574,7325,9925,25,,[],"['Sunrise', 'Kino Production']","['Adventure', 'Comedy', 'Sci-Fi']",[]
4201,,Movie,Unknown,1,75,G - All Ages,6.77,435,6484,12376,2225,3,,[],['Triangle Staff'],['Drama'],['Historical']
4202,Mokke Special Episodes,Special,Manga,2,23,PG - Children,6.8,987,6310,11840,2597,0,,['Seinen'],['Madhouse'],"['Mystery', 'Slice of Life', 'Supernatural']",['Iyashikei']
4205,,Special,Visual novel,1,24,PG-13 - Teens 13 or older,6.94,7204,5489,6506,13215,5,,[],['J.C.Staff'],['Romance'],['School']
4208,The New Adventures of Gigantor,TV,Manga,51,23,G - All Ages,7.27,1254,3531,11119,3167,10,1980,[],['Tokyo Movie Shinsha'],[],['Mecha']
4209,,TV,Original,12,24,PG - Children,6.56,2638,7819,8486,6837,5,2008,[],['Studio Deen'],"['Action', 'Comedy', 'Sci-Fi']",['School']
4210,Twilight of the Cockroaches,Movie,Original,1,105,PG-13 - Teens 13 or older,5.82,824,11909,11442,2893,2,,[],"['Madhouse', 'Animation Staff Room']",['Drama'],"['Anthropomorphic', 'Military']"
4211,Hareluya II Boy,TV,Manga,25,23,PG-13 - Teens 13 or older,7.12,815,4464,10452,3817,11,1997,['Shounen'],['Triangle Staff'],"['Action', 'Comedy', 'Fantasy']","['Delinquents', 'School']"
4213,,OVA,Visual novel,1,30,PG-13 - Teens 13 or older,6.16,1335,10147,10814,3444,2,,[],['Zexcs'],"['Drama', 'Romance']",[]
4214,Rosario + Vampire Capu2,TV,Manga,13,24,PG-13 - Teens 13 or older,6.88,266820,5841,605,441650,1131,2008,['Shounen'],['Gonzo'],"['Comedy', 'Fantasy', 'Romance', 'Ecchi']","['Harem', 'School', 'Vampire']"
4218,Towards the Rainbow,Movie,Original,1,18,G - All Ages,5.59,224,12946,17477,609,0,,[],[],"['Award Winning', 'Romance']",['Historical']
4220,,Movie,Original,1,25,G - All Ages,6.17,233,10097,16853,689,0,,[],[],"['Award Winning', 'Drama', 'Fantasy']",['Historical']
4224,Toradora!,TV,Light novel,25,23,PG-13 - Teens 13 or older,8.04,1472276,706,26,2367269,58452,2008,[],['J.C.Staff'],"['Drama', 'Romance']","['Love Polygon', 'School']"
4232,Mobile Suit Gundam MS IGLOO 2: Gravity of the Battlefront,OVA,Original,3,28,PG-13 - Teens 13 or older,6.48,7175,8289,6246,14513,7,,[],['Sunrise'],['Sci-Fi'],"['Mecha', 'Military']"
4240,Galactic Cyclone Braiger,TV,Original,39,23,PG-13 - Teens 13 or older,7.3,1021,3299,10735,3510,14,1981,[],['Toei Animation'],"['Adventure', 'Sci-Fi']","['Mecha', 'Space']"
4242,Galactic Gale Baxingar,TV,Original,39,24,PG-13 - Teens 13 or older,7.16,694,4231,12457,2180,2,1982,[],['Kokusai Eigasha'],['Adventure'],['Mecha']
4244,Galactic Gale Sasuraiger,TV,Original,43,25,PG-13 - Teens 13 or older,7.53,667,2110,12352,2245,4,1983,[],[],['Adventure'],['Mecha']
4246,"Eureka Seven - good night, sleep tight, young lovers",Movie,Original,1,115,PG-13 - Teens 13 or older,7.13,23611,4422,3747,47021,100,,[],"['Bones', 'Kinema Citrus']","['Adventure', 'Romance', 'Sci-Fi']",['Mecha']
4250,That is an UFO! The Flying Saucer,Movie,Original,1,16,PG - Children,5.26,1168,13897,12696,2036,0,,[],['Toei Animation'],['Sci-Fi'],['Space']
4252,,OVA,Unknown,2,30,PG-13 - Teens 13 or older,5.94,1037,11278,12016,2479,1,,[],"['AIC', 'animate Film']","['Action', 'Adventure']",[]
4260,Five Card,OVA,Visual novel,4,28,Rx - Hentai,5.77,646,,12735,2011,1,,[],['Alice Production'],"['Comedy', 'Hentai']",['School']
4262,,TV,Visual novel,12,24,R+ - Mild Nudity,6.72,20175,6815,3505,52666,115,2008,[],['Doga Kobo'],"['Action', 'Adventure', 'Ecchi']","['Historical', 'Martial Arts']"
4264,Ultraviolet: Code 044,TV,Other,12,24,R - 17+ (violence & profanity),5.77,1618,12166,7821,8386,5,2008,[],['Madhouse'],"['Action', 'Sci-Fi']",[]
4266,,ONA,Original,8,7,PG-13 - Teens 13 or older,4.69,373,14669,12747,2005,3,,[],"['Radix', 'Marine Entertainment']","['Drama', 'Sci-Fi']",['Vampire']
4278,,OVA,Manga,2,27,Rx - Hentai,6.41,1610,,9783,4681,11,,[],['Suzuki Mirano'],['Hentai'],['School']
4280,The Garden of Sinners Chapter 4: The Hollow Shrine,Movie,Light novel,1,46,R - 17+ (violence & profanity),7.82,149825,1132,1180,240618,334,,[],['ufotable'],"['Action', 'Fantasy', 'Mystery', 'Suspense']",['Urban Fantasy']
4282,The Garden of Sinners Chapter 5: Paradox Spiral,Movie,Light novel,1,114,R - 17+ (violence & profanity),8.51,140166,160,1110,254383,4712,,[],['ufotable'],"['Action', 'Drama', 'Fantasy', 'Mystery', 'Romance', 'Suspense']",['Urban Fantasy']
4286,Bonobono,TV,4-koma manga,48,11,G - All Ages,7.25,856,3618,12268,2307,10,1995,[],['Group TAC'],['Comedy'],['Anthropomorphic']
4298,Joe vs Joe,OVA,Unknown,6,28,R - 17+ (violence & profanity),5.64,504,12750,12886,1896,4,,['Shounen'],['Office AO'],['Sports'],['Combat Sports']
4304,A Forbidden Time,OVA,Manga,7,28,Rx - Hentai,6.05,3663,,7106,10685,47,,[],"['Meltdown', 'Onion Studio']",['Hentai'],[]
4306,Mon Mon the Water Spider,Movie,Original,1,15,G - All Ages,6.57,1276,7758,9933,4489,4,,['Kids'],['Studio Ghibli'],"['Fantasy', 'Romance']",[]
4310,University Girls: Special Counseling,OVA,Original,1,21,Rx - Hentai,3.57,779,,12489,2170,1,,[],['Obtain Future'],['Hentai'],[]
4312,Fist of the North Star: The Legend of Toki,OVA,Manga,1,57,R - 17+ (violence & profanity),7.47,4382,2385,7308,9988,16,,['Shounen'],['APPP'],['Action'],['Martial Arts']
4314,,TV,Other,16,5,G - All Ages,6.17,266,10092,16345,767,1,2005,['Kids'],"['Group TAC', 'Robot Communications']",['Comedy'],[]
4316,,TV,Other,16,5,G - All Ages,6.05,232,10788,16590,729,1,2006,['Kids'],"['Group TAC', 'Robot Communications']",['Comedy'],[]
4318,Dragon Century,OVA,Unknown,2,27,R - 17+ (violence & profanity),6.29,1529,9453,10829,3427,10,,[],['AIC'],"['Action', 'Fantasy', 'Sci-Fi']","['Mythology', 'Urban Fantasy']"
4320,,OVA,Manga,1,79,PG-13 - Teens 13 or older,6.72,4892,6820,7247,10209,16,,['Seinen'],['TMS Entertainment'],"['Action', 'Adventure', 'Comedy', 'Mystery']",['Adult Cast']
4331,,TV,Manga,100,10,G - All Ages,5.8,328,12028,15451,968,2,2008,['Kids'],['Shogakukan Music & Digital Entertainment'],['Comedy'],[]
4332,,TV,Unknown,39,25,PG-13 - Teens 13 or older,6.99,538,5215,13414,1630,3,1972,[],['Knack Productions'],"['Action', 'Mystery']",[]
4334,,TV,Original,26,24,PG-13 - Teens 13 or older,6.84,16779,6048,3897,44090,81,2010,[],['Bones'],['Sci-Fi'],"['Mecha', 'Super Power']"
4339,Attack on Tomorrow,TV,Original,23,24,PG-13 - Teens 13 or older,6.82,1106,6151,11205,3096,7,1977,[],['Nippon Animation'],"['Drama', 'Sports']","['School', 'Team Sports']"
4340,Tower of Etruria,OVA,Manga,2,29,Rx - Hentai,5.69,606,,12540,2140,2,,[],['Shinkuukan'],"['Adventure', 'Comedy', 'Hentai']",['Harem']
4342,,OVA,Visual novel,2,27,Rx - Hentai,6.77,2566,,8291,7216,10,,[],['Studio 9 Maiami'],['Hentai'],['Harem']
4350,Legend of the Wolf Woman,OVA,Original,2,26,Rx - Hentai,5.62,1169,,10657,3589,4,,[],['Studio Kyuuma'],"['Horror', 'Sci-Fi', 'Supernatural', 'Hentai']",['Military']
4353,Heaven Academy Specials,Special,Visual novel,12,1,PG-13 - Teens 13 or older,6.62,3461,7425,8109,7690,7,,[],['Tokyo Kids'],['Comedy'],[]
4355,,OVA,Visual novel,1,18,Rx - Hentai,5.8,1252,,10685,3559,9,,[],['Studio Jam'],['Hentai'],[]
4356,,OVA,Visual novel,2,28,Rx - Hentai,5.73,1476,,9919,4506,10,,[],[],['Hentai'],[]
4357,Elle,OVA,Visual novel,2,26,Rx - Hentai,5.47,956,,11490,2859,3,,[],['Arms'],"['Action', 'Sci-Fi', 'Hentai']",[]
4358,Lover-in-Law,OVA,Visual novel,2,25,Rx - Hentai,7.2,11211,,5115,24303,192,,[],['Oz Inc.'],['Hentai'],[]
4360,,OVA,Visual novel,4,27,Rx - Hentai,6.93,5458,,6457,13438,118,,[],['Anime Antenna Iinkai'],"['Sci-Fi', 'Supernatural', 'Hentai']",[]
4361,Grenadier: The Beautiful Warrior Specials,Special,Manga,6,1,PG-13 - Teens 13 or older,6.44,2192,8526,8375,7063,2,,[],"['Group TAC', 'Studio Live']","['Comedy', 'Ecchi']",['Parody']
4362,Fireball,TV,Original,13,1,G - All Ages,6.66,6164,7186,6795,11870,32,2008,[],['Jinnis Animation Studios'],"['Comedy', 'Sci-Fi']",[]
4363,Xpress Train,OVA,Visual novel,2,29,Rx - Hentai,6.2,2005,,9438,5219,10,,[],['Y.O.U.C'],['Hentai'],[]
4364,The Last Kunoichi,OVA,Original,2,30,Rx - Hentai,5.88,951,,10770,3481,6,,[],['Dream Entertainment'],['Hentai'],[]
4365,,OVA,Visual novel,1,27,Rx - Hentai,6.08,2403,,8470,6862,21,,[],[],['Hentai'],[]
4369,Ninja,OVA,Original,6,23,Rx - Hentai,5.03,654,,11497,2852,2,,[],[],"['Action', 'Comedy', 'Supernatural', 'Hentai']","['Martial Arts', 'Mythology', 'School']"
4371,Space Warrior Baldios,Movie,Unknown,1,118,PG-13 - Teens 13 or older,6.75,978,6641,12232,2322,4,,[],[],['Sci-Fi'],"['Mecha', 'Space']"
4375,,TV,Other,91,25,PG - Children,7.45,1811,2498,10520,3737,25,1999,[],['Group TAC'],"['Adventure', 'Comedy', 'Fantasy']",[]
4378,,OVA,Original,1,27,Rx - Hentai,5.64,1034,,11345,2975,6,,[],['Arms'],['Hentai'],[]
4379,Inmu: Feast of Victims,OVA,Original,2,28,Rx - Hentai,5.6,819,,11544,2819,5,,[],['PP Project'],"['Supernatural', 'Hentai']",['Mythology']
4382,The Melancholy of Haruhi Suzumiya (2009),TV,Light novel,14,24,PG-13 - Teens 13 or older,7.24,323657,3742,438,568203,2514,2009,[],['Kyoto Animation'],"['Comedy', 'Mystery', 'Sci-Fi']",['School']
4383,,TV,Original,6,4,PG-13 - Teens 13 or older,6.25,846,9633,12665,2052,4,2008,[],[],"['Comedy', 'Fantasy']",['Anthropomorphic']
4385,,Movie,Manga,1,30,PG-13 - Teens 13 or older,6.31,1498,9311,10873,3381,4,,[],['Toei Animation'],['Sci-Fi'],['Mecha']
4386,,Movie,Manga,1,25,PG-13 - Teens 13 or older,6.41,1217,8716,11540,2823,1,,[],['Toei Animation'],['Sci-Fi'],['Mecha']
4387,,Movie,Manga,1,24,PG-13 - Teens 13 or older,6.74,1549,6704,10723,3522,5,,[],['Toei Animation'],['Sci-Fi'],['Mecha']
4389,,OVA,Game,3,11,PG - Children,4.75,1850,14598,10213,4142,14,,[],['Studio Junio'],"['Adventure', 'Comedy']",[]
4390,Momotaro's Sky Adventure,Movie,Original,1,12,G - All Ages,5.12,919,14166,12989,1844,0,,[],[],"['Adventure', 'Comedy']",['Military']
4391,The Monkey Sword Masamune,Movie,Original,1,9,G - All Ages,5.46,1038,13373,12786,1967,0,,[],[],['Adventure'],['Military']
4392,The Plane Cabby's Lucky Day,Movie,Original,1,10,G - All Ages,5.06,722,14266,13726,1492,0,,[],[],['Comedy'],[]
4393,The National Anthem Kimigayo,Movie,Original,1,3,G - All Ages,4.79,1197,14568,12126,2398,0,,[],[],[],"['Historical', 'Music']"
4394,Corporal Norakuro,Movie,Manga,1,10,G - All Ages,5.02,779,14314,13583,1554,0,,[],[],['Adventure'],[]
4395,Private 2nd Class Norakuro: The Drill,Movie,Manga,1,5,G - All Ages,5.04,643,14294,14025,1382,1,,[],[],['Adventure'],[]
4396,The Monkey Fleet,Movie,Original,1,1,G - All Ages,4.56,825,14757,13732,1489,0,,[],[],[],"['Military', 'Music']"
4397,Sankichi the Monkey: The Storm Troopers,Movie,Original,1,9,G - All Ages,4.59,805,14739,13484,1598,0,,[],[],[],['Military']
4398,The Black Cat,Movie,Original,1,3,G - All Ages,5.27,1970,13871,10349,3973,5,,[],[],['Fantasy'],[]
4399,,OVA,Visual novel,3,29,Rx - Hentai,6.84,3871,,6820,11774,32,,[],['T-Rex'],['Hentai'],"['Harem', 'School']"
4400,Inmu 2: Flesh Dreams,OVA,Original,2,30,Rx - Hentai,5.62,635,,12644,2067,0,,[],['PP Project'],['Hentai'],[]
4406,,Movie,Manga,1,43,PG-13 - Teens 13 or older,6.84,1552,6058,10774,3476,1,,['Shounen'],['Toei Animation'],[],['Mecha']
4411,Future Robo Daltanius,TV,Original,47,24,PG-13 - Teens 13 or older,7.24,975,3732,11900,2553,7,1979,[],"['Sunrise', 'Toei Animation']",['Sci-Fi'],"['Mecha', 'Space']"
4415,Sands of Destruction,TV,Game,13,24,PG-13 - Teens 13 or older,6.97,24802,5339,3440,54679,116,2008,[],['Production I.G'],"['Adventure', 'Fantasy']",[]
4416,King of Braves GaoGaiGar Final Grand Glorious Gathering,TV,Original,12,24,PG-13 - Teens 13 or older,7.63,1628,1724,9576,4998,15,2005,[],['Sunrise'],['Sci-Fi'],"['Mecha', 'Super Power']"
4417,,ONA,Unknown,6,3,,,,17093,19425,434,0,,[],['Gonzo'],['Comedy'],[]
4418,,ONA,Original,8,4,PG-13 - Teens 13 or older,6.15,832,10172,13403,1637,1,,[],[],"['Comedy', 'Fantasy']",['Anthropomorphic']
4419,Catman,ONA,Original,7,3,PG-13 - Teens 13 or older,5.96,1281,11174,10885,3364,12,,[],[],"['Comedy', 'Fantasy']",['Anthropomorphic']
4420,,Special,Original,1,18,G - All Ages,5.98,606,11120,14060,1369,0,,['Kids'],['Production I.G'],"['Action', 'Comedy']",['Vampire']
4421,Moetan,Special,Other,2,26,R+ - Mild Nudity,6.47,2916,8359,8768,6286,4,,[],['Actas'],"['Comedy', 'Ecchi']","['Mahou Shoujo', 'School']"
4427,Fight!! Ramenman,TV,Manga,35,23,R - 17+ (violence & profanity),6.93,663,5561,12463,2184,9,1988,['Shounen'],['Toei Animation'],"['Action', 'Adventure']",['Martial Arts']
4437,Naruto Shippuden the Movie 2: Bonds,Movie,Manga,1,92,PG-13 - Teens 13 or older,7.29,163356,3382,974,289350,270,,['Shounen'],['Studio Pierrot'],"['Action', 'Adventure', 'Fantasy']",[]
4439,Judo Boy,TV,Manga,26,25,PG-13 - Teens 13 or older,6.48,750,8295,11577,2793,9,1969,['Shounen'],['Tatsunoko Production'],['Action'],['Martial Arts']
4440,Judo Story,TV Special,Novel,1,72,PG-13 - Teens 13 or older,6.59,525,7644,13703,1503,2,,[],['Tokyo Movie Shinsha'],['Sports'],['Combat Sports']
4443,,TV,Original,52,21,PG-13 - Teens 13 or older,6.3,3002,9360,8875,6132,2,2004,['Kids'],['Studio Hibari'],"['Action', 'Adventure', 'Comedy']",[]
4444,,TV,Original,12,23,PG-13 - Teens 13 or older,6.03,1036,10899,11328,2989,1,2007,['Kids'],['SynergySP'],"['Adventure', 'Comedy', 'Sports']",['Strategy Game']
4447,Detective Conan Movie 12: Full Score of Fear,Movie,Manga,1,116,PG-13 - Teens 13 or older,7.8,30170,1189,3525,52212,28,,['Shounen'],['TMS Entertainment'],"['Adventure', 'Comedy', 'Mystery']",['Detective']
4450,Chrono Crusade: Azmaria's Lessons,Special,Manga,11,3,PG-13 - Teens 13 or older,6.47,3805,8335,6990,11123,10,,[],['Gonzo'],"['Adventure', 'Comedy', 'Supernatural']","['Historical', 'Mythology']"
4451,,OVA,Manga,2,45,R+ - Mild Nudity,6.32,1266,9291,10451,3813,5,,[],['J.C.Staff'],"['Comedy', 'Romance', 'Ecchi']",['School']
4452,,OVA,Manga,1,41,PG-13 - Teens 13 or older,6.05,793,10769,13200,1729,0,,['Shounen'],['Pastel'],"['Comedy', 'Romance']",[]
4454,,Special,Original,1,27,PG-13 - Teens 13 or older,7.66,6020,1597,6458,13421,5,,[],['Satelight'],['Sci-Fi'],"['Mecha', 'Military', 'Music', 'Space']"
4458,Bavel's Book,TV Special,Original,1,5,G - All Ages,5.52,1902,13167,10849,3403,1,,['Kids'],['Yamamura Animation'],[],[]
4459,Prince Mackaroo,TV,Original,,10,G - All Ages,6.36,602,9030,11943,2523,7,1998,['Kids'],['Gallop'],"['Adventure', 'Award Winning', 'Comedy', 'Fantasy']",[]
4460,,ONA,Original,1,6,PG-13 - Teens 13 or older,5.68,4863,12568,7302,10010,8,,[],['Studio Rikka'],['Avant Garde'],['Psychological']
4461,,TV Special,Unknown,1,2,G - All Ages,6.02,1238,10919,12113,2409,1,,[],['Yamamura Animation'],['Drama'],[]
4462,Mighty Taro's Reckless Training,Movie,Original,1,1,G - All Ages,4.7,988,14658,13142,1761,1,,[],[],['Action'],[]
4463,Custom Slave,OVA,Visual novel,1,28,Rx - Hentai,5.13,814,,12141,2385,4,,[],['G.P Entertainment'],['Hentai'],[]
4467,,Music,Original,1,4,G - All Ages,6.41,1391,,11974,2504,1,,[],['Production I.G'],['Fantasy'],['Music']
4468,,TV,Unknown,26,25,G - All Ages,7.29,609,3378,13836,1454,3,1992,[],[],"['Adventure', 'Fantasy']",[]
4469,.hack//G.U. Trilogy: Parody Mode,Special,Game,1,6,PG-13 - Teens 13 or older,6.34,4347,9093,6960,11243,10,,[],[],"['Comedy', 'Fantasy', 'Sci-Fi']","['Parody', 'Video Game']"
4470,,TV,Original,56,15,PG - Children,6.94,470,5479,14223,1317,2,1994,[],[],"['Action', 'Adventure', 'Fantasy', 'Sci-Fi']",['Historical']
4471,,Movie,Manga,1,41,PG-13 - Teens 13 or older,6.01,667,10982,12788,1968,3,,[],['Sunrise'],['Adventure'],[]
4472,Lucky☆Star OVA,OVA,4-koma manga,1,42,PG-13 - Teens 13 or older,7.81,93149,1157,1755,152582,235,,[],['Kyoto Animation'],['Comedy'],"['CGDCT', 'School', 'Video Game']"
4473,Shoujo Sect,OVA,Manga,3,27,Rx - Hentai,6.66,14049,,4511,32587,159,,[],['Amarcord'],"['Girls Love', 'Hentai']",[]
4475,The Old Crocodile,Movie,Picture book,1,12,G - All Ages,6.21,1625,9898,10749,3504,2,,[],['Yamamura Animation'],"['Award Winning', 'Drama']",[]
4476,Saiyuki Interactive,OVA,Manga,1,46,PG-13 - Teens 13 or older,6.86,1665,5925,9511,5120,8,,[],['Studio Pierrot'],"['Adventure', 'Fantasy']",[]
4477,,TV,Manga,11,23,PG-13 - Teens 13 or older,8.14,78271,538,1983,130983,294,2008,['Josei'],['J.C.Staff'],"['Comedy', 'Romance']","['Adult Cast', 'Music', 'Performing Arts']"
4479,Sinners Paradise,OVA,Original,2,28,Rx - Hentai,5.33,668,,12545,2139,0,,[],['Y.O.U.C'],['Hentai'],[]
4480,,OVA,Visual novel,2,27,Rx - Hentai,6.07,964,,10922,3335,9,,[],['Suzuki Mirano'],['Hentai'],[]
4481,Alakazam the Great,Movie,Novel,1,88,G - All Ages,6.19,1587,9995,10290,4061,9,,[],['Toei Animation'],"['Adventure', 'Fantasy']",['Mythology']
4483,Someday's Dreamers II: Sora,TV,Manga,12,23,G - All Ages,7.28,7790,3438,4701,29838,71,2008,['Shounen'],['HAL Film Maker'],"['Fantasy', 'Slice of Life']","['Iyashikei', 'Urban Fantasy']"
4484,"Darkness of the Sea, Shadow of the Moon",OVA,Manga,3,29,R - 17+ (violence & profanity),6.45,1066,8492,11143,3139,4,,['Shoujo'],['Visual 80'],"['Drama', 'Horror', 'Romance']",['Super Power']
4485,Nightsong of Splendor,OVA,Manga,4,28,R+ - Mild Nudity,6.96,1400,5366,9957,4456,16,,[],['Magic Bus'],"['Drama', 'Romance']",['Historical']
4486,Getter Robo G,TV,Manga,39,24,PG-13 - Teens 13 or older,6.92,1593,5577,10080,4293,6,1975,['Shounen'],['Toei Animation'],['Sci-Fi'],['Mecha']
4487,,OVA,Visual novel,2,28,Rx - Hentai,5.71,758,,12281,2299,4,,[],['Arms'],['Hentai'],[]
4488,,OVA,Visual novel,3,28,Rx - Hentai,5.82,866,,11970,2505,6,,[],"['Image House', 'Onion Studio']",['Hentai'],[]
4489,,OVA,Visual novel,2,28,Rx - Hentai,6.04,765,,11847,2592,0,,[],['Triple X'],['Hentai'],[]
4490,My Fair Masseuse,OVA,Manga,1,40,Rx - Hentai,6.28,869,,12101,2417,9,,[],['Atorie A.B.C.'],['Hentai'],[]
4491,,OVA,Manga,2,24,Rx - Hentai,6.15,2964,,8319,7174,23,,[],['Blue Cat'],['Hentai'],[]
4492,Holy Sleazy School,OVA,Original,1,18,Rx - Hentai,5.65,1259,,10177,4188,11,,[],['Studio Jam'],['Hentai'],[]
4493,,OVA,Original,1,24,Rx - Hentai,6.14,1328,,10480,3788,9,,[],['Obtain Future'],"['Sci-Fi', 'Hentai']",[]
4494,Captivating Lust,OVA,Manga,1,25,Rx - Hentai,6.27,2066,,9538,5057,14,,[],['Studio Jam'],['Hentai'],[]
4495,,OVA,Manga,1,29,Rx - Hentai,5.2,362,,14356,1273,1,,[],['Sonsan Kikaku'],['Hentai'],[]
4496,Zero Sum Game,OVA,Manga,1,29,Rx - Hentai,5.23,1075,,11062,3217,5,,[],[],['Hentai'],[]
4497,,OVA,Unknown,1,27,Rx - Hentai,4.84,427,,13994,1393,1,,[],['Studio Kyuuma'],['Hentai'],[]
4498,,OVA,Manga,1,30,Rx - Hentai,5.55,846,,11947,2521,3,,[],['Y.O.U.C'],['Hentai'],[]
4502,,OVA,Manga,3,28,Rx - Hentai,7.28,6779,,5952,16592,79,,[],['Maboroshi Koubou'],['Hentai'],[]
4503,Super Dimension Cavalry Southern Cross,TV,Original,23,23,R+ - Mild Nudity,6.66,3761,7180,7402,9644,19,1984,[],['Tatsunoko Production'],"['Drama', 'Sci-Fi']",['Mecha']
4504,Emergency Departure Rescue Kids,TV,Original,50,25,PG-13 - Teens 13 or older,7.14,523,4360,13910,1424,2,1991,[],['Tokyo Movie Shinsha'],"['Adventure', 'Comedy', 'Sci-Fi']",['Mecha']
4508,D.C.S.S: Da Capo Second Season Omake,Special,Visual novel,2,7,PG-13 - Teens 13 or older,6.54,2133,7915,8282,7232,2,,[],['feel.'],"['Comedy', 'Romance']",['Harem']
4509,,Special,Novel,1,58,PG-13 - Teens 13 or older,6.02,426,10901,14437,1244,2,,[],[],"['Action', 'Adventure', 'Sci-Fi']",[]
4511,,TV,Unknown,39,23,G - All Ages,7.28,638,3426,13471,1605,4,1980,[],['Wako Production'],"['Adventure', 'Slice of Life']",[]
4513,Panda and the Magic Serpent,Movie,Other,1,79,G - All Ages,6.06,2661,10722,8491,6834,10,,[],['Toei Animation'],"['Adventure', 'Fantasy', 'Romance']",['Historical']
4514,Monarch: The Big Bear of Tallac,TV,Novel,26,24,G - All Ages,7.03,1507,5012,11126,3162,11,1977,[],['Nippon Animation'],"['Adventure', 'Drama']",['Historical']
4515,Bannertail: The Story of Gray Squirrel,TV,Novel,26,23,G - All Ages,7.12,1092,4497,12059,2450,3,1979,['Kids'],['Nippon Animation'],['Drama'],[]
4521,Watt Poe,OVA,Unknown,1,54,PG - Children,6.73,619,6769,14101,1354,0,,[],['Kaname Productions'],"['Adventure', 'Sci-Fi']",[]
4522,,OVA,Manga,1,48,R+ - Mild Nudity,5.95,977,11225,11771,2647,0,,['Seinen'],['J.C.Staff'],"['Action', 'Suspense']",[]
4524,,Movie,Game,1,91,PG-13 - Teens 13 or older,5.9,816,11527,11356,2963,8,,[],[],"['Action', 'Adventure']","['Martial Arts', 'Strategy Game']"
4531,,OVA,Manga,1,50,R - 17+ (violence & profanity),3.41,3216,14965,8633,6555,10,,[],['Agent 21'],"['Action', 'Horror', 'Supernatural']","['Mythology', 'Super Power']"
4532,Brave of the Sun Fighbird,TV,Original,48,23,G - All Ages,7.42,1185,2657,9594,4974,13,1991,[],['Sunrise'],['Sci-Fi'],['Mecha']
4533,Space Family Carlvinson,OVA,Manga,1,45,PG-13 - Teens 13 or older,6.87,1822,5905,10252,4106,10,,[],['Doga Kobo'],"['Comedy', 'Fantasy', 'Sci-Fi']",['Childcare']
4534,Locke the Superman: New World Command,OVA,Manga,2,50,PG-13 - Teens 13 or older,6.36,672,8995,13000,1838,0,,[],['Nippon Animation'],"['Action', 'Sci-Fi']",['Super Power']
4535,,ONA,Original,7,14,PG-13 - Teens 13 or older,6.78,36351,6400,2762,79731,372,,[],['AIC'],['Girls Love'],"['Love Polygon', 'School']"
4536,Invincible Robo Trider G7,TV,Original,50,24,G - All Ages,6.91,790,5662,12465,2183,1,1980,[],['Sunrise'],"['Comedy', 'Sci-Fi']","['Mecha', 'Space']"
4537,,OVA,Manga,3,28,PG-13 - Teens 13 or older,6.31,982,9349,11992,2495,3,,[],"['Production I.G', 'Kitty Film Mitaka Studio']",['Comedy'],[]
4540,Gundam: Mission To The Rise,Special,Original,1,2,PG-13 - Teens 13 or older,5.48,2263,13297,8835,6175,2,,[],['Sunrise'],['Sci-Fi'],['Mecha']
4541,Vicious,OVA,Manga,2,28,Rx - Hentai,5.84,897,,11948,2519,4,,[],['KKC Animation Production'],['Hentai'],[]
4544,,Movie,Unknown,1,95,G - All Ages,,,21371,16784,700,1,,[],[],['Fantasy'],[]
4547,,TV,Unknown,26,5,PG - Children,,,19878,18002,554,0,2008,[],['Toei Animation'],['Sci-Fi'],[]
4548,,TV,Manga,12,24,PG-13 - Teens 13 or older,6.82,37982,6215,1630,168739,287,2008,['Shounen'],['Nomad'],"['Action', 'Comedy', 'Fantasy']","['Mythology', 'Urban Fantasy']"
4549,Legends of the Dark King: A Fist of the North Star Story,TV,Manga,13,24,R - 17+ (violence & profanity),7.1,5326,4607,6343,14001,30,2008,[],['Satelight'],"['Action', 'Drama']",['Martial Arts']
4550,,TV,Manga,13,24,PG-13 - Teens 13 or older,7.28,21302,3428,3732,47433,113,2008,['Shounen'],['Nippon Animation'],['Comedy'],"['CGDCT', 'School']"
4551,Earl and Fairy,TV,Light novel,12,25,PG-13 - Teens 13 or older,7.2,58670,3967,1950,134283,582,2008,['Shoujo'],['Artland'],"['Adventure', 'Romance', 'Supernatural']","['Historical', 'Mythology']"
4553,,TV Special,Unknown,13,5,G - All Ages,5.83,166,11872,18047,551,2,,[],[],['Fantasy'],[]
4554,Startling Doctor,TV,Manga,26,25,PG-13 - Teens 13 or older,7.29,786,3350,12500,2162,4,1998,['Shounen'],['Studio Pierrot'],['Comedy'],['School']
4555,Milf Mansion,OVA,Visual novel,2,27,Rx - Hentai,6.08,2375,,8905,6103,11,,[],['Y.O.U.C'],['Hentai'],[]
4556,Fobia,OVA,Unknown,2,42,Rx - Hentai,4.77,455,,13135,1762,1,,[],[],"['Horror', 'Hentai']",[]
4557,,OVA,Visual novel,1,28,Rx - Hentai,5.08,359,,13642,1532,1,,[],['Shindeban Film'],['Hentai'],[]
4558,Snow Night Stories,OVA,Original,3,15,Rx - Hentai,5.75,918,,11946,2523,2,,[],['Schoolzone'],['Hentai'],['Historical']
4560,,OVA,Manga,2,28,Rx - Hentai,5.11,381,,14273,1302,1,,[],['AIC'],['Hentai'],[]
4561,,OVA,Original,4,30,Rx - Hentai,5.63,832,,12087,2429,3,,[],['AIC'],['Hentai'],['Vampire']
4562,,OVA,Original,5,30,Rx - Hentai,5.93,1067,,10867,3393,8,,[],['Sugar Boy'],['Hentai'],[]
4563,,TV,Unknown,50,23,PG - Children,6.72,1195,6779,11479,2863,13,2006,['Kids'],[],['Adventure'],['Strategy Game']
4565,Gurren Lagann The Movie: The Lights in the Sky are Stars,Movie,Original,1,125,R+ - Mild Nudity,8.62,113583,105,1186,239436,1226,,[],['Gainax'],['Sci-Fi'],"['Mecha', 'Space', 'Super Power']"
4566,,Special,Unknown,6,4,R+ - Mild Nudity,6.01,816,10970,11904,2545,0,,[],[],"['Action', 'Comedy', 'Drama', 'Fantasy']",[]
4567,Armageddon,Movie,Manga,1,86,PG-13 - Teens 13 or older,3.86,873,14924,12749,2001,2,,[],[],"['Action', 'Adventure', 'Sci-Fi']","['Space', 'Super Power', 'Time Travel']"
4574,,TV,Original,50,24,PG-13 - Teens 13 or older,7.26,601,3596,13232,1714,2,1981,[],['Sunrise'],['Sci-Fi'],['Mecha']
4575,,OVA,Manga,1,28,Rx - Hentai,4.81,416,,13595,1548,1,,[],['Ripple Film'],"['Action', 'Sci-Fi', 'Hentai']",[]
4578,Time Bokan: Royal Revival,OVA,Unknown,2,30,R+ - Mild Nudity,6.09,720,10564,11699,2703,2,,[],['Tatsunoko Production'],"['Comedy', 'Sci-Fi']","['Mecha', 'Parody']"
4581,Corpse Princess: Aka,TV,Manga,13,24,R - 17+ (violence & profanity),7.2,47573,4000,1967,132101,250,2008,['Shounen'],"['Gainax', 'feel.']","['Action', 'Horror', 'Supernatural']",[]
4584,Return of Topo Gigio,TV,Unknown,21,26,PG - Children,6.23,1081,9783,12178,2350,3,1988,['Kids'],['Nippon Animation'],"['Adventure', 'Comedy']",[]
4586,I love BuBu ChaCha,TV,Original,26,25,G - All Ages,7.17,1069,4150,12384,2224,8,2001,['Kids'],['Daume'],['Slice of Life'],['Pets']
4590,Sexual Pursuit,OVA,Visual novel,2,27,Rx - Hentai,6.73,4001,,7408,9627,56,,[],['Y.O.U.C'],['Hentai'],[]
4591,,TV,Manga,20,12,R+ - Mild Nudity,6.16,1622,10168,8739,6342,3,1998,['Seinen'],['Studio Pierrot'],"['Comedy', 'Ecchi']",['School']
4596,Code Geass: Lelouch of the Rebellion Special Edition - Black Rebellion,OVA,Original,1,117,R - 17+ (violence & profanity),7.57,16174,1920,3867,44596,54,,[],['Sunrise'],['Sci-Fi'],"['Mecha', 'Military', 'School', 'Super Power']"
4597,,TV,Manga,52,24,G - All Ages,7.24,682,3721,12934,1868,2,1973,['Shounen'],['Tokyo Movie Shinsha'],"['Action', 'Adventure']",[]
4598,Urikupen Rescue Team,TV,Original,156,5,G - All Ages,5.85,137,11782,16839,690,0,1974,['Kids'],['Tatsunoko Production'],"['Adventure', 'Comedy']",[]
4599,,TV,Novel,26,23,PG - Children,6.27,406,9556,14409,1253,4,1993,['Kids'],['E&G Films'],['Fantasy'],[]
4600,Aneki... My Sweet Elder Sister: The Animation,OVA,Manga,4,30,Rx - Hentai,6.93,6161,,6078,15692,108,,[],"['T-Rex', 'Office TakeOut']",['Hentai'],[]
4601,Fairy Forest Remi-chan,OVA,Unknown,1,21,Rx - Hentai,4.47,1134,,11463,2881,3,,[],['Obtain Future'],['Hentai'],[]
4603,,OVA,Manga,2,26,Rx - Hentai,5.64,612,,12662,2054,7,,[],['Ai Yume Mai'],['Hentai'],[]
4604,,OVA,Visual novel,1,51,Rx - Hentai,5.38,688,,12015,2482,4,,[],['Tryforce'],['Hentai'],[]
4606,,OVA,Visual novel,3,28,Rx - Hentai,5.43,720,,11825,2606,6,,[],['Ai Yume Mai'],['Hentai'],[]
4607,Cantaloupe Collector,OVA,Visual novel,2,26,Rx - Hentai,6.69,3322,,7588,9060,34,,[],['Flavors Soft'],['Hentai'],[]
4608,Countdown: Akira Complex,OVA,Manga,3,28,Rx - Hentai,5.79,905,,11418,2911,9,,[],['OLM'],['Hentai'],[]
4614,,TV,Unknown,22,24,PG-13 - Teens 13 or older,7.02,717,5053,13393,1643,1,1980,[],['Toei Animation'],"['Adventure', 'Drama', 'Romance']",['Historical']
4615,Fables of the Green Forest,TV,Unknown,52,25,G - All Ages,6.73,836,6769,12347,2252,4,1973,['Kids'],['Nippon Animation'],"['Adventure', 'Fantasy']",['Anthropomorphic']
4616,,TV,Unknown,13,26,PG - Children,6.07,537,10694,14228,1317,0,1988,['Kids'],['Nippon Animation'],"['Adventure', 'Comedy']",[]
4617,Seven Cities Story: Arctic Front,OVA,Novel,2,29,PG-13 - Teens 13 or older,6.48,1475,8300,10512,3755,3,,[],['Studio Junio'],"['Drama', 'Sci-Fi']","['Adult Cast', 'Military']"
4618,Ride Back,TV,Manga,12,24,PG-13 - Teens 13 or older,7.3,22199,3318,3555,51320,134,2009,['Seinen'],['Madhouse'],"['Drama', 'Sci-Fi']","['Mecha', 'School']"
4621,The Olympic Challenge,Movie,Unknown,1,73,G - All Ages,,,15197,19549,422,0,,[],[],"['Drama', 'Sports']",[]
4638,,OVA,Visual novel,2,28,Rx - Hentai,5.88,620,,12651,2060,1,,[],['Datama Film'],['Hentai'],[]
4639,Long Life To The Ancestors,OVA,Original,6,28,R - 17+ (violence & profanity),7.47,3431,2382,6838,11688,180,,[],['Studio Pierrot'],"['Avant Garde', 'Comedy', 'Drama', 'Sci-Fi']",['Psychological']
4640,,Movie,Original,1,89,R - 17+ (violence & profanity),6.92,678,5596,12279,2300,0,,[],['Studio Pierrot'],"['Comedy', 'Drama', 'Sci-Fi']",['Psychological']
4644,Lewd Room,OVA,Unknown,1,27,Rx - Hentai,5.01,431,,13506,1588,1,,[],['Blue Cat'],['Hentai'],[]
4645,,OVA,Manga,1,29,Rx - Hentai,5.3,623,,12303,2287,5,,[],[],['Hentai'],[]
4646,,OVA,Manga,4,29,R+ - Mild Nudity,6.96,2982,5353,8465,6868,9,,['Shounen'],['Magic Bus'],"['Adventure', 'Sci-Fi']","['Adult Cast', 'Mecha', 'Space']"
4650,Outlaw Star,Special,Manga,1,1,R+ - Mild Nudity,6.89,2750,5776,8185,7509,13,,[],['Sunrise'],"['Action', 'Sci-Fi']",['Space']
4651,Crayon Kingdom of Dreams,TV,Book,70,24,G - All Ages,7.64,1745,1687,9044,5860,39,1997,[],['Toei Animation'],"['Adventure', 'Comedy', 'Fantasy']",[]
4653,Debt Sisters,OVA,Visual novel,2,33,Rx - Hentai,5.98,1527,,9669,4858,9,,[],['Blue Cat'],['Hentai'],['School']
4654,A Certain Magical Index,TV,Light novel,24,23,R - 17+ (violence & profanity),7.34,406608,3081,249,867447,5777,2008,[],['J.C.Staff'],"['Action', 'Fantasy', 'Sci-Fi']","['Super Power', 'Urban Fantasy']"
4657,,TV,Game,26,24,PG-13 - Teens 13 or older,6.67,6360,7115,5747,18084,33,2009,[],['Gonzo'],"['Action', 'Adventure', 'Comedy', 'Fantasy']",[]
4660,The Princess of Yoshino,ONA,Original,1,8,G - All Ages,5.72,316,12392,16484,747,0,,[],[],"['Comedy', 'Fantasy']",['Historical']
4662,,TV,Visual novel,13,25,PG-13 - Teens 13 or older,7.03,9742,5002,5305,22359,41,2008,['Josei'],['Yumeta Company'],"['Comedy', 'Fantasy', 'Romance']",['Reverse Harem']
4663,Iron Fist Chinmi,TV,Manga,20,24,PG-13 - Teens 13 or older,7.24,2097,3753,9443,5211,11,1988,['Shounen'],"['Production Reed', 'Ashi Productions']","['Action', 'Adventure']","['Historical', 'Martial Arts']"
4664,,Special,Manga,1,24,PG-13 - Teens 13 or older,7.13,4392,4440,6513,13168,8,,['Shounen'],"['Gallop', 'Studio Deen']","['Action', 'Comedy']",['Samurai']
4667,Battle B-Daman: Fire Spirits!,TV,Manga,51,23,PG - Children,6.55,3069,7857,9031,5886,14,2005,['Kids'],['Nippon Animation'],"['Adventure', 'Fantasy']",['Strategy Game']
4672,Ghost in the Shell 2.0,Movie,Manga,1,83,R+ - Mild Nudity,7.97,41070,809,2497,93941,246,,['Seinen'],['Production I.G'],"['Mystery', 'Sci-Fi', 'Suspense']","['Adult Cast', 'Detective', 'Mecha', 'Psychological']"
4675,Bondage House,OVA,Manga,1,28,Rx - Hentai,5.18,825,,11809,2615,2,,[],['P core'],['Hentai'],[]
4680,,TV Special,Novel,1,72,PG-13 - Teens 13 or older,6.5,668,8153,12447,2192,2,,[],['TMS Entertainment'],['Comedy'],['Historical']
4681,,Movie,Original,1,30,G - All Ages,6.03,459,10889,14060,1366,3,,['Kids'],['Triangle Staff'],['Sci-Fi'],[]
4682,Ultra Nyan 2: The Great Happy Operation,Movie,Original,1,30,G - All Ages,5.88,317,11631,15916,853,0,,['Kids'],['Triangle Staff'],['Comedy'],[]
4684,Scarecrowman,TV,Picture book,26,25,G - All Ages,,,20109,16774,701,2,2008,['Kids'],['TMS Entertainment'],['Fantasy'],[]
4685,Takane's Bicycle,TV Special,Unknown,1,24,G - All Ages,5.93,1247,11371,11729,2684,0,,[],['A-1 Pictures'],['Fantasy'],['School']
4688,,OVA,Manga,1,45,R+ - Mild Nudity,5.86,1726,11705,9868,4569,9,,[],['J.C.Staff'],"['Comedy', 'Romance', 'Ecchi']",[]
4689,The Path of Wind,Music,Original,1,4,G - All Ages,5.98,1699,,10180,4187,2,,['Kids'],"['Studio Ghibli', 'Ajia-do']",[],['Music']
4690,Cyborg 009,TV,Manga,50,24,PG-13 - Teens 13 or older,7.53,4282,2105,6519,13124,46,1979,['Shounen'],['Toei Animation'],"['Action', 'Adventure', 'Sci-Fi']",[]
4692,Tragic Silence,OVA,Manga,1,27,Rx - Hentai,5.37,565,,13246,1707,1,,[],['Onion Studio'],['Hentai'],[]
4693,The Gigolo: Dochinpira,OVA,Unknown,1,45,R+ - Mild Nudity,5.24,566,,13176,1742,1,,[],['Studio Kikan'],"['Action', 'Comedy', 'Hentai']",['Organized Crime']
4697,,OVA,Original,1,46,Rx - Hentai,5.25,751,,12510,2157,5,,[],['Studio Sign'],"['Drama', 'Hentai']",[]
4698,The Immorals,OVA,Visual novel,2,29,Rx - Hentai,6.54,2281,,8841,6170,11,,[],['T-Rex'],['Hentai'],[]
4699,,OVA,Visual novel,1,18,Rx - Hentai,5.17,1155,,11064,3216,4,,[],[],['Hentai'],['School']
4700,Vixens,OVA,Manga,5,22,Rx - Hentai,5.61,668,,12080,2435,3,,[],['Knack Productions'],['Hentai'],[]
4701,,OVA,Manga,3,25,Rx - Hentai,6.24,2338,,8640,6542,53,,[],['Schoolzone'],['Hentai'],[]
4703,,Movie,Original,1,75,G - All Ages,7.25,2977,3683,8488,6835,5,,[],['Toei Animation'],['Romance'],['Mahou Shoujo']
4705,Gurren Lagann: Parallel Works,Music,Original,8,3,PG-13 - Teens 13 or older,7.06,17687,,4325,35814,20,,[],['Gainax'],[],['Music']
4709,,TV,Original,26,11,G - All Ages,5.73,219,12288,16170,800,1,1999,['Kids'],['Sunrise'],['Adventure'],[]
4712,,Special,Original,1,23,PG - Children,6.54,2933,7920,7902,8154,3,,[],['Toei Animation'],"['Action', 'Adventure', 'Comedy', 'Fantasy', 'Sci-Fi']",[]
4713,,Movie,Visual novel,1,84,PG-13 - Teens 13 or older,6.05,11567,10765,4462,33454,110,,['Josei'],['Asahi Production'],"['Fantasy', 'Romance']",['Reverse Harem']
4714,The Rapeman,OVA,Manga,2,23,Rx - Hentai,6.21,3411,,7854,8281,101,,[],['TEC'],['Hentai'],[]
4715,Shigofumi: Letters from the Departed Special,Special,Original,1,23,PG-13 - Teens 13 or older,7.3,10228,3322,5711,18368,4,,[],['J.C.Staff'],"['Drama', 'Fantasy', 'Suspense']",['Psychological']
4717,,OVA,Unknown,1,27,Rx - Hentai,5.56,743,,11685,2714,3,,[],['P core'],['Hentai'],[]
4718,,OVA,Original,1,12,R+ - Mild Nudity,5.63,3837,12779,7515,9282,6,,[],['Studio Fantasia'],['Ecchi'],[]
4719,Queen's Blade: The Exiled Virgin,TV,Other,12,24,R+ - Mild Nudity,6.14,38851,10271,2229,111014,247,2009,[],['Arms'],"['Action', 'Adventure', 'Fantasy', 'Ecchi']",[]
4720,White Album,TV,Visual novel,13,24,PG-13 - Teens 13 or older,6.51,39598,8140,1969,132005,237,2009,[],['Seven Arcs'],"['Drama', 'Romance']","['Harem', 'Idols (Female)', 'Music']"
4722,Skip Beat!,TV,Manga,25,24,PG-13 - Teens 13 or older,8.07,147798,651,981,287550,5345,2008,['Shoujo'],['HAL Film Maker'],"['Comedy', 'Drama', 'Romance']","['Love Polygon', 'Showbiz']"
4723,Animated Classics of Japanese Literature,TV,Other,32,26,R+ - Mild Nudity,7.27,646,3523,11280,3032,6,1986,[],['Nippon Animation'],"['Drama', 'Romance']",['Historical']
4725,Ga-Rei-Zero,TV,Manga,12,23,R - 17+ (violence & profanity),7.57,99214,1927,1114,253805,2904,2008,['Shounen'],"['AIC Spirits', 'asread.']","['Action', 'Supernatural', 'Suspense']","['Gore', 'Super Power']"
4726,Tower of Druaga: The Sword of Uruk,TV,Game,12,24,PG-13 - Teens 13 or older,7.21,40253,3895,2767,79634,93,2009,[],['Gonzo'],"['Action', 'Adventure', 'Fantasy']",[]
4729,,OVA,Visual novel,4,28,Rx - Hentai,6.02,693,,12442,2195,1,,[],['Arms'],['Hentai'],[]
4730,Hentai Express,OVA,Original,1,23,Rx - Hentai,5.68,1898,,8462,6890,72,,[],[],['Hentai'],[]
4731,,OVA,Manga,5,27,Rx - Hentai,5.37,606,,12702,2033,8,,[],['Meltdown'],['Hentai'],[]
4732,,OVA,Visual novel,2,28,Rx - Hentai,5.91,1838,,9308,5420,18,,[],['Suzuki Mirano'],['Hentai'],[]
4733,,Movie,Original,1,77,PG-13 - Teens 13 or older,4.33,425,14840,13284,1684,0,,[],[],"['Adventure', 'Sci-Fi']",[]
4737,Eagle Talon,TV,Original,11,9,PG-13 - Teens 13 or older,6.09,416,10533,13663,1520,1,2006,[],['DLE'],['Comedy'],"['Parody', 'Super Power']"
4742,Let's Dance with Papa,TV,Manga,16,6,PG-13 - Teens 13 or older,6.54,520,7949,13345,1661,4,1999,[],['Studio Deen'],['Comedy'],[]
4744,The Hill Dyed Rose Madder,TV,Visual novel,12,25,R+ - Mild Nudity,6.39,83572,8814,1705,157787,273,2008,[],['TNK'],"['Comedy', 'Romance', 'Ecchi']","['Harem', 'School']"
4752,Vampire Knight Guilty,TV,Manga,13,24,PG-13 - Teens 13 or older,7.06,232308,4841,710,385262,2587,2008,['Shoujo'],['Studio Deen'],"['Drama', 'Mystery', 'Romance', 'Supernatural']","['Love Polygon', 'Vampire']"
4756,Domain of Murder,OVA,Manga,1,51,R+ - Mild Nudity,6.67,1945,7131,9879,4559,7,,['Seinen'],['Studio Deen'],"['Drama', 'Mystery']",['Psychological']
4760,,Special,Light novel,12,2,R+ - Mild Nudity,6.38,15347,8890,4383,34859,26,,[],['Xebec'],['Ecchi'],[]
4761,,Movie,Original,1,70,R+ - Mild Nudity,5.12,645,14169,11820,2608,4,,[],[],"['Avant Garde', 'Comedy']",[]
4763,Beautiful Sisters,OVA,Visual novel,2,29,Rx - Hentai,7.25,4446,,7066,10808,55,,[],['T-Rex'],['Hentai'],[]
4765,Gunslinger Girl: Il Teatrino OVA,OVA,Manga,2,23,R - 17+ (violence & profanity),6.98,11017,5243,5026,25456,14,,[],['Artland'],"['Action', 'Drama', 'Sci-Fi']",['Military']
4772,Aria the Origination Episode 5.5: That Little Secret Place…,Special,Manga,1,24,G - All Ages,7.95,10725,832,5159,23831,29,,['Shounen'],['HAL Film Maker'],['Slice of Life'],['Iyashikei']
4773,,TV,Original,37,24,PG-13 - Teens 13 or older,7.15,864,4331,11011,3262,12,1994,[],['Nippon Animation'],"['Adventure', 'Fantasy', 'Sci-Fi']","['Mecha', 'Space']"
4774,Sexorcist,OVA,Game,1,38,Rx - Hentai,5.35,693,,12062,2448,7,,[],['JCF'],['Hentai'],[]
4775,,OVA,Unknown,3,33,Rx - Hentai,5.62,624,,12520,2150,4,,[],['Knack Productions'],"['Comedy', 'Hentai']",['Parody']
4782,Mama Loves the Poyopoyo-Saurus,TV,Manga,52,23,G - All Ages,6.58,254,7697,14581,1202,2,1995,['Kids'],['Nippon Animation'],['Comedy'],['Childcare']
4786,,OVA,Manga,1,86,R - 17+ (violence & profanity),6.83,5725,6112,6574,12884,9,,[],['Studio Barcelona'],"['Comedy', 'Ecchi']",['School']
4789,ef - a tale of melodies.,TV,Visual novel,12,24,PG-13 - Teens 13 or older,8.0,70132,751,1613,171277,1718,2008,[],['Shaft'],"['Drama', 'Mystery', 'Romance', 'Supernatural']",[]
4790,,Movie,Unknown,1,72,G - All Ages,6.56,292,7845,14756,1153,4,,[],[],['Drama'],['Historical']
4792,Pokémon: Pikachu's Rescue Adventure,Movie,Game,1,23,PG - Children,6.58,15258,7703,4832,27983,7,,['Kids'],['OLM'],"['Adventure', 'Comedy', 'Fantasy']",[]
4793,Pokémon: Pikachu and Pichu,Movie,Game,1,22,PG - Children,6.73,25913,6753,3810,45725,19,,['Kids'],['OLM'],"['Adventure', 'Comedy', 'Fantasy']",[]
4794,Pokémon: Pikachu's Pikaboo,Movie,Game,1,23,PG - Children,6.5,8219,8188,5898,16968,2,,['Kids'],['OLM'],"['Adventure', 'Comedy', 'Fantasy']",[]
4795,Pokémon: Camp Pikachu,Movie,Game,1,22,PG - Children,6.51,10638,8125,5412,21329,9,,['Kids'],['OLM'],"['Adventure', 'Comedy', 'Fantasy']",[]
4798,Tower of Druaga: The Aegis of Uruk - Jil's Adventure,Special,Game,1,24,PG-13 - Teens 13 or older,7.06,6890,4807,6071,15737,13,,[],['Gonzo'],"['Adventure', 'Fantasy']",[]
4799,Heartful Cafe,OVA,Visual novel,2,30,Rx - Hentai,5.88,873,,11596,2783,3,,[],['Shinkuukan'],['Hentai'],[]
4800,,TV,Novel,26,20,,6.51,758,8098,12231,2322,6,1994,[],['Aubeck'],['Adventure'],[]
4801,Michel,TV,Unknown,26,25,PG - Children,6.15,250,10231,15228,1019,0,2003,['Kids'],['DR Movie'],"['Adventure', 'Fantasy']",[]
4802,Kawarazaki-ke no Ichizoku The Animation,OVA,Visual novel,2,29,Rx - Hentai,5.47,721,,12172,2357,3,,[],['Arms'],['Hentai'],[]
4803,Kawarazaki-ke no Ichizoku 2,OVA,Visual novel,4,28,Rx - Hentai,5.56,772,,12020,2477,3,,[],['Arms'],['Hentai'],[]
4804,,OVA,Visual novel,2,28,PG-13 - Teens 13 or older,6.97,2732,5330,8430,6958,9,,[],['Chaos Project'],['Romance'],[]
4807,Spirit Hero Wataru 2,TV,Original,46,24,G - All Ages,7.36,808,2949,12588,2101,2,1990,[],['Sunrise'],"['Adventure', 'Comedy']","['Isekai', 'Mecha']"
4808,Hurricane Polymar,TV,Original,26,25,PG-13 - Teens 13 or older,6.68,961,7068,10998,3280,9,1974,[],['Tatsunoko Production'],"['Action', 'Adventure', 'Sci-Fi']",['Super Power']
4810,Neo Human Casshan,TV,Original,35,25,PG-13 - Teens 13 or older,6.91,2204,5672,8050,7786,22,1973,[],['Tatsunoko Production'],"['Action', 'Adventure', 'Sci-Fi']",[]
4811,Strawberry Marshmallow Encore,OVA,4-koma manga,2,27,PG-13 - Teens 13 or older,7.67,13950,1553,4893,27144,19,,[],['Daume'],['Slice of Life'],"['CGDCT', 'Iyashikei']"
4813,Lolita Anime,OVA,Other,6,31,Rx - Hentai,5.41,963,,10603,3645,18,,[],[],['Hentai'],[]
4814,Junjo Romantica 2,TV,Manga,12,24,PG-13 - Teens 13 or older,7.67,111168,1557,1475,188976,969,2008,[],['Studio Deen'],"['Boys Love', 'Comedy', 'Drama']",['Adult Cast']
4816,,OVA,Visual novel,2,29,Rx - Hentai,6.27,1698,,9365,5333,13,,[],"['Himajin Planning', 'Suzuki Mirano']",['Hentai'],['School']
4817,The Ward of Original Sin,OVA,Manga,2,27,Rx - Hentai,5.11,410,,13447,1617,0,,[],['Meltdown'],['Hentai'],[]
4818,Casual Romance Club,OVA,Visual novel,2,31,Rx - Hentai,5.24,567,,12646,2066,2,,[],['Dangun Pictures'],['Hentai'],[]
4819,Mystery of Nonomura Hospital,OVA,Visual novel,2,28,Rx - Hentai,5.69,582,,13131,1764,0,,[],"['Arms', 'Triple X']","['Mystery', 'Hentai']",[]
4820,Beyond,OVA,Visual novel,2,26,Rx - Hentai,5.76,698,,12504,2160,6,,[],['OLM'],['Hentai'],[]
4821,Lesson of Darkness,OVA,Unknown,1,45,Rx - Hentai,5.37,587,,12892,1895,4,,[],['PP Project'],['Hentai'],[]
4822,Pendant,OVA,Unknown,3,32,R+ - Mild Nudity,5.06,276,,14251,1311,0,,[],['Studio Hibari'],['Erotica'],[]
4823,Humanoid Monster Bem,TV,Original,26,24,PG-13 - Teens 13 or older,6.25,1379,9670,9763,4712,8,2006,[],['Studio Comet'],"['Horror', 'Supernatural']",['Mythology']
4824,Isourou Tengoku,OVA,Manga,2,35,Rx - Hentai,5.43,346,,14030,1379,4,,[],['Knack Productions'],['Hentai'],[]
4825,,OVA,Unknown,4,29,Rx - Hentai,5.83,538,,13249,1706,4,,[],['Horannabi'],['Hentai'],[]
4827,,Special,Visual novel,2,4,PG-13 - Teens 13 or older,5.37,1809,13655,10489,3778,2,,[],['Rikuentai'],[],['Harem']
4832,Dress-up Battle-team Kildian,OVA,Unknown,2,28,Rx - Hentai,5.65,501,,13540,1571,3,,[],['Dangun Pictures'],['Hentai'],['Mecha']
4833,Sexy Fighter Manami,OVA,Unknown,1,22,Rx - Hentai,4.23,705,,12727,2015,3,,[],['Obtain Future'],['Hentai'],[]
4834,,OVA,Manga,2,28,Rx - Hentai,5.61,764,,12474,2179,3,,[],['AIC'],['Hentai'],[]
4835,Bleach the Movie: Fade to Black,Movie,Manga,1,93,PG-13 - Teens 13 or older,7.5,147288,2237,1115,253775,551,,['Shounen'],['Studio Pierrot'],"['Action', 'Adventure', 'Supernatural']",[]
4840,M.E.M.: Lost Virginity,OVA,Visual novel,2,28,Rx - Hentai,5.59,732,,11983,2498,5,,[],"['ORADA COMPANY', 'PP Project']",['Hentai'],[]
4841,Doukyuusei Climax,OVA,Visual novel,2,30,Rx - Hentai,5.81,705,,12045,2462,2,,[],['Arms'],['Hentai'],[]
4842,End of Summer 2,OVA,Visual novel,12,29,Rx - Hentai,6.0,844,,11564,2802,1,,[],['Arms'],['Hentai'],[]
4848,Maiden of Deliverance,OVA,Visual novel,2,29,Rx - Hentai,5.43,556,,12937,1867,2,,[],[],['Hentai'],[]
4849,Triangle Heart: Sazanami Joshi Ryo,OVA,Visual novel,5,29,Rx - Hentai,5.48,1050,,10444,3830,0,,[],['Mook Animation'],['Hentai'],[]
4851,,Special,Manga,1,91,PG-13 - Teens 13 or older,7.12,2886,4480,8450,6912,2,,['Seinen'],['TMS Entertainment'],"['Action', 'Adventure', 'Comedy']",['Adult Cast']
4852,,OVA,Visual novel,2,28,Rx - Hentai,5.64,693,,11955,2515,3,,[],['Shura'],['Hentai'],[]
4853,,TV,Manga,8,24,R+ - Mild Nudity,6.39,1625,8860,10545,3715,3,1982,[],['Tezuka Productions'],"['Comedy', 'Horror', 'Supernatural']",['Vampire']
4854,,OVA,Manga,6,25,R - 17+ (violence & profanity),6.56,1260,7799,10661,3584,4,,['Shounen'],['animate Film'],"['Action', 'Fantasy']",['Martial Arts']
4855,,OVA,Manga,6,25,R - 17+ (violence & profanity),6.65,996,7249,12091,2426,3,,['Shounen'],['animate Film'],"['Action', 'Fantasy']",['Martial Arts']
4856,,OVA,Manga,1,49,R - 17+ (violence & profanity),6.69,858,7002,12651,2061,5,,['Shounen'],['animate Film'],"['Action', 'Fantasy']",['Martial Arts']
4866,,OVA,Original,1,35,Rx - Hentai,4.34,42943,,3043,67969,339,,[],"['Sugar Boy', 'Blue Cat']","['Boys Love', 'Hentai']",[]
4867,Ari Doll,OVA,Manga,2,29,Rx - Hentai,5.4,605,,12944,1862,2,,[],['Meltdown'],['Hentai'],[]
4868,,OVA,Unknown,3,26,Rx - Hentai,5.54,711,,11735,2681,4,,[],['C&S Production'],['Hentai'],[]
4872,Goodbye Mr. Despair OAD,OVA,Manga,3,25,R - 17+ (violence & profanity),7.81,43935,1152,2765,79676,88,,['Shounen'],['Shaft'],['Comedy'],"['Gag Humor', 'Parody', 'School']"
4874,Pokémon: Pikachu's Winter Vacation,OVA,Game,2,9,PG - Children,6.52,7980,8063,6040,15919,6,,['Kids'],['OLM'],"['Adventure', 'Comedy', 'Fantasy']",[]
4879,Box of Goblins,TV,Novel,13,23,R - 17+ (violence & profanity),7.21,17484,3925,3039,68014,275,2008,[],['Madhouse'],"['Mystery', 'Supernatural', 'Suspense']","['Detective', 'Historical', 'Psychological']"
4884,Tales of the Abyss,TV,Game,26,24,PG-13 - Teens 13 or older,7.29,51771,3394,2018,127571,542,2008,[],['Sunrise'],"['Adventure', 'Drama', 'Fantasy']",[]
4886,,Special,Manga,1,29,PG-13 - Teens 13 or older,7.73,15015,1372,4093,39916,70,,['Shounen'],['Sunrise'],"['Action', 'Adventure', 'Fantasy', 'Romance']","['Historical', 'Mythology', 'Time Travel']"
4890,Maybe You,Music,Original,1,4,PG-13 - Teens 13 or older,6.31,1556,,11752,2671,5,,[],['Production I.G'],[],['Music']
4896,Umineko: When They Cry,TV,Visual novel,26,23,R - 17+ (violence & profanity),7.03,96642,5014,1204,235575,2020,2009,[],['Studio Deen'],"['Horror', 'Mystery', 'Supernatural', 'Suspense']","['Gore', 'Psychological']"
4898,Black Butler,TV,Manga,24,24,R - 17+ (violence & profanity),7.65,647679,1631,128,1274663,23764,2008,['Shounen'],['A-1 Pictures'],"['Action', 'Mystery', 'Supernatural']","['Historical', 'Mythology']"
4901,Black Lagoon: Roberta's Blood Trail,OVA,Manga,5,33,R+ - Mild Nudity,8.03,186850,709,849,331753,1537,,['Seinen'],['Madhouse'],['Action'],"['Adult Cast', 'Organized Crime']"
4903,Today in Class 5-2 (TV),TV,Manga,13,23,PG-13 - Teens 13 or older,7.24,15063,3720,4187,38276,54,2008,['Seinen'],['Xebec'],"['Comedy', 'Ecchi']",['School']
4905,,TV,Original,26,3,G - All Ages,5.33,236,13739,14412,1253,3,2008,[],['Tatsunoko Production'],['Comedy'],['Racing']
4907,,TV Special,Unknown,1,71,PG - Children,5.75,467,12216,14327,1284,1,,[],['Toei Animation'],['Sci-Fi'],[]
4908,,TV,Original,12,8,PG-13 - Teens 13 or older,5.73,1624,12295,9318,5400,4,2008,[],[],"['Comedy', 'Drama']",['Parody']
4910,Pikachu's Island Adventure,Special,Game,1,21,PG - Children,6.39,5024,8851,7020,11011,5,,['Kids'],['OLM'],"['Adventure', 'Comedy', 'Fantasy']",[]
4917,Galaxy Investigation 2100: Border Planet,TV Special,Original,1,72,R+ - Mild Nudity,6.85,1064,5988,12685,2041,2,,[],['Tezuka Productions'],"['Adventure', 'Mystery', 'Romance', 'Sci-Fi']",[]
4918,,OVA,Manga,2,26,PG-13 - Teens 13 or older,8.04,36576,706,2834,76515,121,,['Seinen'],['Production I.G'],"['Comedy', 'Drama', 'Mystery', 'Supernatural']",[]
4921,Ramayana: The Legend of Prince Rama,Movie,Other,1,135,G - All Ages,8.38,7286,247,6107,15493,229,,[],['Nippon Ramayana Film'],['Adventure'],[]
4923,Akai Hayate,OVA,Original,4,27,R+ - Mild Nudity,5.29,828,13830,11486,2858,2,,[],['Studio Pierrot'],['Action'],"['Martial Arts', 'Super Power']"
4926,,Movie,Book,1,89,G - All Ages,7.04,1054,4937,11209,3091,1,,[],['Nippon Animation'],"['Adventure', 'Drama']",[]
4927,,OVA,Manga,2,44,R - 17+ (violence & profanity),6.03,795,10889,12508,2157,0,,['Shoujo'],['animate Film'],"['Action', 'Drama', 'Romance', 'Suspense']",[]
4928,Idol Angel Welcome Yoko,TV,Original,43,22,G - All Ages,7.16,655,4239,11816,2610,8,1990,[],[],"['Comedy', 'Drama']",[]
4929,Next War Chronicle Ehrgeiz,TV,Original,12,25,PG-13 - Teens 13 or older,6.09,713,10544,11758,2667,3,1997,[],['Studio Deen'],['Sci-Fi'],"['Mecha', 'Space']"
4933,The White Whale of Mu,TV,Original,26,24,PG-13 - Teens 13 or older,7.08,823,4770,11776,2643,8,1980,[],['Tokyo Movie Shinsha'],"['Action', 'Fantasy', 'Sci-Fi']",[]
4934,,Special,Original,1,15,R - 17+ (violence & profanity),4.19,779,14879,13112,1769,0,,[],[],['Sci-Fi'],"['Mecha', 'Space']"
4935,Ikkyu the Little Monk,TV,Unknown,296,25,G - All Ages,7.24,1411,3713,11032,3249,4,1975,['Kids'],['Toei Animation'],['Comedy'],['Historical']
4936,Ninja Hattori-kun,TV,Manga,694,10,G - All Ages,7.07,8175,4777,6481,13297,53,1981,['Shounen'],['Shin-Ei Animation'],"['Action', 'Comedy']",['Martial Arts']
4938,Tsubasa RESERVoir CHRoNiCLE: Spring Thunder Chronicle,OVA,Manga,2,28,R - 17+ (violence & profanity),8.1,31397,603,3090,65845,254,,['Shounen'],['Production I.G'],"['Action', 'Adventure', 'Drama', 'Fantasy', 'Romance']",[]
4939,,ONA,Original,20,1,G - All Ages,5.52,983,13185,10751,3503,1,,[],['I was a Ballerina'],['Comedy'],['Parody']
4940,Captain Kuppa,TV,Manga,26,25,G - All Ages,6.46,155,8426,15519,947,2,2001,[],['Bee Train'],"['Action', 'Adventure']",[]
4941,Osamu Tezuka's Last Mystery of the 20th Century,TV Special,Unknown,1,41,PG - Children,6.48,367,8317,14265,1304,0,,[],[],['Mystery'],[]
4943,A Journey Through Fairyland,Movie,Original,1,91,G - All Ages,6.87,1048,5914,11181,3111,3,,[],['Sanrio'],"['Adventure', 'Fantasy']","['Music', 'Performing Arts']"
4946,,Special,Original,1,5,Rx - Hentai,6.12,1093,,10997,3280,2,,[],[],"['Sci-Fi', 'Hentai']",[]
4948,The Adventures of Little Samurai,Movie,Original,1,82,PG - Children,6.31,1251,9338,11574,2793,5,,[],['Toei Animation'],"['Adventure', 'Fantasy']",[]
4961,,OVA,Unknown,2,90,PG - Children,6.94,787,5499,12318,2278,3,,[],['Toei Animation'],"['Action', 'Adventure', 'Fantasy', 'Sci-Fi']",[]
4962,Six Gates Faraway Mon Colle Knights,TV,Card game,51,25,G - All Ages,6.79,2500,6381,8698,6421,19,2000,['Kids'],['Studio Deen'],"['Adventure', 'Comedy', 'Fantasy']",['Parody']
4966,Self Portrait,Movie,Original,1,0,G - All Ages,4.71,1580,14640,11576,2792,3,,[],[],['Comedy'],[]
4967,Locke the Superman: Mirror Ring,OVA,Manga,1,65,PG-13 - Teens 13 or older,6.22,665,9801,13476,1602,0,,[],['SIDO LIMITED'],"['Action', 'Sci-Fi']",['Super Power']
4970,Afro Samurai: Resurrection,Movie,Original,1,100,R+ - Mild Nudity,7.35,66238,2978,2171,115906,216,,[],['Gonzo'],"['Action', 'Adventure']","['Gore', 'Samurai']"
4975,ChäoS;HEAd,TV,Visual novel,12,27,R - 17+ (violence & profanity),6.29,157693,9416,939,298643,752,2008,[],['Madhouse'],"['Mystery', 'Sci-Fi', 'Supernatural', 'Suspense']",['Psychological']
4981,Casshern Sins,TV,Other,24,23,R - 17+ (violence & profanity),7.52,60257,2152,1540,179813,1928,2008,[],['Madhouse'],"['Action', 'Adventure', 'Drama', 'Sci-Fi']",['Psychological']
4983,,Movie,Manga,1,117,PG-13 - Teens 13 or older,6.91,13955,5645,4106,39730,262,,['Seinen'],['Madhouse'],"['Adventure', 'Comedy', 'Fantasy', 'Horror']",['School']
4985,Magical Girl Lyrical Nanoha: The Movie 1st,Movie,Original,1,130,R+ - Mild Nudity,7.91,16680,919,4435,33987,191,,[],['Seven Arcs'],"['Action', 'Comedy', 'Drama', 'Sci-Fi']",['Mahou Shoujo']
4991,Little Women,TV Special,Novel,1,68,G - All Ages,6.16,505,10160,13354,1656,0,,[],['Toei Animation'],['Slice of Life'],['Historical']
4997,,Special,Manga,1,24,R+ - Mild Nudity,6.91,2593,5656,8659,6505,2,,['Seinen'],['Gainax'],"['Comedy', 'Romance', 'Sci-Fi', 'Ecchi']",['Military']
4999,Samurai Harem,TV,Manga,12,24,PG-13 - Teens 13 or older,6.68,113960,7049,1297,217072,375,2009,['Shounen'],['AIC'],"['Action', 'Comedy', 'Romance', 'Ecchi']","['Harem', 'Martial Arts']"
5002,,OVA,Manga,2,52,PG-13 - Teens 13 or older,6.89,860,5739,11390,2936,6,,['Shounen'],['Studio Pierrot'],"['Action', 'Drama']",['Racing']
5005,,TV,Manga,26,13,PG-13 - Teens 13 or older,7.75,7037,1323,5204,23357,201,2008,['Seinen'],['AIC ASTA'],['Comedy'],"['Gag Humor', 'Parody', 'Super Power']"
5006,Return of Pero,Movie,Original,1,52,G - All Ages,6.36,991,9030,12751,2000,0,,['Kids'],['Toei Animation'],"['Adventure', 'Fantasy']",['Anthropomorphic']
5013,Adrift in the Pacific,TV Special,Novel,1,63,G - All Ages,5.95,295,11241,14986,1090,0,,[],['Toei Animation'],"['Adventure', 'Drama']",['Historical']
5014,,TV Special,Unknown,1,71,G - All Ages,6.89,1039,5769,11935,2529,2,,[],['Nippon Animation'],"['Adventure', 'Sci-Fi']",[]
5016,,Music,Original,14,1,R+ - Mild Nudity,6.4,1885,,10198,4163,3,,[],['Studio 4°C'],[],['Music']
5017,,Music,Unknown,1,5,PG-13 - Teens 13 or older,5.12,770,,13935,1417,0,,[],['Studio 4°C'],[],['Music']
5018,,TV,Other,23,2,,5.29,212,13841,15338,997,2,2001,[],['Studio 4°C'],['Comedy'],[]
5019,Lupin III: Sweet Lost Night,TV Special,Manga,1,91,PG-13 - Teens 13 or older,7.07,2885,4771,8552,6715,1,,['Seinen'],['TMS Entertainment'],"['Action', 'Adventure', 'Comedy', 'Mystery']",['Adult Cast']
5020,Master of Martial Hearts,OVA,Original,5,29,R+ - Mild Nudity,4.58,7620,14746,5722,18256,27,,[],['Arms'],"['Action', 'Ecchi']",['Martial Arts']
5022,Gordian Warrior,TV,Original,73,25,G - All Ages,7.04,683,4955,13030,1814,2,1979,[],['Tatsunoko Production'],['Sci-Fi'],['Mecha']
5023,,TV,Manga,26,25,R - 17+ (violence & profanity),7.15,773,4307,10954,3307,9,1969,[],['TCJ'],"['Action', 'Adventure']","['Historical', 'Martial Arts', 'Samurai']"
5025,Butt Attack Punisher Girl Gautaman,OVA,Manga,1,45,R+ - Mild Nudity,5.17,3165,14069,7520,9250,11,,[],"['animate Film', 'Studio Kikan']","['Action', 'Comedy', 'Girls Love', 'Ecchi']","['Parody', 'School']"
5027,Stitch!,TV,Other,25,25,PG - Children,6.08,2584,10616,8315,7173,17,2008,['Kids'],['Madhouse'],"['Adventure', 'Comedy']",[]
5028,,TV,Manga,25,24,PG-13 - Teens 13 or older,8.4,44188,233,2842,76272,647,2009,['Shounen'],['SynergySP'],['Sports'],['Team Sports']
5029,,Movie,Manga,1,103,PG-13 - Teens 13 or older,7.97,12335,813,5287,22527,23,,['Shounen'],['Xebec'],['Sports'],['Team Sports']
5030,Maria†Holic,TV,Manga,12,24,PG-13 - Teens 13 or older,7.01,81310,5112,1461,190145,562,2009,['Seinen'],['Shaft'],"['Comedy', 'Girls Love']","['Crossdressing', 'Parody', 'School']"
5031,,OVA,Manga,2,28,R+ - Mild Nudity,6.91,2362,5631,9335,5377,5,,['Shounen'],['Magic Bus'],"['Action', 'Adventure', 'Sci-Fi']","['Adult Cast', 'Space']"
5032,,TV,Manga,13,24,R+ - Mild Nudity,7.18,4125,4077,7081,10763,29,2010,['Shounen'],['Magic Bus'],"['Action', 'Adventure', 'Sci-Fi']","['Adult Cast', 'Space']"
5034,Corpse Princess: Kuro,TV,Manga,12,24,R - 17+ (violence & profanity),7.28,34316,3453,2730,81671,125,2009,['Shounen'],"['Gainax', 'feel.']","['Action', 'Horror', 'Supernatural']",[]
5036,,Special,Original,5,4,PG-13 - Teens 13 or older,6.62,996,7432,11188,3108,3,,[],['AIC'],[],"['Adult Cast', 'Music']"
5037,Toward the Terra (TV) Specials,Special,Manga,3,3,PG-13 - Teens 13 or older,6.64,1061,7343,11189,3108,1,,['Shounen'],['Minami Machi Bugyousho'],"['Action', 'Drama', 'Sci-Fi']","['Military', 'Space', 'Super Power']"
5039,Kurozuka,TV,Manga,12,23,R - 17+ (violence & profanity),6.88,33920,5824,2360,102676,335,2008,['Seinen'],['Madhouse'],"['Action', 'Drama', 'Horror', 'Romance', 'Sci-Fi']","['Gore', 'Historical', 'Samurai', 'Vampire']"
5040,One Outs,TV,Manga,25,23,PG-13 - Teens 13 or older,8.33,123534,297,1094,257576,4243,2008,['Seinen'],['Madhouse'],"['Sports', 'Suspense']","['Adult Cast', 'Psychological', 'Team Sports']"
5041,,TV,Light novel,26,24,PG-13 - Teens 13 or older,7.18,16302,4088,3743,47132,134,2009,[],['Satelight'],"['Adventure', 'Fantasy']",[]
5042,,OVA,Manga,12,24,R+ - Mild Nudity,6.78,193915,6423,784,351326,1357,,['Seinen'],['feel.'],"['Comedy', 'Romance', 'Ecchi']","['Harem', 'School']"
5043,,Special,Original,6,4,PG-13 - Teens 13 or older,6.73,1075,6746,11290,3022,3,,[],"['AIC', 'Artmic']",[],"['Adult Cast', 'Music']"
5045,,OVA,Manga,1,19,R+ - Mild Nudity,6.78,4869,6429,7382,9721,3,,['Shounen'],['Madhouse'],"['Action', 'Comedy', 'Ecchi']",[]
5049,,OVA,Original,2,30,Rx - Hentai,5.58,823,,11570,2799,2,,[],['T-Rex'],"['Supernatural', 'Hentai']",['Mythology']
5051,,Special,Original,1,2,PG-13 - Teens 13 or older,5.31,1196,13787,10596,3652,0,,[],['Gonzo'],[],['Mecha']
5052,8 Man,TV,Manga,56,23,PG-13 - Teens 13 or older,6.58,935,7674,11629,2758,7,1963,[],['TCJ'],"['Drama', 'Sci-Fi']",['Mecha']
5053,Love City,Movie,Manga,1,86,PG-13 - Teens 13 or older,5.89,2907,11537,7865,8256,15,,[],"['AIC', 'Magic Bus', 'Ashi Productions']","['Action', 'Sci-Fi']",['Super Power']
5054,,OVA,Manga,2,27,Rx - Hentai,6.47,1516,,9682,4837,9,,[],['Flavors Soft'],['Hentai'],[]
5056,,Special,Manga,1,10,R+ - Mild Nudity,6.49,1887,8240,10090,4285,0,,[],['Picture Magic'],"['Comedy', 'Ecchi']","['Otaku Culture', 'School']"
5060,Hetalia Axis Powers,ONA,Web manga,52,5,PG-13 - Teens 13 or older,7.25,131445,3635,1061,266998,4412,,[],['Studio Deen'],['Comedy'],"['Anthropomorphic', 'Gag Humor', 'Historical', 'Parody']"
5065,Detroit Metal City: Birth of the Metal Devil,Special,Manga,1,13,R - 17+ (violence & profanity),7.27,13583,3484,5057,25093,19,,['Seinen'],['Studio 4°C'],['Comedy'],"['Adult Cast', 'Gag Humor', 'Music', 'Parody', 'Showbiz']"
5070,,TV,Other,43,24,G - All Ages,6.42,1156,8647,10899,3351,8,1998,[],['Ashi Productions'],['Sci-Fi'],['Mecha']
5071,Croket!,TV,Manga,104,20,G - All Ages,7.34,658,3039,13061,1794,4,2003,['Kids'],['OLM'],"['Action', 'Adventure', 'Comedy', 'Fantasy']",[]
5072,,Special,Original,1,23,PG-13 - Teens 13 or older,6.76,4512,6546,7251,10173,2,,[],['Gonzo'],"['Romance', 'Sci-Fi']","['Mecha', 'Space']"
5074,Birdy the Mighty: Decode 02,TV,Manga,12,23,R - 17+ (violence & profanity),7.75,25864,1324,3371,56337,269,2009,['Seinen'],['A-1 Pictures'],"['Action', 'Comedy', 'Sci-Fi']",[]
5075,Brave Police J-Decker,TV,Original,48,24,PG-13 - Teens 13 or older,7.66,1612,1612,9462,5187,74,1994,[],['Sunrise'],"['Adventure', 'Sci-Fi']",['Mecha']
5079,Kurokami The Animation,TV,Manga,23,23,R - 17+ (violence & profanity),7.11,46128,4552,2017,127730,348,2009,['Seinen'],['Sunrise'],"['Action', 'Supernatural']",['Martial Arts']
5080,,OVA,Game,1,29,PG-13 - Teens 13 or older,6.06,4911,10741,6943,11291,6,,[],['AIC PLUS+'],"['Action', 'Comedy', 'Fantasy']",['School']
5081,Bakemonogatari,TV,Light novel,15,25,R - 17+ (violence & profanity),8.32,772707,302,98,1492469,51480,2009,[],['Shaft'],"['Mystery', 'Romance', 'Supernatural']",['Vampire']
5082,,TV,Card game,50,23,PG - Children,6.71,1568,6860,9900,4528,13,2008,['Shounen'],['Sunrise'],[],['Strategy Game']
5084,Mai-Mai Miracle,Movie,Novel,1,95,PG - Children,7.27,6543,3512,5717,18296,23,,[],['Madhouse'],"['Adventure', 'Award Winning', 'Drama']",[]
5085,Naked Youth,ONA,Original,1,9,R+ - Mild Nudity,5.72,4051,12373,7759,8585,14,,[],['Kojiro Shishido Animation Works'],"['Boys Love', 'Sports']",[]
5088,Dr. Fabre is a Detective,TV,Book,26,25,PG - Children,7.11,572,4530,13767,1475,0,2000,[],['E&G Films'],['Mystery'],[]
5089,,TV,Manga,13,20,G - All Ages,6.1,116,10492,17478,608,0,2008,['Seinen'],['TMS Entertainment'],['Comedy'],['Childcare']
5090,Techno Police,Movie,Original,1,78,PG-13 - Teens 13 or older,5.85,1092,11778,12151,2373,2,,[],['Artmic'],['Sci-Fi'],['Mecha']
5091,Ninja the Wonder Boy,TV,Original,24,24,PG - Children,7.25,1178,3656,11979,2502,14,1979,[],[],"['Adventure', 'Comedy', 'Supernatural']",['Historical']
5096,Doraemon the Movie: Nobita and the Green Giant Legend,Movie,Unknown,1,112,PG - Children,7.6,9734,1810,6175,15020,13,,"['Kids', 'Shounen']",['Shin-Ei Animation'],"['Adventure', 'Comedy', 'Fantasy']",[]
5097,,OVA,Manga,2,28,Rx - Hentai,7.17,7566,,5978,16401,53,,[],['Office Take Off'],['Hentai'],[]
5098,The World of Hans Christian Andersen,Movie,Unknown,1,80,G - All Ages,6.19,738,9954,13164,1745,0,,['Kids'],['Toei Animation'],"['Drama', 'Fantasy']",[]
5101,,ONA,Original,1,6,R+ - Mild Nudity,5.06,796,,13075,1787,0,,[],['Kojiro Shishido Animation Works'],['Erotica'],[]
5104,Adventures of Pepero the Andes Boy,TV,Unknown,26,24,PG - Children,7.22,694,3818,13150,1754,2,1975,[],['Wako Production'],['Adventure'],[]
5107,Balthus: Tia's Radiance,OVA,Original,1,29,Rx - Hentai,5.11,1030,,11357,2962,3,,[],['Kusama Art'],"['Action', 'Hentai']",[]
5108,,OVA,Visual novel,1,26,Rx - Hentai,5.32,564,,13174,1744,1,,[],['Anime Antenna Iinkai'],['Hentai'],[]
5109,,OVA,Original,2,28,Rx - Hentai,5.74,1221,,10221,4137,5,,[],['Studio Ten Carat'],['Hentai'],['School']
5112,Akikan!,TV,Light novel,12,23,PG-13 - Teens 13 or older,6.11,64210,10398,2010,128365,141,2009,[],"[""Brain's Base""]","['Comedy', 'Fantasy', 'Romance', 'Ecchi']",['Anthropomorphic']
5114,Fullmetal Alchemist: Brotherhood,TV,Manga,64,24,R - 17+ (violence & profanity),9.11,2311952,3,3,3683905,242640,2009,['Shounen'],['Bones'],"['Action', 'Adventure', 'Drama', 'Fantasy']",['Military']
5116,,OVA,Original,1,7,PG-13 - Teens 13 or older,6.77,15689,6482,4772,28800,10,,[],['AIC'],['Girls Love'],['School']
5117,Legend of the Black Eye,OVA,Visual novel,5,28,Rx - Hentai,5.95,703,,12187,2344,6,,[],['Alice Production'],"['Fantasy', 'Hentai']",[]
5118,The Melancholy of Haruhi-chan Suzumiya,ONA,4-koma manga,25,3,PG-13 - Teens 13 or older,7.46,51847,2463,2373,102090,334,,[],['Kyoto Animation'],['Comedy'],['Parody']
5129,Zentrix,TV,Original,26,25,PG - Children,6.3,475,9370,13901,1424,6,2003,[],['Imagi'],"['Adventure', 'Sci-Fi']",['Mecha']
5131,Gloizer X,TV,Manga,36,25,PG-13 - Teens 13 or older,6.24,406,9685,13763,1475,6,1976,[],['Knack Productions'],['Sci-Fi'],['Mecha']
5132,Let's Nupu Nupu,TV,4-koma manga,16,5,R+ - Mild Nudity,6.33,2968,9189,7220,10322,24,1998,[],"['Ajia-do', 'Group TAC']","['Comedy', 'Ecchi']","['Gag Humor', 'School']"
5133,One-Million Year Trip: Bander Book,TV Special,Original,1,92,R+ - Mild Nudity,6.64,1295,7301,11768,2655,3,,[],['Tezuka Productions'],['Sci-Fi'],[]
5136,,OVA,Original,1,100,PG-13 - Teens 13 or older,6.66,625,7187,12366,2238,2,,[],['The Answer Studio'],['Action'],[]
5140,,TV,Manga,20,25,PG-13 - Teens 13 or older,7.1,346,4613,15291,1008,3,1994,['Kids'],['Studio Kikan'],[],['Music']
5141,Taisho Baseball Girls,TV,Light novel,12,24,PG-13 - Teens 13 or older,7.49,8324,2315,5198,23428,62,2009,[],['J.C.Staff'],"['Comedy', 'Sports']","['Historical', 'School', 'Team Sports']"
5143,Special Powered Armor Troop Dorvack,TV,Original,36,24,R+ - Mild Nudity,7.15,763,4328,12163,2368,4,1983,[],['Ashi Productions'],['Sci-Fi'],['Mecha']
5147,,OVA,Visual novel,4,30,PG-13 - Teens 13 or older,6.62,1465,7417,10230,4125,2,,[],['Chaos Project'],['Comedy'],['Otaku Culture']
5150,Hatsukoi Limited,TV,Manga,12,24,PG-13 - Teens 13 or older,7.28,42599,3424,2265,108379,242,2009,['Shounen'],['J.C.Staff'],"['Comedy', 'Romance']",['School']
5151,,OVA,Manga,3,44,R - 17+ (violence & profanity),6.45,556,8469,12854,1921,1,,['Seinen'],"['Gainax', 'Magic Bus']","['Action', 'Drama']","['Organized Crime', 'Strategy Game']"
5152,Dragon Ball: Yo! The Return of Son-Goku and Friends!!,Special,Manga,1,34,PG-13 - Teens 13 or older,6.81,32652,6233,3361,56674,32,,['Shounen'],['Toei Animation'],"['Action', 'Adventure', 'Comedy', 'Fantasy']",[]
5153,Panzer World Galient,TV,Original,25,24,PG-13 - Teens 13 or older,6.94,1446,5487,9667,4861,10,1984,[],['Sunrise'],"['Fantasy', 'Sci-Fi']",['Mecha']
5154,,OVA,Manga,1,29,Rx - Hentai,5.16,478,,13234,1711,2,,[],['Shinjukuza'],['Hentai'],['School']
5155,Millennium Old Journal: Tale of Genji,TV,Novel,11,22,PG-13 - Teens 13 or older,6.89,3940,5746,6032,15971,21,2009,[],"['TMS Entertainment', 'Tezuka Productions']","['Drama', 'Romance']",['Historical']
5157,Reign: The Conqueror Movie,Movie,Novel,1,101,R - 17+ (violence & profanity),6.41,934,8698,11109,3175,3,,[],['Madhouse'],"['Action', 'Adventure', 'Avant Garde', 'Mystery', 'Supernatural']","['Historical', 'Military']"
5158,,Music,Unknown,1,2,PG-13 - Teens 13 or older,4.65,3237,,9238,5522,0,,[],[],['Avant Garde'],['Music']
5159,Legend of Reyon: The God of Darkness,OVA,Unknown,1,38,Rx - Hentai,5.23,445,,13750,1481,2,,[],['Twenty First'],"['Adventure', 'Fantasy', 'Hentai']",[]
5160,Wake Up! Aria,OVA,Unknown,1,28,Rx - Hentai,4.68,502,,13599,1550,1,,[],[],['Hentai'],[]
5162,,TV,Manga,13,24,PG-13 - Teens 13 or older,7.57,37205,1939,2973,70943,56,2009,['Seinen'],['asread.'],['Comedy'],"['CGDCT', 'School']"
5163,Code Geass: Lelouch of the Rebellion R2 Picture Dramas,Special,Original,9,5,PG-13 - Teens 13 or older,7.05,16227,4857,4086,40056,98,,[],['Sunrise'],"['Comedy', 'Ecchi']",[]
5164,Macross 25th Anniversary: All That VF Macross Zero Version,ONA,Original,1,2,PG-13 - Teens 13 or older,6.11,1411,10426,10497,3772,1,,[],[],['Sci-Fi'],['Mecha']
5165,Macross 25th Anniversary: All That VF Macross F Version,ONA,Original,1,2,PG-13 - Teens 13 or older,6.22,1508,9824,10351,3969,0,,[],[],['Sci-Fi'],['Mecha']
5167,,OVA,Original,4,30,R - 17+ (violence & profanity),5.61,481,12854,12133,2390,4,,[],['Radix'],"['Drama', 'Romance']",[]
5168,,CM,Original,1,1,PG-13 - Teens 13 or older,6.17,2788,,9143,5677,4,,[],['Production I.G'],[],"['Historical', 'Samurai']"
5172,,OVA,Manga,2,27,Rx - Hentai,6.99,3772,,7648,8905,25,,[],['Flavors Soft'],['Hentai'],[]
5173,Humiliated Wives,OVA,Visual novel,2,28,Rx - Hentai,5.67,1018,,11096,3186,5,,[],['Y.O.U.C'],['Hentai'],[]
5177,Electromagnetic Girlfriend,OVA,Light novel,2,42,R - 17+ (violence & profanity),7.48,69962,2330,1714,157048,834,,[],"[""Brain's Base""]","['Mystery', 'Suspense']",['School']
5178,First Squad: The Moment of Truth,Movie,Original,1,60,R - 17+ (violence & profanity),5.92,21275,11384,3879,44358,59,,[],['Studio 4°C'],"['Action', 'Supernatural']","['Historical', 'Military', 'Super Power']"
5184,,TV,Picture book,48,25,,,,19100,17545,600,0,2008,[],['Toei Animation'],"['Adventure', 'Comedy']",['Historical']
5189,Super Express Hikarian,TV,Unknown,156,7,G - All Ages,6.14,385,10249,15066,1066,1,1997,['Kids'],[],"['Action', 'Adventure']",[]
5190,Desert Island Story XX,OVA,Visual novel,4,27,Rx - Hentai,5.38,506,,13167,1748,2,,[],['Triple X'],['Hentai'],[]
5191,,OVA,Manga,2,28,Rx - Hentai,5.82,682,,12809,1953,5,,[],['AIC'],"['Drama', 'Hentai']",[]
5192,,TV Special,Novel,1,45,PG - Children,6.14,210,10267,16376,760,0,,[],['Shin-Ei Animation'],['Adventure'],['Historical']
5193,,ONA,Unknown,1,20,PG - Children,5.43,186,13454,18375,520,0,,['Kids'],[],[],['Educational']
5194,Square Sisters,OVA,Visual novel,2,30,Rx - Hentai,6.99,6231,,6198,14870,50,,[],['Flavors Soft'],['Hentai'],[]
5196,Aria The Origination Picture Drama,Special,Manga,7,6,G - All Ages,6.98,5385,5228,6658,12451,14,,['Shounen'],['HAL Film Maker'],"['Sci-Fi', 'Slice of Life']",['Iyashikei']
5197,Dragon League,TV,Unknown,39,24,PG-13 - Teens 13 or older,7.41,1020,2672,11600,2777,13,1993,[],['Gallop'],"['Adventure', 'Comedy', 'Fantasy', 'Sports']",['Team Sports']
5199,,Special,Manga,2,6,PG-13 - Teens 13 or older,6.92,2649,5608,7639,8930,3,,[],['Gonzo'],['Comedy'],"['Parody', 'School']"
5200,,TV,Manga,39,23,G - All Ages,7.27,2053,3519,9478,5161,25,2001,[],['Ashi Productions'],"['Drama', 'Sports']",['Team Sports']
5201,Tomatoman,TV,Original,50,23,G - All Ages,7.18,758,4113,13372,1650,3,1992,[],['Animation 21'],"['Adventure', 'Comedy']",[]
5203,Palm Town,TV,Original,50,24,G - All Ages,7.34,1000,3074,11756,2666,6,1987,[],['Toei Animation'],"['Fantasy', 'Slice of Life']",['Anthropomorphic']
5204,The Garden of Sinners Chapter 6: Oblivion Recording,Movie,Light novel,1,59,R - 17+ (violence & profanity),7.44,118277,2537,1373,204169,219,,[],['ufotable'],"['Action', 'Fantasy', 'Mystery', 'Romance', 'Suspense']",['Urban Fantasy']
5205,The Garden of Sinners Chapter 7: A Study in Murder - Part 2,Movie,Light novel,1,121,R+ - Mild Nudity,8.37,119251,257,1284,219887,2362,,[],['ufotable'],"['Action', 'Fantasy', 'Mystery', 'Romance', 'Suspense']",['Urban Fantasy']
5207,,ONA,Other,7,5,PG-13 - Teens 13 or older,4.86,204,14486,17894,564,0,,[],[],['Comedy'],[]
5208,,OVA,Visual novel,2,30,Rx - Hentai,5.84,869,,11104,3182,1,,[],['Blue Note'],['Hentai'],[]
5209,,OVA,Visual novel,3,27,Rx - Hentai,6.27,2526,,7971,7965,24,,[],['Suzuki Mirano'],['Hentai'],[]
5210,,OVA,Visual novel,1,30,Rx - Hentai,5.8,1414,,9880,4558,9,,[],['T-Rex'],['Hentai'],[]
5211,,OVA,Visual novel,2,28,Rx - Hentai,5.95,1750,,9332,5380,15,,[],['Gunners'],['Hentai'],[]
5212,HypnoLove,OVA,Visual novel,2,26,Rx - Hentai,6.18,2468,,7986,7927,12,,[],['Y.O.U.C'],['Hentai'],[]
5213,,OVA,Visual novel,1,27,Rx - Hentai,6.07,1527,,9666,4863,14,,[],['Nihikime no Dozeu'],['Hentai'],[]
5214,,OVA,Original,2,29,Rx - Hentai,6.63,2129,,8893,6123,18,,[],['Pink Cat'],['Hentai'],[]
5216,,OVA,Visual novel,2,25,PG-13 - Teens 13 or older,7.24,8106,3694,5891,17012,18,,[],['Zexcs'],"['Drama', 'Romance']",['Harem']
5217,Goal Field Hunter,TV,Manga,39,30,PG-13 - Teens 13 or older,6.88,860,5814,12119,2404,14,1994,[],['Image Kei'],['Sports'],['Team Sports']
5220,Shangri-La,TV,Novel,24,23,PG-13 - Teens 13 or older,7.13,21972,4443,2993,70006,165,2009,[],['Gonzo'],"['Action', 'Drama', 'Sci-Fi']",[]
5223,,TV,Unknown,33,25,G - All Ages,6.28,430,9493,15029,1079,0,1986,['Kids'],[],['Comedy'],[]
5225,,Movie,Manga,1,12,R+ - Mild Nudity,6.36,5627,9023,6767,11998,6,,['Seinen'],['Tokyo Movie Shinsha'],"['Action', 'Comedy']",['Adult Cast']
5226,Beyond the Heavens,TV,Manga,26,23,R+ - Mild Nudity,7.18,4671,4116,5486,20404,53,2009,[],['Madhouse'],"['Action', 'Adventure']",['Historical']
5228,Initial D Extra Stage 2,OVA,Manga,1,54,PG-13 - Teens 13 or older,7.41,24506,2684,3699,47905,63,,['Seinen'],['A.C.G.T.'],"['Action', 'Drama']",['Racing']
5231,,TV,Game,127,24,G - All Ages,7.78,146331,1241,1179,240852,4802,2008,[],['OLM'],['Sports'],"['Super Power', 'Team Sports']"
5232,Manual of Ninja Martial Arts,Movie,Manga,1,135,R - 17+ (violence & profanity),5.41,462,13520,12431,2202,7,,[],[],['Action'],[]
5233,,TV,Light novel,13,24,PG-13 - Teens 13 or older,7.39,16504,2811,4365,35139,32,2009,[],['J.C.Staff'],"['Action', 'Adventure', 'Comedy', 'Fantasy']",[]
5234,,TV,Original,13,24,R+ - Mild Nudity,5.88,177,11635,15602,929,0,2008,[],"['A-1 Pictures', 'No Side']","['Comedy', 'Ecchi']",[]
5235,,TV,Manga,51,23,PG - Children,6.35,345,9069,13550,1565,3,2008,[],['TMS Entertainment'],['Fantasy'],['Strategy Game']
5237,Compiler 2,OVA,Manga,1,50,R+ - Mild Nudity,5.4,553,13542,13388,1641,1,,[],['Studio Fantasia'],"['Action', 'Drama', 'Sci-Fi']",[]
5238,,Movie,Novel,1,87,PG - Children,6.15,432,10178,12244,2317,1,,['Kids'],"['Production I.G', 'Trans Arts']","['Adventure', 'Comedy']",[]
5240,,Movie,Manga,1,78,PG-13 - Teens 13 or older,6.29,141,9447,15383,987,0,,[],[],['Comedy'],"['Gag Humor', 'Music']"
5241,,TV,Original,11,3,G - All Ages,5.29,227,13839,16256,783,1,,['Kids'],[],[],[]
5244,,Special,Manga,1,5,G - All Ages,7.3,7838,3286,5818,17622,33,,['Shounen'],['HAL Film Maker'],"['Sci-Fi', 'Slice of Life']",['Iyashikei']
5246,,OVA,Original,1,29,PG-13 - Teens 13 or older,6.19,873,9954,12607,2090,1,,[],['Studio Pierrot'],['Comedy'],['Mahou Shoujo']
5249,The Three-Eyed One,TV,Manga,48,24,G - All Ages,7.32,838,3192,12321,2276,10,1990,['Shounen'],['Tezuka Productions'],['Adventure'],[]
5250,,TV,Manga,23,24,R - 17+ (violence & profanity),6.72,1141,6799,10665,3579,3,1984,[],['TMS Entertainment'],['Fantasy'],"['Mecha', 'Time Travel']"
5251,,OVA,Manga,2,24,R - 17+ (violence & profanity),7.49,26840,2280,3585,50563,260,,[],['Toei Animation'],"['Action', 'Comedy']","['Delinquents', 'School']"
5252,One Piece: Romance Dawn Story,OVA,Manga,1,33,PG-13 - Teens 13 or older,7.33,29508,3130,3323,58131,29,,['Shounen'],['Toei Animation'],"['Action', 'Adventure', 'Fantasy']",[]
5256,Pokémon Mystery Dungeon: Explorers of Time and Darkness,Special,Game,1,21,PG - Children,6.55,5714,7888,6716,12199,3,,[],['OLM'],"['Adventure', 'Fantasy']",[]
5258,Fighting Spirit: New Challenger,TV,Manga,26,23,PG-13 - Teens 13 or older,8.67,190010,79,863,327181,1954,2009,['Shounen'],['Madhouse'],['Sports'],['Combat Sports']
5259,,OVA,Visual novel,2,24,Rx - Hentai,6.39,2972,,7713,8722,22,,[],['animate Film'],"['Fantasy', 'Hentai']",[]
5260,,ONA,Unknown,10,2,G - All Ages,5.56,241,13050,17167,644,0,,['Kids'],['San-X'],['Adventure'],['Anthropomorphic']
5262,Shugo Chara!! Doki,TV,Manga,51,24,PG - Children,7.45,57867,2513,2254,109440,593,2008,['Shoujo'],['Satelight'],['Comedy'],"['Mahou Shoujo', 'School']"
5263,,Music,Original,1,2,G - All Ages,5.92,511,,15500,952,0,,['Kids'],[],[],['Music']
5266,God Bless Dancougar,OVA,Original,1,80,PG-13 - Teens 13 or older,7.05,1113,4853,11541,2820,2,,[],['Production Reed'],['Sci-Fi'],['Mecha']
5267,Adventure of Gamba,TV,Novel,26,24,G - All Ages,7.73,2152,1366,8951,6014,46,1975,['Kids'],['Tokyo Movie Shinsha'],"['Adventure', 'Suspense']",['Anthropomorphic']
5270,All That Gundam,Special,Original,1,1,G - All Ages,5.81,2713,11944,8867,6139,18,,[],['Sunrise'],['Sci-Fi'],['Mecha']
5272,The Legend of Manxmouse,TV Special,Novel,1,75,G - All Ages,6.64,629,7347,14103,1355,1,,[],['Nippon Animation'],['Adventure'],[]
5273,,TV,Manga,49,25,PG - Children,7.35,659,3004,12396,2220,5,1989,[],['Gallop'],['Sports'],['Team Sports']
5274,,TV,Manga,87,24,PG-13 - Teens 13 or older,7.45,915,2500,11120,3163,17,1990,['Shounen'],['Toei Animation'],"['Adventure', 'Comedy', 'Fantasy', 'Ecchi']","['Gag Humor', 'School']"
5276,,TV,Manga,13,25,G - All Ages,6.37,564,8952,12269,2304,14,2007,"['Kids', 'Shoujo']",['Group TAC'],"['Fantasy', 'Slice of Life']","['Anthropomorphic', 'Iyashikei']"
5277,Sekirei: Pure Engagement,TV,Manga,13,24,R+ - Mild Nudity,7.26,138433,3591,1100,256166,555,2010,['Seinen'],['Seven Arcs'],"['Action', 'Comedy', 'Romance', 'Ecchi']","['Harem', 'Super Power']"
5278,Charge! Pappara Team,TV,Manga,25,24,PG-13 - Teens 13 or older,7.22,381,3870,13629,1536,1,1998,[],['Magic Bus'],"['Action', 'Adventure', 'Comedy', 'Romance', 'Sci-Fi']",[]
5279,,Special,Manga,1,10,R+ - Mild Nudity,7.03,32153,5004,3251,60472,53,,['Seinen'],['Seven Arcs'],"['Comedy', 'Romance']",['Harem']
5281,The Last Train To Gropesville,OVA,Visual novel,2,26,Rx - Hentai,6.1,1515,,10152,4212,6,,[],['Y.O.U.C'],['Hentai'],[]
5285,,OVA,Visual novel,2,31,Rx - Hentai,5.23,515,,13317,1676,2,,[],['Shinkuukan'],['Hentai'],[]
5287,,TV,Original,53,24,PG - Children,6.97,602,5306,13968,1403,1,1977,['Kids'],['Tatsunoko Production'],"['Adventure', 'Comedy', 'Sports']",['Team Sports']
5288,,TV Special,Original,1,35,PG-13 - Teens 13 or older,6.35,1331,9082,9964,4454,0,,[],['Bones'],"['Drama', 'Mystery', 'Romance', 'Sci-Fi']","['Mecha', 'Music']"
5289,,Movie,Other,1,46,G - All Ages,6.11,605,10403,12982,1845,2,,[],['Ashi Productions'],"['Adventure', 'Sci-Fi']","['Mecha', 'Space']"
5290,Keroro Movie 3,Movie,Manga,1,95,PG - Children,7.4,2645,2755,9065,5816,17,,['Shounen'],['Sunrise'],"['Comedy', 'Sci-Fi']",[]
5291,Fist of the North Star: Legend of Kenshiro,Movie,Manga,1,89,R - 17+ (violence & profanity),7.55,5565,2022,6528,13083,26,,['Shounen'],['TMS Entertainment'],['Action'],['Martial Arts']
5292,Getter Robo Go,TV,Manga,50,24,PG-13 - Teens 13 or older,6.98,1008,5246,10747,3503,5,1991,['Shounen'],['Toei Animation'],['Adventure'],"['Mecha', 'Military']"
5293,Prime Rose,TV Special,Manga,1,84,R+ - Mild Nudity,6.26,1263,9619,11283,3028,2,,[],['Tezuka Productions'],"['Action', 'Adventure', 'Drama', 'Romance', 'Sci-Fi']",[]
5296,Hell Teacher Nube: Summer Holiday of Fear! Legend of the Sea of Suspicion,Movie,Manga,1,38,R - 17+ (violence & profanity),7.0,1451,5155,10577,3676,2,,['Shounen'],['Toei Animation'],"['Action', 'Horror', 'Supernatural']",['School']
5298,,Special,Manga,1,28,PG-13 - Teens 13 or older,6.93,5072,5567,6927,11378,7,,[],['Gallop'],"['Fantasy', 'Sci-Fi']",['Strategy Game']
5299,,Movie,Original,1,2,G - All Ages,4.9,534,14450,15135,1047,0,,[],[],['Slice of Life'],[]
5300,Natsume's Book of Friends Season 2,TV,Manga,13,24,PG-13 - Teens 13 or older,8.53,134773,150,1055,267277,1507,2009,['Shoujo'],"[""Brain's Base""]","['Slice of Life', 'Supernatural']","['Iyashikei', 'Mythology']"
5303,Xabungle Graffiti,Movie,Unknown,1,83,PG-13 - Teens 13 or older,6.42,563,8693,13236,1709,0,,[],['Sunrise'],[],['Mecha']
5304,Akiba-chan,TV,Original,10,5,G - All Ages,5.46,1340,13339,10948,3306,10,2008,['Kids'],[],['Comedy'],[]
5305,,OVA,Visual novel,1,29,R+ - Mild Nudity,6.59,5078,7610,7013,11030,2,,[],['Doga Kobo'],"['Comedy', 'Fantasy', 'Ecchi']",['School']
5306,,OVA,Game,4,43,PG-13 - Teens 13 or older,7.51,14585,2224,4447,33719,73,,[],['ufotable'],"['Action', 'Adventure', 'Fantasy']",['Martial Arts']
5307,The Girl Who Leapt Through Space,TV,Original,26,24,PG-13 - Teens 13 or older,7.11,9105,4573,4763,28866,48,2009,[],['Sunrise'],"['Adventure', 'Comedy', 'Sci-Fi']",['Space']
5308,Ushio and Tora: Comically Deformed Theater,OVA,Manga,1,30,PG-13 - Teens 13 or older,6.22,1246,9848,10401,3892,3,,['Shounen'],['Pastel'],"['Action', 'Comedy']",[]
5310,Macross Frontier: The False Songstress,Movie,Original,1,119,PG-13 - Teens 13 or older,7.83,17215,1109,4472,33367,59,,[],"['Satelight', '8bit']","['Romance', 'Sci-Fi']","['Mecha', 'Military', 'Music', 'Space']"
5311,,TV,Original,26,24,G - All Ages,6.43,638,8567,12758,1989,10,1972,[],[],['Sci-Fi'],['Mecha']
5314,Mon Colle Knights: Legend of the Fire Dragon,Movie,Card game,1,32,PG - Children,5.99,246,11063,15129,1046,0,,[],['Studio Deen'],"['Adventure', 'Comedy', 'Fantasy']",[]
5315,,OVA,Manga,2,27,Rx - Hentai,6.89,2837,,7943,8032,19,,[],['Flavors Soft'],['Hentai'],[]
5316,,OVA,Visual novel,3,27,Rx - Hentai,5.89,3734,,7437,9533,41,,[],['Anime Antenna Iinkai'],['Hentai'],[]
5321,Destined for Love,OVA,Visual novel,2,30,Rx - Hentai,6.24,1420,,10163,4199,6,,[],['Dream Entertainment'],['Hentai'],[]
5322,Infinite Space,ONA,Game,4,2,PG-13 - Teens 13 or older,5.12,569,14163,13811,1463,1,,[],"['Gonzo', 'Production I.G']","['Action', 'Sci-Fi']",['Space']
5324,Night Shift Nurses: Kranke,OVA,Visual novel,3,27,Rx - Hentai,6.14,1891,,9284,5459,10,,[],['AT-2'],['Hentai'],[]
5330,,TV Special,Game,2,23,PG-13 - Teens 13 or older,5.2,1506,14007,10258,4096,4,,[],['Vega Entertainment'],['Sci-Fi'],[]
5332,Library Wars: Situation Love Handicap,Special,Novel,1,24,PG-13 - Teens 13 or older,7.31,5928,3274,6952,11260,4,,[],['Production I.G'],"['Action', 'Comedy', 'Drama', 'Romance']","['Adult Cast', 'Military']"
5333,,Special,Manga,6,2,R+ - Mild Nudity,6.52,8415,8048,5456,20758,13,,['Seinen'],['Arms'],"['Comedy', 'Ecchi']",[]
5337,Bakugan: New Vestroia,TV,Original,52,24,PG - Children,6.61,45030,7479,2925,72868,224,2010,[],['TMS Entertainment'],"['Adventure', 'Fantasy']",['Strategy Game']
5341,Spice and Wolf II,TV,Light novel,12,23,PG-13 - Teens 13 or older,8.3,290167,323,489,521761,4309,2009,[],"[""Brain's Base"", 'Marvy Jack']","['Adventure', 'Drama', 'Romance', 'Supernatural']",['Adult Cast']
5342,,TV,Light novel,13,24,PG-13 - Teens 13 or older,6.91,48525,5627,2309,105784,179,2009,[],['Seven Arcs'],"['Fantasy', 'Sci-Fi']","['Harem', 'Mecha', 'School']"
5343,,TV,Manga,12,51,R+ - Mild Nudity,7.09,783,4674,11166,3119,9,2004,['Seinen'],['TMS Entertainment'],"['Action', 'Adventure', 'Comedy', 'Ecchi']","['Gag Humor', 'Parody']"
5344,,TV,Original,20,24,R+ - Mild Nudity,6.99,572,5223,13425,1628,0,1983,[],['Tatsunoko Production'],[],['Mecha']
5347,,Special,Visual novel,1,10,Rx - Hentai,6.44,6761,,6255,14458,32,,[],['Studio Jam'],['Hentai'],[]
5348,Detective Conan Magic File 2: Kudou Shinichi - The Case of the Mysterious Wall and the Black Lab,OVA,Manga,1,28,PG-13 - Teens 13 or older,7.5,6430,2266,6344,14000,22,,['Shounen'],['TMS Entertainment'],"['Adventure', 'Comedy', 'Mystery']",['Detective']
5351,,Special,Original,1,24,PG-13 - Teens 13 or older,7.16,2582,4240,7977,7948,4,,[],['Sunrise'],['Sci-Fi'],['Mecha']
5353,Bite me!,OVA,Manga,6,50,R+ - Mild Nudity,6.95,1074,5413,11387,2939,9,,['Seinen'],['Egg'],"['Comedy', 'Ecchi']","['Delinquents', 'School']"
5355,Sengoku Basara: Samurai Kings,TV,Game,12,23,PG-13 - Teens 13 or older,7.33,67830,3143,1621,170336,956,2009,[],['Production I.G'],"['Action', 'Fantasy']","['Historical', 'Martial Arts', 'Samurai']"
5356,Canaan,TV,Visual novel,13,23,R - 17+ (violence & profanity),7.22,90645,3817,1145,247700,981,2009,[],['P.A. Works'],"['Action', 'Mystery', 'Sci-Fi']",['Adult Cast']
5365,La Maison en Petits Cubes,Movie,Original,1,12,G - All Ages,8.0,55873,756,2378,101838,476,,[],['Oh! Production'],"['Award Winning', 'Drama']",[]
5369,Street Fighter IV: The Ties That Bind,OVA,Game,1,65,PG-13 - Teens 13 or older,6.29,4721,9457,7512,9285,7,,[],['Studio 4°C'],"['Action', 'Adventure']",[]
5372,,OVA,Unknown,3,26,PG-13 - Teens 13 or older,6.18,1309,10046,10718,3524,0,,[],['Sunrise'],"['Adventure', 'Sci-Fi']",['Mecha']
5374,Miracle! Mimika,TV,Original,225,10,G - All Ages,,,18814,16821,693,0,2006,['Kids'],['Digital Media Lab'],"['Gourmet', 'Slice of Life']",[]
5375,"King of Classroom, Yamazaki",TV,Manga,54,24,G - All Ages,6.48,689,8274,13396,1641,5,1997,[],['Magic Bus'],['Comedy'],[]
5383,,OVA,Manga,1,34,Rx - Hentai,5.0,846,,11996,2492,6,,[],['Meltdown'],"['Comedy', 'Hentai']",[]
5386,Musashi: The Dream of the Last Samurai,Movie,Unknown,1,72,R - 17+ (violence & profanity),6.33,1943,9197,8237,7350,7,,[],['Production I.G'],['Action'],"['Historical', 'Martial Arts', 'Samurai']"
5391,,OVA,Original,1,36,Rx - Hentai,4.35,46326,,2862,75143,336,,[],"['Sugar Boy', 'Blue Cat']","['Boys Love', 'Hentai']",[]
5393,Soushitsukyou,OVA,Visual novel,1,28,Rx - Hentai,5.13,1038,,10620,3630,8,,[],['Lead'],['Hentai'],[]
5395,,TV,Original,51,23,PG-13 - Teens 13 or older,7.43,761,2593,12110,2411,11,1993,[],['Sunrise'],['Sci-Fi'],['Mecha']
5396,Brave Command Dagwon: The Boy with Crystal Eyes,OVA,Original,2,29,PG-13 - Teens 13 or older,6.13,334,10350,14546,1214,2,,[],['Sunrise'],[],['Mecha']
5397,Usavich III,TV,Original,13,1,PG-13 - Teens 13 or older,7.04,2961,4957,9623,4928,4,2008,[],['Kanaban Graphics'],['Comedy'],"['Anthropomorphic', 'Gag Humor']"
5398,,OVA,Visual novel,2,26,Rx - Hentai,5.8,617,,12761,1990,1,,[],['Triple X'],['Hentai'],[]
5399,Internal Medicine,OVA,Visual novel,2,30,Rx - Hentai,5.67,634,,12362,2243,2,,[],['Y.O.U.C'],['Hentai'],[]
5400,,OVA,Manga,2,26,Rx - Hentai,5.4,658,,12388,2216,7,,[],['AIC'],['Hentai'],[]
5401,,OVA,Light novel,2,29,Rx - Hentai,5.54,821,,11965,2508,3,,[],['Himajin Planning'],['Hentai'],[]
5402,,OVA,Unknown,1,28,Rx - Hentai,4.77,605,,13255,1702,0,,[],['Obtain Future'],['Hentai'],[]
5403,,OVA,Visual novel,2,28,Rx - Hentai,5.69,666,,12576,2110,3,,[],['Rikuentai'],['Hentai'],[]
5408,,OVA,Visual novel,2,28,Rx - Hentai,5.84,657,,12834,1937,2,,[],['Datama Film'],"['Fantasy', 'Hentai']",[]
5411,,OVA,Visual novel,1,14,Rx - Hentai,5.84,727,,12409,2215,2,,[],['APPP'],"['Drama', 'Fantasy', 'Hentai']",[]
5415,,PV,Manga,1,4,G - All Ages,5.69,1069,,10320,4014,5,,['Shoujo'],['Toei Animation'],"['Drama', 'Romance']","['Crossdressing', 'Historical', 'Military']"
5419,,Special,Manga,1,31,PG-13 - Teens 13 or older,7.44,4934,2553,7116,10653,5,,['Shounen'],['Shaft'],['Comedy'],"['Gag Humor', 'Parody', 'School']"
5420,The Beast Player Erin,TV,Novel,50,24,PG-13 - Teens 13 or older,8.33,23229,293,2482,94858,1542,2009,[],"['Production I.G', 'Trans Arts']","['Drama', 'Fantasy']",[]
5421,,Movie,Original,1,89,PG-13 - Teens 13 or older,5.8,501,11994,13877,1434,1,,[],['Digital Dream Studios'],"['Fantasy', 'Sci-Fi']","['Mecha', 'Military']"
5423,,OVA,Manga,1,28,Rx - Hentai,5.09,307,,14717,1163,1,,[],[],['Hentai'],[]
5424,Booby Life,OVA,Visual novel,2,26,Rx - Hentai,6.78,4117,,7161,10480,35,,[],['Y.O.U.C'],['Hentai'],[]
5427,,OVA,Visual novel,3,29,Rx - Hentai,6.46,2121,,8640,6539,19,,[],['T-Rex'],"['Fantasy', 'Hentai']",[]
5439,,OVA,Original,3,27,Rx - Hentai,5.78,583,,12874,1908,1,,[],['Studio 9 Maiami'],['Hentai'],['Historical']
5440,The Brave of Gold Goldran,TV,Original,48,24,G - All Ages,7.31,1004,3256,10403,3887,12,1995,[],['Sunrise'],"['Adventure', 'Fantasy', 'Sci-Fi']",['Mecha']
5447,A-Girl,OVA,Manga,1,31,PG-13 - Teens 13 or older,5.82,2237,11888,9608,4947,12,,['Shoujo'],['Madhouse'],['Romance'],"['Music', 'School']"
5449,Chibi Kero: Secret of the Kero Ball!?,Special,Manga,1,17,G - All Ages,6.14,595,10246,13431,1626,0,,[],['Sunrise'],['Comedy'],[]
5454,Modern Magic Made Simple,TV,Light novel,12,24,PG-13 - Teens 13 or older,6.51,9805,8145,4787,28570,34,2009,[],['Nomad'],['Comedy'],['Mahou Shoujo']
5455,,OVA,Visual novel,2,29,Rx - Hentai,6.43,2052,,8773,6277,15,,[],['Studio Eromatick'],['Hentai'],[]
5458,,Special,Manga,1,23,PG-13 - Teens 13 or older,7.12,9461,4515,5539,19930,28,,['Shounen'],['Gallop'],"['Adventure', 'Fantasy']",['Strategy Game']
5460,Detective Conan Movie 13: The Raven Chaser,Movie,Manga,1,111,PG-13 - Teens 13 or older,8.21,36881,435,3097,65589,82,,['Shounen'],"['Tokyo Movie Shinsha', 'TMS Entertainment']","['Action', 'Mystery']",['Detective']
5462,Gunbuster! Science Lesson,Special,Original,6,2,G - All Ages,6.1,4579,10500,7435,9534,2,,[],['Gainax'],"['Comedy', 'Sci-Fi']",['Mecha']
5464,,OVA,Visual novel,2,26,Rx - Hentai,6.84,7595,,5607,19384,86,,[],['Suzuki Mirano'],['Hentai'],[]
5466,,OVA,Original,1,5,PG-13 - Teens 13 or older,5.57,502,13010,12418,2208,2,,[],['Triangle Staff'],"['Comedy', 'Fantasy']",[]
5468,,TV,Unknown,14,20,G - All Ages,,,22154,17890,565,0,2007,['Kids'],['No Side'],"['Mystery', 'Slice of Life']",[]
5469,,Movie,Original,1,9,G - All Ages,5.66,1153,12661,12311,2279,2,,[],[],"['Action', 'Award Winning', 'Drama']","['Historical', 'Military']"
5472,,Special,Manga,1,5,G - All Ages,5.7,371,12478,15272,1012,0,,[],[],['Slice of Life'],"['Iyashikei', 'Workplace']"
5473,,TV,Manga,36,24,G - All Ages,6.19,126,10005,15276,1012,1,2002,['Seinen'],['Toei Animation'],['Comedy'],[]
5474,,TV,Original,26,20,G - All Ages,5.91,371,11492,14284,1299,1,2002,['Kids'],['Tatsunoko Production'],"['Comedy', 'Fantasy']",[]
5475,,TV,Unknown,26,25,PG-13 - Teens 13 or older,5.99,293,11070,14176,1331,1,2000,[],['Tatsunoko Production'],"['Adventure', 'Comedy', 'Sci-Fi']",['Mecha']
5476,Marvelous Melmo,TV,Manga,26,24,PG - Children,6.98,822,5243,11875,2568,8,1971,['Shoujo'],['Tezuka Productions'],[],[]
5477,,TV,Other,25,25,G - All Ages,6.18,187,10026,15357,993,1,1999,[],"['Actas', 'TMS Entertainment']","['Comedy', 'Sci-Fi']",['Parody']
5478,,TV,Unknown,68,24,G - All Ages,6.95,424,5406,15097,1055,1,1999,['Kids'],['Studio Comet'],"['Adventure', 'Fantasy']",[]
5484,,Special,Light novel,12,2,PG-13 - Teens 13 or older,6.58,1096,7720,10644,3602,0,,[],[],"['Comedy', 'Supernatural']",['Mythology']
5485,Mazinger Edition Z: The Impact!,TV,Manga,26,23,R - 17+ (violence & profanity),7.72,6165,1412,5806,17714,170,2009,['Shounen'],"['Bee Media', 'Code']",['Drama'],"['Mecha', 'Super Power']"
5492,,Special,Novel,1,15,PG-13 - Teens 13 or older,5.54,448,13122,14461,1241,2,,[],['ACiD FiLM'],"['Sci-Fi', 'Slice of Life']",[]
5493,,OVA,Manga,1,32,R+ - Mild Nudity,7.51,7174,2217,6018,16079,13,,['Shounen'],['Studio Deen'],"['Action', 'Comedy', 'Supernatural']","['Magical Sex Shift', 'Martial Arts']"
5494,Before Green Gables,TV,Novel,39,23,G - All Ages,7.73,2709,1375,7446,9492,59,2009,[],['Nippon Animation'],['Drama'],['Historical']
5496,Storm Rider: Clash of the Evils,Movie,Manga,1,99,PG-13 - Teens 13 or older,6.37,1052,8944,11585,2782,2,,[],[],"['Action', 'Adventure']",['Martial Arts']
5501,,Special,Unknown,13,4,PG-13 - Teens 13 or older,5.63,1183,12782,10675,3562,1,,[],['AIC ASTA'],"['Action', 'Avant Garde', 'Comedy']",['Parody']
5503,Atagoal - Cat's Magical Forest,Movie,Unknown,1,80,PG - Children,5.98,240,11078,15347,993,3,,['Kids'],[],[],['Anthropomorphic']
5504,Polyphonica Crimson S,TV,Light novel,12,25,PG-13 - Teens 13 or older,7.2,9627,4003,4975,25956,41,2009,[],['Diomedéa'],"['Drama', 'Fantasy', 'Romance']","['Music', 'School']"
5505,Viper's Creed,TV,Original,12,23,PG-13 - Teens 13 or older,6.73,4436,6774,6877,11541,17,2009,[],"['AIC Spirits', 'Digital Frontier']","['Action', 'Sci-Fi']",['Military']
5507,Valkyria Chronicles,TV,Game,26,24,PG-13 - Teens 13 or older,7.58,57003,1903,1911,137755,616,2009,[],['A-1 Pictures'],"['Action', 'Romance']",['Military']
5515,,Movie,Unknown,1,25,PG-13 - Teens 13 or older,5.62,301,12848,14530,1221,0,,[],['Toei Animation'],['Sci-Fi'],['Mecha']
5520,,TV,Unknown,52,10,PG - Children,6.97,1064,5315,9951,4461,14,2007,[],['Studio Comet'],"['Comedy', 'Fantasy']",[]
5521,,OVA,Manga,1,27,PG-13 - Teens 13 or older,7.29,20044,3358,4090,39985,35,,['Shounen'],['J.C.Staff'],"['Action', 'Comedy', 'Romance']","['Harem', 'Parody']"
5522,Dirty by the Dozen,OVA,Visual novel,2,29,Rx - Hentai,5.65,824,,11646,2743,2,,[],['Y.O.U.C'],['Hentai'],[]
5525,07-Ghost,TV,Manga,25,23,PG-13 - Teens 13 or older,7.19,108133,4023,1270,221830,2128,2009,['Josei'],['Studio Deen'],"['Action', 'Fantasy']",['Military']
5526,Pokémon: Pikachu's Summer Vacation,Movie,Game,1,21,PG - Children,6.83,21712,6129,4223,37388,19,,['Kids'],['OLM'],"['Comedy', 'Fantasy']",[]
5529,Pokémon: Gotta Dance!,Movie,Game,1,24,PG - Children,6.46,6198,8424,6335,14060,1,,['Kids'],['OLM'],"['Comedy', 'Fantasy']",[]
5530,Pandora Hearts,TV,Manga,25,24,PG-13 - Teens 13 or older,7.64,181915,1674,588,453815,5324,2009,['Shounen'],['Xebec'],"['Adventure', 'Fantasy', 'Mystery']",[]
5534,,TV,Manga,164,25,G - All Ages,7.47,560,2383,13652,1525,3,1988,[],['Eiken'],['Romance'],[]
5535,Secret of the Seal,Movie,Novel,1,82,G - All Ages,6.13,437,10341,13976,1398,3,,['Kids'],['Nippon Animation'],"['Adventure', 'Drama']",[]
5538,Letter Bee: Light and Blue Night Fantasy,Special,Manga,1,27,PG-13 - Teens 13 or older,7.46,6947,2470,6130,15346,11,,['Shounen'],['Studio Pierrot'],"['Adventure', 'Fantasy']",[]
5539,,Special,Original,1,18,R - 17+ (violence & profanity),6.24,1359,9676,9886,4554,1,,[],['Gonzo'],"['Drama', 'Sci-Fi']",['Mecha']
5540,,OVA,Unknown,1,21,Rx - Hentai,4.75,494,,13473,1604,4,,[],[],['Hentai'],[]
5541,,OVA,Unknown,1,21,Rx - Hentai,4.55,323,,15115,1053,1,,[],[],['Hentai'],[]
5542,Search for Uranus,OVA,Unknown,1,25,Rx - Hentai,4.75,386,,14410,1253,1,,[],['All Products'],['Hentai'],[]
5543,,OVA,Unknown,1,64,Rx - Hentai,4.92,231,,15514,949,1,,[],[],['Hentai'],[]
5544,,OVA,Unknown,1,26,Rx - Hentai,4.7,624,,12779,1971,3,,[],['All Products'],"['Girls Love', 'Hentai']",[]
5545,,OVA,Unknown,1,20,Rx - Hentai,5.06,492,,13377,1648,2,,[],['Obtain Future'],['Hentai'],[]
5546,,OVA,Manga,1,45,Rx - Hentai,4.98,300,,14660,1180,2,,[],['E&G Films'],['Hentai'],[]
5547,Naughty College School Girls,OVA,Unknown,1,19,Rx - Hentai,4.48,379,,13998,1390,0,,[],['Obtain Future'],['Hentai'],[]
5548,,OVA,Unknown,1,51,Rx - Hentai,4.73,591,,12734,2012,4,,[],['Moonseong Animation'],['Hentai'],[]
5549,Butt Attack Punisher Girl Gautaman R,OVA,Manga,1,46,R+ - Mild Nudity,5.3,1878,13801,10029,4357,2,,[],['Studio Kikan'],"['Action', 'Comedy', 'Girls Love', 'Ecchi']","['Parody', 'School']"
5550,,OVA,Manga,1,24,Rx - Hentai,5.42,475,,13012,1828,1,,[],['Studio OX'],['Hentai'],[]
5551,,OVA,Unknown,1,29,Rx - Hentai,4.65,285,,15445,970,0,,[],[],['Hentai'],[]
5552,,OVA,Original,1,28,Rx - Hentai,4.82,313,,15168,1036,0,,[],[],['Hentai'],[]
5553,,OVA,Visual novel,1,31,Rx - Hentai,5.28,312,,14402,1256,1,,[],['E&G Films'],['Hentai'],[]
5554,,OVA,Manga,1,33,R+ - Mild Nudity,4.64,1124,14698,11063,3215,5,,['Shoujo'],['Madhouse'],"['Comedy', 'Horror', 'Supernatural']",['Parody']
5555,,OVA,Original,1,26,Rx - Hentai,5.12,301,,14493,1233,2,,[],['Studio OX'],['Hentai'],[]
5556,,OVA,Visual novel,1,28,Rx - Hentai,5.27,353,,14237,1314,1,,[],['Studio Jam'],['Hentai'],[]
5557,,OVA,Visual novel,1,25,Rx - Hentai,5.19,302,,14669,1176,0,,[],['EOEO System'],['Hentai'],[]
5558,,OVA,Unknown,1,37,Rx - Hentai,5.28,610,,12218,2327,7,,[],['Studio Kyuuma'],['Hentai'],[]
5559,,OVA,Original,1,32,Rx - Hentai,5.29,261,,14958,1096,1,,[],[],['Hentai'],[]
5560,,OVA,Unknown,1,25,Rx - Hentai,4.67,385,,13812,1460,0,,[],['Studio OX'],['Hentai'],[]
5561,,OVA,Manga,1,6,Rx - Hentai,4.74,580,,13425,1628,1,,[],[],['Hentai'],[]
5563,,OVA,Manga,1,28,Rx - Hentai,4.4,463,,13496,1592,1,,[],[],['Hentai'],[]
5564,,OVA,Unknown,1,29,R+ - Mild Nudity,4.8,442,,13386,1643,2,,[],['Knack Productions'],['Hentai'],[]
5565,,OVA,Manga,1,29,Rx - Hentai,5.35,362,,14006,1389,0,,[],['Meltdown'],['Hentai'],[]
5566,,OVA,Manga,1,44,Rx - Hentai,5.34,513,,13144,1759,1,,[],['Horannabi'],['Hentai'],['Historical']
5567,,OVA,Visual novel,1,28,Rx - Hentai,5.08,267,,15016,1083,0,,[],[],['Hentai'],[]
5568,,OVA,Visual novel,1,27,Rx - Hentai,5.34,1249,,10408,3887,7,,[],['Himajin Planning'],['Hentai'],[]
5569,,OVA,Visual novel,1,23,Rx - Hentai,2.38,4097,,8272,7264,38,,[],['Obtain Future'],['Hentai'],[]
5570,,OVA,Manga,1,29,Rx - Hentai,4.93,391,,13885,1431,2,,[],['Office AO'],['Hentai'],[]
5571,,OVA,Unknown,1,25,Rx - Hentai,5.07,460,,14253,1310,2,,[],[],['Hentai'],[]
5572,,OVA,Unknown,1,31,Rx - Hentai,4.92,495,,13607,1547,2,,[],['Obtain Future'],['Hentai'],[]
5573,Pure Love,OVA,Visual novel,2,31,Rx - Hentai,5.1,355,,14436,1248,2,,[],['Project Team Sarah'],['Hentai'],[]
5575,,OVA,Unknown,1,30,Rx - Hentai,5.41,400,,14298,1293,2,,[],[],['Hentai'],[]
5576,,OVA,Visual novel,1,31,Rx - Hentai,5.44,871,,11852,2588,0,,[],[],['Hentai'],[]
5578,Gosho Aoyama's Collection of Short Stories,Special,Manga,7,20,PG-13 - Teens 13 or older,7.27,3273,3478,8328,7161,8,,['Shounen'],['TMS Entertainment'],"['Adventure', 'Comedy', 'Mystery']",['Detective']
5581,,TV Special,Novel,1,73,G - All Ages,5.32,304,13758,15427,973,2,,[],['Tatsunoko Production'],"['Action', 'Adventure']",[]
5583,Sonic Night of the Werehog,ONA,Game,1,11,G - All Ages,6.6,6384,7576,7255,10167,35,,[],['Marza Animation Planet'],['Action'],['Anthropomorphic']
5584,,OVA,Original,1,50,R - 17+ (violence & profanity),6.86,1758,5953,10616,3628,2,,[],['Studio Sign'],['Action'],['Mahou Shoujo']
5585,,OVA,Original,1,40,R+ - Mild Nudity,6.8,1949,6315,9950,4464,4,,[],['Studio Sign'],"['Action', 'Ecchi']",['Mahou Shoujo']
5586,,OVA,Unknown,1,23,Rx - Hentai,5.19,394,,13668,1515,0,,[],['Obtain Future'],['Hentai'],[]
5587,,OVA,Unknown,1,39,Rx - Hentai,5.22,378,,14204,1322,1,,[],['Wise Guy'],['Hentai'],[]
5588,,OVA,Visual novel,2,28,Rx - Hentai,5.15,312,,14550,1213,1,,[],[],['Hentai'],[]
5589,,OVA,Manga,2,15,Rx - Hentai,3.95,866,,11695,2706,5,,[],['Cutie Bee'],"['Sports', 'Hentai']",[]
5590,,OVA,Visual novel,2,30,Rx - Hentai,5.87,559,,13110,1773,1,,[],['Dream Entertainment'],['Hentai'],[]
5593,,OVA,Manga,4,15,R - 17+ (violence & profanity),7.28,29779,3417,3141,64262,255,,['Seinen'],['David Production'],"['Action', 'Drama', 'Sci-Fi']","['Adult Cast', 'Gore', 'Organized Crime']"
5594,,TV,Original,13,25,G - All Ages,,,16626,18258,529,0,1981,['Kids'],['Nippon Animation'],[],[]
5597,Summer Storm!,TV,Manga,13,23,PG-13 - Teens 13 or older,7.25,15278,3654,3319,58287,89,2009,['Shounen'],['Shaft'],"['Comedy', 'Romance', 'Supernatural']",['Time Travel']
5600,Adventures of Little El Cid,TV,Original,26,25,G - All Ages,6.37,293,8965,15210,1025,0,1984,['Kids'],['Nippon Animation'],['Adventure'],['Historical']
5602,,ONA,Other,5,2,PG-13 - Teens 13 or older,4.76,301,14594,16346,768,0,,[],[],['Fantasy'],[]
5603,,OVA,Visual novel,2,27,Rx - Hentai,6.43,1816,,9503,5137,9,,[],['Kami Kukan'],"['Drama', 'Supernatural', 'Hentai']",[]
5605,,OVA,Visual novel,2,30,Rx - Hentai,5.15,522,,12967,1853,1,,[],[],['Hentai'],[]
5606,,OVA,Visual novel,2,26,Rx - Hentai,5.37,392,,13326,1671,1,,[],[],['Hentai'],[]
5607,,OVA,Unknown,2,28,Rx - Hentai,5.27,326,,14152,1339,2,,[],['G.P Entertainment'],['Hentai'],[]
5608,,OVA,Visual novel,2,27,Rx - Hentai,5.56,566,,12825,1943,2,,[],['Shura'],['Hentai'],['School']
5609,,OVA,Visual novel,2,28,Rx - Hentai,5.42,660,,12881,1905,2,,[],['Triple X'],['Hentai'],[]
5610,,OVA,Visual novel,2,27,Rx - Hentai,5.36,362,,13357,1654,4,,[],['Studio Kyuuma'],['Hentai'],[]
5611,,OVA,Manga,2,28,Rx - Hentai,4.7,397,,13406,1635,1,,[],['Meltdown'],['Hentai'],[]
5612,TriAngle,OVA,Visual novel,2,30,Rx - Hentai,5.49,364,,13881,1435,0,,[],[],['Hentai'],[]
5613,,OVA,Visual novel,2,26,Rx - Hentai,5.47,793,,11819,2610,1,,[],['AIC'],['Hentai'],[]
5614,,OVA,Visual novel,2,28,Rx - Hentai,5.39,383,,13597,1550,2,,[],['Studio Jam'],['Hentai'],[]
5618,,TV,Manga,103,25,G - All Ages,7.2,848,3966,11823,2609,9,1972,['Shounen'],['Tokyo Movie Shinsha'],['Comedy'],[]
5620,,Movie,Manga,1,29,PG-13 - Teens 13 or older,5.66,786,12702,12678,2046,0,,[],['Toei Animation'],['Romance'],['Mecha']
5621,Beautiful Girl Hunter,OVA,Unknown,4,41,Rx - Hentai,4.75,299,,14701,1166,0,,[],['Miyuki Production'],['Hentai'],[]
5622,The Chocolate Picture Panic Show,OVA,Manga,1,25,R - 17+ (violence & profanity),4.33,1876,14844,10237,4115,3,,['Seinen'],['Tezuka Productions'],"['Avant Garde', 'Comedy']",[]
5624,Resident Evil 4D Executor,Special,Game,1,20,R - 17+ (violence & profanity),5.38,2833,13603,9340,5375,3,,[],[],"['Action', 'Adventure', 'Horror']","['Gore', 'Military']"
5628,,TV,Manga,39,25,G - All Ages,7.02,745,5018,13259,1699,1,1991,[],['Shin-Ei Animation'],"['Comedy', 'Sci-Fi']",['Space']
5629,Super Bestial Machine God Dancougar: Blazing Epilogue,OVA,Original,4,29,PG-13 - Teens 13 or older,6.53,777,7977,12785,1966,2,,[],[],['Sci-Fi'],"['Mecha', 'Space']"
5630,Eden of The East,TV,Original,11,22,R - 17+ (violence & profanity),7.73,266202,1369,420,597348,4299,2009,[],['Production I.G'],"['Award Winning', 'Mystery', 'Romance', 'Sci-Fi', 'Suspense']","['Adult Cast', 'Psychological']"
5631,The Bat,Movie,Original,1,10,G - All Ages,5.34,955,13714,12983,1846,2,,[],[],['Drama'],['Samurai']
5632,Momotaro the Undefeated,Movie,Original,1,11,G - All Ages,5.37,1004,13645,12960,1855,1,,[],[],['Fantasy'],[]
5636,"RESTOL, The Full-Armed Rescue Squad",TV,Unknown,26,25,G - All Ages,5.86,253,11710,14691,1169,1,1999,[],['Seoul Movie'],['Adventure'],['Mecha']
5640,"Departure: Ami, the Last Chapter",Movie,Original,1,39,PG-13 - Teens 13 or older,6.16,781,10159,12490,2167,3,,[],['APPP'],"['Drama', 'Romance']",[]
5643,,OVA,Manga,2,27,Rx - Hentai,6.3,2087,,9046,5859,21,,[],['Suzuki Mirano'],['Hentai'],['School']
5644,,Special,Visual novel,2,10,Rx - Hentai,6.62,1367,,10098,4280,4,,[],['Himajin Planning'],['Hentai'],[]
5645,,OVA,Visual novel,3,29,Rx - Hentai,5.56,646,,11929,2535,1,,[],['Studio Jam'],['Hentai'],[]
5646,,OVA,Visual novel,3,30,Rx - Hentai,5.33,617,,12560,2125,0,,[],['Studio Jam'],['Hentai'],[]
5647,,OVA,Unknown,3,28,R+ - Mild Nudity,5.78,685,12098,12165,2361,2,,[],[],['Ecchi'],"['Harem', 'School']"
5648,,OVA,Manga,3,45,R+ - Mild Nudity,5.59,595,12922,12324,2272,2,,['Seinen'],['Knack Productions'],"['Comedy', 'Romance', 'Ecchi']","['Adult Cast', 'Showbiz']"
5649,,OVA,Unknown,3,46,Rx - Hentai,5.59,600,,12599,2098,3,,[],['Momoi Planning'],['Hentai'],[]
5651,,OVA,Visual novel,4,28,Rx - Hentai,6.67,3470,,7411,9613,72,,[],['Suzuki Mirano'],['Hentai'],[]
5652,Glass Fleet Specials,Special,Original,2,24,PG-13 - Teens 13 or older,6.14,606,10253,12899,1891,3,,[],"['Gonzo', 'Satelight']","['Adventure', 'Sci-Fi']",[]
5653,Sexy Magical Girl AI,OVA,Visual novel,3,26,Rx - Hentai,6.19,1437,,10002,4405,13,,[],['Anime Antenna Iinkai'],"['Supernatural', 'Hentai']","['Mythology', 'School']"
5656,,OVA,Original,1,16,PG - Children,5.01,1787,14329,10637,3610,0,,['Kids'],['J.C.Staff'],"['Adventure', 'Sci-Fi']",[]
5658,,TV,Manga,56,25,PG-13 - Teens 13 or older,7.25,2996,3629,8195,7453,26,1974,['Shounen'],['Toei Animation'],['Sci-Fi'],['Mecha']
5661,Momotaro's Underwater Adventure,Movie,Original,1,2,G - All Ages,4.67,945,14686,12946,1862,0,,[],[],[],['Samurai']
5662,,Movie,Original,1,20,G - All Ages,5.73,1028,12334,12719,2023,0,,[],[],[],['Music']
5663,,OVA,Unknown,4,28,Rx - Hentai,5.01,353,,13391,1643,1,,[],[],['Hentai'],[]
5664,,OVA,Visual novel,3,26,Rx - Hentai,5.59,484,,13320,1671,2,,[],"['Arms', 'Triple X']",['Hentai'],[]
5665,,OVA,Visual novel,4,29,Rx - Hentai,5.46,363,,13932,1418,1,,[],['Mook Animation'],['Hentai'],[]
5667,,OVA,Manga,6,25,R+ - Mild Nudity,7.24,105122,3748,1494,185897,288,,['Shounen'],['Xebec'],"['Comedy', 'Romance', 'Sci-Fi', 'Ecchi']","['Harem', 'School']"
5670,,TV,4-koma manga,12,24,PG-13 - Teens 13 or older,7.22,7838,3835,5259,22766,91,2009,[],['AIC PLUS+'],['Slice of Life'],"['CGDCT', 'School', 'Visual Arts']"
5671,,TV,Manga,25,24,PG-13 - Teens 13 or older,7.48,40079,2355,2397,100147,884,2009,['Seinen'],"['Gonzo', 'Picture Magic']",['Slice of Life'],"['School', 'Strategy Game']"
5673,Appleland Story,OVA,Novel,1,87,PG-13 - Teens 13 or older,6.51,1189,8088,11170,3120,2,,[],['J.C.Staff'],"['Adventure', 'Drama']",['Historical']
5674,Tomorrow's Yukinojou,OVA,Visual novel,4,28,Rx - Hentai,5.75,975,,10894,3355,1,,[],['Triple X'],"['Sports', 'Hentai']",['School']
5675,,TV,Original,26,24,PG-13 - Teens 13 or older,7.21,18996,3880,3613,49888,189,2009,[],['Satelight'],"['Sci-Fi', 'Sports']","['Mecha', 'Team Sports']"
5678,Kobato.,TV,Manga,24,24,PG-13 - Teens 13 or older,7.95,64799,836,1557,177823,1605,2009,[],['Madhouse'],"['Drama', 'Romance', 'Supernatural']",[]
5680,K-ON!,TV,4-koma manga,13,24,PG-13 - Teens 13 or older,7.87,611455,1020,157,1130256,25738,2009,[],['Kyoto Animation'],['Comedy'],"['CGDCT', 'Music', 'School']"
5681,Summer Wars,Movie,Original,1,114,PG-13 - Teens 13 or older,8.01,307851,742,460,550850,4142,,[],['Madhouse'],"['Award Winning', 'Comedy', 'Sci-Fi']",[]
5682,Phantom: Requiem for the Phantom,TV,Visual novel,26,24,R+ - Mild Nudity,7.92,131604,900,765,357439,4614,2009,[],['Bee Train'],"['Action', 'Drama', 'Suspense']",['Organized Crime']
5684,,TV,Original,50,24,G - All Ages,7.54,8167,2065,5522,20073,188,2009,[],['Toei Animation'],"['Action', 'Comedy']",['Mahou Shoujo']
5686,Princess Knight Angelica,OVA,Visual novel,2,28,Rx - Hentai,6.24,1908,,9108,5739,12,,[],[],"['Fantasy', 'Hentai']",[]
5687,,OVA,Visual novel,4,28,Rx - Hentai,4.78,353,,13939,1414,0,,[],['Meltdown'],['Hentai'],[]
5688,,TV,Manga,65,25,G - All Ages,7.27,1771,3491,8808,6222,24,1968,['Shounen'],['Toei Animation'],"['Comedy', 'Horror', 'Supernatural']",[]
5689,,OVA,Light novel,6,27,R - 17+ (violence & profanity),6.52,792,8043,12209,2331,0,,[],['Studio Pierrot'],"['Adventure', 'Drama', 'Fantasy']",[]
5690,,TV,Manga,11,22,PG-13 - Teens 13 or older,8.23,72290,412,1955,133798,418,2010,['Josei'],['J.C.Staff'],"['Comedy', 'Romance']","['Adult Cast', 'Music', 'Performing Arts']"
5691,Flame of Recca: Final Burning,Special,Manga,1,32,PG-13 - Teens 13 or older,6.97,2800,5321,8084,7722,8,,['Shounen'],['Studio Pierrot'],"['Action', 'Adventure', 'Sci-Fi']","['Martial Arts', 'School', 'Super Power']"
5693,,OVA,Other,1,108,G - All Ages,6.02,135,10936,17961,557,0,,[],['Group TAC'],[],['Historical']
5702,,TV,Original,9,24,PG-13 - Teens 13 or older,7.09,15359,4690,3918,43772,143,2009,[],['Kyoto Animation'],"['Action', 'Fantasy', 'Romance']",['Super Power']
5710,,Movie,Manga,1,78,PG - Children,7.29,2127,3362,9627,4925,10,,[],['Sunrise'],['Comedy'],[]
5712,Moomin: Season 2,TV,Book,26,25,G - All Ages,7.57,3373,1949,7997,7902,23,1991,['Kids'],['Telescreen'],"['Adventure', 'Fantasy', 'Slice of Life']",[]
5713,,OVA,Manga,1,25,PG-13 - Teens 13 or older,7.48,16002,2348,4644,30795,10,,['Seinen'],['asread.'],['Comedy'],['CGDCT']
5715,Arcade Gamer Fubuki: Paradise Beyond the Wall,Special,Manga,1,7,PG-13 - Teens 13 or older,4.81,1256,14546,11259,3047,4,,[],['Shaft'],"['Action', 'Adventure', 'Comedy', 'Ecchi']","['Parody', 'School', 'Video Game']"
5717,,TV Special,Visual novel,2,25,PG-13 - Teens 13 or older,7.12,18772,4475,4390,34810,58,,['Josei'],['Yumeta Company'],['Romance'],"['Music', 'Reverse Harem', 'School']"
5719,,OVA,Manga,2,33,R+ - Mild Nudity,6.5,16330,,4577,31653,84,,[],['Twilight Town'],"['Boys Love', 'Comedy', 'Drama', 'Supernatural', 'Erotica']",[]
5723,,Special,Original,10,3,PG-13 - Teens 13 or older,6.08,1113,10596,10379,3924,0,,[],['Sunrise'],['Sci-Fi'],"['Mecha', 'Military', 'Space']"
5725,Dinosaur King D-Kids Adventure: Pterosaur Legend,TV,Game,30,24,G - All Ages,6.68,7208,7076,6594,12804,37,2008,['Kids'],['Sunrise'],"['Action', 'Adventure', 'Sci-Fi']",['Strategy Game']
5733,,OVA,Unknown,1,20,Rx - Hentai,4.89,598,,11916,2544,3,,[],['Obtain Future'],['Hentai'],[]
5734,,TV,Visual novel,12,23,PG-13 - Teens 13 or older,6.75,31468,6635,2881,74238,129,2009,[],['SILVER LINK.'],"['Romance', 'Supernatural']",['Harem']
5743,,OVA,Visual novel,3,27,Rx - Hentai,6.51,2170,,8218,7410,16,,[],['Studio 9 Maiami'],['Hentai'],[]
5751,The Prince of Tennis: Another Story - Messages From Past and Future,OVA,Manga,4,22,PG-13 - Teens 13 or older,7.65,7754,1642,5920,16841,21,,['Shounen'],['M.S.C'],['Sports'],['School']
5753,,Movie,Original,1,70,G - All Ages,7.39,3566,2805,8086,7720,11,,[],['Toei Animation'],['Action'],['Mahou Shoujo']
5755,Blue Comet SPT Layzner,OVA,Unknown,3,55,PG-13 - Teens 13 or older,7.09,1219,4647,11332,2983,5,,[],['Sunrise'],['Sci-Fi'],"['Mecha', 'Military', 'Space']"
5760,Dororo,TV,Manga,26,26,R - 17+ (violence & profanity),7.34,7033,3041,5004,25690,120,1969,['Shounen'],['Mushi Production'],"['Action', 'Adventure', 'Fantasy']","['Historical', 'Mythology', 'Samurai']"
5762,,OVA,Original,3,26,Rx - Hentai,6.83,11052,,4917,26749,170,,[],['T-Rex'],"['Comedy', 'Hentai']",['Harem']
5763,Space Carrier Blue Noah,TV,Original,24,26,PG - Children,6.62,707,7465,11584,2787,4,1979,[],['Academy Productions'],"['Action', 'Drama', 'Sci-Fi']","['Military', 'Space']"
5764,The Familiar of Zero: Rondo of the Princesses OVA,Special,Light novel,1,23,PG-13 - Teens 13 or older,7.22,52684,3876,2429,97789,119,,[],['J.C.Staff'],"['Comedy', 'Fantasy', 'Ecchi']","['Harem', 'Isekai']"
5772,Akane Iro ni Somaru Saka Hardcore OVA,Special,Visual novel,1,26,R+ - Mild Nudity,6.4,22571,8756,4003,42029,32,,[],['TNK'],"['Comedy', 'Romance', 'Ecchi']",['Harem']
5773,69 Pink Riders 2,OVA,Unknown,1,55,Rx - Hentai,4.76,504,,13203,1725,2,,[],[],['Hentai'],[]
5774,"Hey, Class President!",OVA,Manga,2,30,R+ - Mild Nudity,6.9,26432,,3590,50535,112,,[],['PrimeTime'],"['Boys Love', 'Comedy', 'Drama', 'Erotica']",['School']
5781,Tenchi Muyo! War on Geminar,OVA,Original,13,45,R+ - Mild Nudity,7.72,88118,1397,1299,216465,1894,,[],"['AIC Spirits', 'BeSTACK']","['Comedy', 'Fantasy', 'Ecchi']","['Harem', 'Isekai', 'Mecha', 'School']"
5783,Loving Angel Angelique Chibi Adventure Special,Special,Visual novel,1,4,G - All Ages,5.76,274,12190,15064,1069,0,,[],[],"['Adventure', 'Comedy']",[]
5784,,OVA,Light novel,4,25,R+ - Mild Nudity,6.53,16143,,4316,36073,123,,[],['AIC'],"['Boys Love', 'Drama', 'Sci-Fi', 'Erotica']",[]
5785,G-9,OVA,Unknown,1,17,PG-13 - Teens 13 or older,5.67,1557,12617,11000,3277,1,,[],['Toei Animation'],['Fantasy'],[]
5799,,Movie,Original,1,28,PG - Children,4.85,509,14504,15080,1062,0,,[],['CoMix Wave Films'],"['Comedy', 'Romance']",['School']
5802,,OVA,Unknown,1,34,R+ - Mild Nudity,6.82,1653,6166,8937,6032,29,,[],['Toei Animation'],['Fantasy'],[]
5809,,TV,Unknown,51,12,PG - Children,6.26,155,9596,14500,1231,5,2009,['Kids'],['TMS Entertainment'],[],[]
5810,,TV,Original,11,5,PG-13 - Teens 13 or older,5.81,127,11978,15797,876,2,2009,[],[],['Comedy'],['Super Power']
5811,Home Alone Mice,Movie,Original,1,1,G - All Ages,4.47,849,14799,13776,1473,0,,[],[],['Action'],[]
5812,Animal Sumo,Movie,Original,1,0,G - All Ages,4.69,818,14660,13715,1498,0,,[],[],['Sports'],['Combat Sports']
5813,Taro Urashima,Movie,Other,1,1,G - All Ages,4.56,1503,14759,11811,2614,1,,[],[],['Action'],[]
5814,Olympic Games on Dankichi Island,Movie,Manga,1,2,G - All Ages,4.26,966,14858,13243,1708,0,,[],[],['Sports'],[]
5819,Bird's Song,OVA,Original,1,34,PG-13 - Teens 13 or older,6.41,1986,8752,8725,6373,15,,[],['Toei Animation'],['Fantasy'],[]
5821,,TV,Original,215,5,G - All Ages,5.92,250,11433,15866,866,2,2006,['Kids'],"['A-1 Pictures', 'No Side']",['Comedy'],[]
5826,Our Baseball Match,Movie,Original,1,9,G - All Ages,5.36,1317,13670,12144,2383,0,,[],[],['Sports'],['Team Sports']
5828,,OVA,Manga,1,29,R+ - Mild Nudity,6.78,1005,6421,11691,2705,1,,['Shounen'],['Studio Deen'],"['Action', 'Supernatural']",['Mythology']
5829,,TV,Original,38,23,PG-13 - Teens 13 or older,6.92,678,5574,13167,1747,0,1976,[],"['Nippon Animation', 'Ashi Productions']",['Sci-Fi'],['Mecha']
5830,Little Baldy Hagemaru,TV,4-koma manga,59,24,PG - Children,7.02,2371,5077,10486,3784,26,1988,['Kids'],['Shin-Ei Animation'],['Comedy'],[]
5832,,TV,Manga,33,24,R - 17+ (violence & profanity),7.41,3557,2724,8142,7621,25,1981,[],['Toei Animation'],"['Drama', 'Sports']",['Combat Sports']
5833,,TV,Original,56,25,PG-13 - Teens 13 or older,7.03,630,5011,13231,1713,2,1980,[],['Tatsunoko Production'],"['Action', 'Comedy', 'Sci-Fi']",[]
5834,,TV,Manga,182,25,G - All Ages,7.42,930,2638,10381,3920,8,1968,['Shounen'],['TMS Entertainment'],"['Drama', 'Sports']",['Team Sports']
5835,Hanasakeru Seishonen,TV,Manga,39,24,PG-13 - Teens 13 or older,7.7,27647,1459,2903,73620,618,2009,['Shoujo'],['Studio Pierrot'],"['Drama', 'Romance']",['Reverse Harem']
5838,Taro's Monster Hunt,Movie,Original,1,5,G - All Ages,5.1,723,14193,14213,1320,0,,[],[],"['Action', 'Adventure']",[]
5841,,TV,Manga,12,10,G - All Ages,,,22328,16648,720,0,2009,[],['Studio Deen'],['Comedy'],[]
5842,,ONA,Original,2,1,G - All Ages,5.76,824,12190,13752,1479,1,,[],[],['Comedy'],[]
5844,Pokémon: Pikachu's Ghost Festival!,Special,Game,1,21,PG - Children,6.29,2988,9444,8107,7690,2,,['Kids'],['OLM'],"['Adventure', 'Comedy', 'Fantasy']",[]
5845,Pokémon: Pikachu's Summer Festival!,Special,Game,1,21,PG - Children,6.39,3544,8851,7771,8548,2,,['Kids'],['OLM'],"['Action', 'Comedy', 'Fantasy']",[]
5848,Cinnamoroll: The Movie,Movie,Other,1,44,G - All Ages,6.67,1493,7119,10360,3949,26,,[],['Madhouse'],['Fantasy'],[]
5849,Absolutely Lovely Children Recap,TV Special,Manga,1,24,PG-13 - Teens 13 or older,6.39,893,8870,11099,3186,0,,['Shounen'],['SynergySP'],"['Action', 'Comedy']",['Super Power']
5854,Legend of the Condor Hero III,TV,Novel,26,20,PG-13 - Teens 13 or older,7.21,967,3944,11066,3213,4,2008,[],['Nippon Animation'],"['Action', 'Adventure', 'Drama', 'Romance']",['Historical']
5859,,OVA,Original,1,6,PG-13 - Teens 13 or older,6.59,1740,7609,9370,5318,6,,[],['asread.'],"['Action', 'Sci-Fi']","['Space', 'Super Power']"
5862,Fumoon,TV Special,Manga,1,91,PG-13 - Teens 13 or older,6.7,1121,6949,12525,2145,4,,[],['Tezuka Productions'],['Sci-Fi'],[]
5865,Nanaka the Distraction,Special,Manga,1,25,PG-13 - Teens 13 or older,6.54,948,7946,12221,2326,0,,['Shounen'],['J.C.Staff'],"['Comedy', 'Drama', 'Romance']",[]
5868,Spring Song,Movie,Original,1,3,G - All Ages,4.6,1055,14727,12930,1870,1,,[],[],[],['Music']
5869,The Unlucky Butterfly,Movie,Original,1,8,G - All Ages,5.31,818,13781,13802,1467,0,,[],[],['Action'],[]
5870,The Larks' Moving Day,Movie,Original,1,4,G - All Ages,4.74,825,14610,13413,1633,0,,[],[],['Action'],[]
5871,Private 2nd Class Norakuro: The Training,Movie,Manga,1,5,G - All Ages,4.99,702,14363,13757,1478,0,,[],[],"['Action', 'Adventure']",[]
5872,Sports Day at Animal Village,Movie,Original,1,8,G - All Ages,5.06,710,14263,14220,1318,2,,[],[],['Sports'],[]
5873,Taro's Toy Train,Movie,Original,1,15,G - All Ages,5.39,1126,13596,12403,2217,2,,[],[],['Action'],[]
5874,Sanko and the Octopus: A Fight Over a Fortune,Movie,Original,1,15,G - All Ages,5.1,483,14202,15583,932,0,,[],[],['Action'],[]
5875,The Stolen Lump,Movie,Other,1,10,G - All Ages,5.89,2206,11561,10378,3924,5,,[],[],"['Comedy', 'Supernatural']",['Mythology']
5876,,OVA,Manga,2,51,R+ - Mild Nudity,6.55,736,7870,12800,1957,1,,[],"['Studio Hibari', 'Grouper Productions']","['Adventure', 'Fantasy']",['Historical']
5877,,OVA,Original,10,3,R+ - Mild Nudity,2.58,5236,14991,7844,8308,40,,[],['Production I.G'],"['Action', 'Comedy', 'Ecchi']",[]
5878,,OVA,Unknown,1,93,R+ - Mild Nudity,6.39,954,8839,12338,2259,2,,[],['Sunshine Corporation'],"['Fantasy', 'Sci-Fi']",[]
5880,Red Bean Soup,ONA,Original,1,1,G - All Ages,5.06,826,14267,13903,1427,0,,[],[],['Comedy'],[]
5883,,TV,Other,24,12,PG-13 - Teens 13 or older,6.21,937,9862,9614,4942,7,2009,[],['TMS Entertainment'],"['Action', 'Sci-Fi']","['Martial Arts', 'Samurai']"
5886,,TV,Novel,23,25,G - All Ages,6.24,207,9698,15686,906,3,1979,[],['Ashi Productions'],"['Adventure', 'Fantasy']",[]
5889,DragonBlade: The Legend of Lang,Movie,Original,1,84,PG-13 - Teens 13 or older,5.54,386,13111,15132,1045,1,,[],[],"['Action', 'Fantasy']",[]
5890,The Sleazy Family (2),OVA,Original,3,10,Rx - Hentai,5.67,2179,,8996,5963,4,,[],['Anime Antenna Iinkai'],['Hentai'],[]
5891,,TV,Unknown,45,24,G - All Ages,7.29,996,3363,11611,2770,4,1983,[],['Toei Animation'],[],['Mecha']
5895,Tistou the Green Thumb,Movie,Original,1,74,G - All Ages,6.47,275,8374,14349,1275,2,,[],['Production I.G'],[],['Historical']
5900,,TV Special,Novel,1,69,G - All Ages,6.26,314,9591,14109,1351,0,,[],['Toei Animation'],['Drama'],[]
5902,Maiden Rose,OVA,Manga,2,24,R+ - Mild Nudity,6.46,19011,,4335,35619,87,,[],['PrimeTime'],"['Boys Love', 'Drama', 'Erotica']",[]
5904,,OVA,Manga,1,29,R+ - Mild Nudity,4.6,1619,14726,10534,3721,3,,['Seinen'],['Production I.G'],"['Drama', 'Romance']",[]
5907,Dream Dimension Hunter Fandora,OVA,Original,3,40,R+ - Mild Nudity,6.34,1583,9133,10092,4277,3,,[],['Kaname Productions'],"['Adventure', 'Fantasy', 'Sci-Fi']",[]
5908,,TV,Manga,56,24,G - All Ages,7.08,1245,4705,11992,2492,8,1989,[],['Shin-Ei Animation'],['Comedy'],[]
5909,Student Council's Discretion,TV,Light novel,12,24,PG-13 - Teens 13 or older,7.31,86514,3263,1348,207949,751,2009,[],['Studio Deen'],['Comedy'],"['Harem', 'Parody', 'School']"
5914,,TV,4-koma manga,13,24,PG-13 - Teens 13 or older,6.87,16498,5876,3956,42807,76,2009,[],['feel.'],"['Comedy', 'Girls Love', 'Ecchi']","['CGDCT', 'Workplace']"
5916,,Movie,Manga,1,93,G - All Ages,6.65,180,7253,16562,735,3,,['Seinen'],['Ajia-do'],"['Award Winning', 'Drama']",[]
5917,On A Paper Crane: Tomoko's Adventure,Movie,Other,1,27,G - All Ages,6.28,426,9508,14522,1223,1,,[],['Mushi Production'],['Drama'],[]
5918,Bride of Deimos,OVA,Manga,1,32,R - 17+ (violence & profanity),5.89,3179,11550,7875,8236,25,,['Shoujo'],['Madhouse'],"['Drama', 'Horror', 'Mystery', 'Supernatural']","['Mythology', 'Psychological']"
5920,,OVA,Game,1,50,R+ - Mild Nudity,6.21,1128,9900,11688,2710,3,,[],['Toei Animation'],"['Adventure', 'Comedy', 'Fantasy']",[]
5921,,Movie,Light novel,1,83,PG - Children,6.79,519,6390,13079,1785,2,,[],['Nippon Animation'],"['Adventure', 'Fantasy']",['Mythology']
5922,,Movie,Light novel,1,74,PG - Children,6.4,364,8809,13590,1550,2,,[],['Toei Animation'],"['Adventure', 'Fantasy']",['Mythology']
5923,,OVA,Light novel,13,25,R+ - Mild Nudity,6.88,549,5851,12920,1877,3,,[],['Toei Animation'],"['Adventure', 'Fantasy']",['Mythology']
5924,The Sensualist,OVA,Novel,1,54,Rx - Hentai,6.08,1345,,9867,4572,9,,[],"['Grouper Productions', 'Animation Staff Room']","['Drama', 'Hentai']","['Historical', 'Psychological']"
5925,,OVA,Novel,1,30,G - All Ages,6.49,1475,8236,10815,3445,8,,[],['J.C.Staff'],['Fantasy'],"['Music', 'Pets']"
5926,,OVA,Manga,1,29,G - All Ages,5.78,985,12093,12311,2280,0,,[],['J.C.Staff'],['Mystery'],['School']
5927,Star Cat Fullhouse,OVA,Original,4,30,R+ - Mild Nudity,6.78,862,6427,12342,2254,3,,[],['Artland'],"['Comedy', 'Romance', 'Sci-Fi']",[]
5928,,OVA,Manga,1,43,R+ - Mild Nudity,6.52,968,8051,12376,2229,0,,['Seinen'],['Ripple Film'],"['Drama', 'Sci-Fi']",[]
5929,,Movie,Book,1,78,G - All Ages,7.07,497,4758,12407,2214,3,,[],['Mushi Production'],['Drama'],['Historical']
5930,,OVA,Light novel,2,30,R - 17+ (violence & profanity),5.41,314,13504,14519,1225,0,,['Shoujo'],['Magic Bus'],['Fantasy'],[]
5931,Camelot,Movie,Light novel,1,48,PG-13 - Teens 13 or older,5.19,406,14026,14275,1301,3,,[],['Ashi Productions'],"['Adventure', 'Comedy', 'Fantasy']",[]
5933,,TV Special,Novel,1,73,G - All Ages,6.77,556,6519,13528,1579,0,,[],['Sunrise'],"['Adventure', 'Drama']",['Historical']
5934,,OVA,Original,1,57,PG-13 - Teens 13 or older,5.49,926,13268,12746,2004,1,,[],"['Filmlink International', 'Bebow']","['Adventure', 'Fantasy']",[]
5935,Marco Polo's Adventures,TV,Original,43,27,G - All Ages,7.21,583,3879,12871,1906,9,1979,[],['Madhouse'],['Adventure'],['Historical']
5936,White Fang,Movie,Novel,1,84,PG-13 - Teens 13 or older,6.76,820,6552,12590,2100,1,,[],[],"['Award Winning', 'Drama']",[]
5938,,TV,Unknown,52,20,G - All Ages,6.52,603,8013,11072,3206,8,2008,[],['Studio Comet'],"['Comedy', 'Fantasy']",[]
5940,The Sacred Blacksmith,TV,Light novel,12,23,R+ - Mild Nudity,6.65,90395,7281,1413,197949,236,2009,[],['Manglobe'],"['Action', 'Adventure', 'Fantasy']",[]
5941,Cross Game,TV,Manga,50,23,PG-13 - Teens 13 or older,8.38,53960,241,1957,133119,3088,2009,['Shounen'],['SynergySP'],"['Drama', 'Romance', 'Sports']","['School', 'Team Sports']"
5943,The Aurora,Movie,Unknown,1,91,PG-13 - Teens 13 or older,5.26,172,13906,16178,801,1,,[],[],"['Adventure', 'Sci-Fi']",[]
5945,,TV,Original,39,24,G - All Ages,6.59,4126,7601,6304,14260,21,2009,[],"['Heewon Entertainment', 'NHK Enterprises']",['Sci-Fi'],[]
5947,Gurren Lagann: Viral's Sweet Dream,OVA,Original,1,5,PG-13 - Teens 13 or older,7.19,14041,4061,4614,31198,19,,[],['Gainax'],['Comedy'],[]
5953,Fairy Princess Minky Momo 2nd,TV,Original,62,24,G - All Ages,7.46,1841,2460,9531,5069,14,1991,[],['Ashi Productions'],[],['Mahou Shoujo']
5955,A Certain Magical Index: Specials,Special,Light novel,2,8,PG-13 - Teens 13 or older,6.89,26822,5785,3402,55599,38,,[],['J.C.Staff'],['Comedy'],['Parody']
5956,,Movie,Manga,1,50,PG-13 - Teens 13 or older,6.87,710,5870,13444,1619,0,,['Shounen'],['Studio Comet'],"['Comedy', 'Romance']","['Gag Humor', 'Parody', 'School']"
5957,Nyoron! Churuya-san,ONA,4-koma manga,13,2,G - All Ages,6.52,18012,8059,4543,32014,47,,[],['Kyoto Animation'],['Comedy'],[]
5958,Heaven's Lost Property,TV,Manga,13,24,PG-13 - Teens 13 or older,7.22,257729,3860,511,507487,3991,2009,['Shounen'],['AIC ASTA'],"['Comedy', 'Romance', 'Sci-Fi', 'Supernatural', 'Ecchi']",['Harem']
5959,,OVA,Manga,4,30,Rx - Hentai,7.34,8273,,5330,22121,189,,[],['T-Rex'],['Hentai'],[]
5962,Beyblade: Metal Fusion,TV,Manga,51,25,PG - Children,6.97,68391,5313,2314,105440,519,2009,['Kids'],['Tatsunoko Production'],"['Adventure', 'Comedy', 'Sports']",[]
5967,,TV,Manga,13,24,PG-13 - Teens 13 or older,7.04,4451,4928,7568,9116,11,2004,[],['Toei Animation'],"['Comedy', 'Sci-Fi', 'Sports']",['Combat Sports']
5968,,TV,Manga,13,24,PG-13 - Teens 13 or older,7.08,3905,4722,7927,8080,5,2006,[],['Toei Animation'],"['Comedy', 'Sci-Fi', 'Sports']",['Combat Sports']
5973,Charger Girl Ju-den Chan,TV,Manga,12,24,R+ - Mild Nudity,6.63,15818,7367,4120,39542,72,2009,['Seinen'],['Studio Hibari'],"['Comedy', 'Sci-Fi', 'Ecchi']",[]
5978,,Special,Manga,1,23,PG-13 - Teens 13 or older,7.04,19225,4927,4341,35515,10,,['Shounen'],['A-1 Pictures'],"['Comedy', 'Supernatural']","['School', 'Visual Arts']"
5983,,TV,Original,39,5,PG - Children,7.06,2738,4811,8684,6456,16,2009,[],['Kinema Citrus'],['Comedy'],[]
5984,Ristorante Paradiso,TV,Manga,11,22,PG-13 - Teens 13 or older,7.31,14831,3260,3575,50820,183,2009,[],['David Production'],"['Drama', 'Gourmet', 'Romance']",['Workplace']
5986,,OVA,Game,2,46,G - All Ages,6.08,189,10622,16593,729,0,,[],['TMS Entertainment'],"['Adventure', 'Fantasy']",[]
5987,,OVA,Original,1,17,G - All Ages,5.74,161,12266,18104,544,1,,['Kids'],[],[],['Educational']
5990,,OVA,Game,1,42,PG-13 - Teens 13 or older,6.13,860,10297,12923,1876,0,,[],[],"['Action', 'Comedy', 'Fantasy', 'Romance', 'Sci-Fi']",['Space']
5992,,TV,Manga,112,22,PG-13 - Teens 13 or older,7.24,1283,3757,10575,3679,10,1992,['Seinen'],['Studio Comet'],"['Comedy', 'Drama', 'Romance']",['School']
5993,,OVA,Visual novel,2,26,Rx - Hentai,6.38,1598,,9700,4809,19,,[],['Studio 9 Maiami'],['Hentai'],[]
5994,,OVA,Unknown,10,42,PG-13 - Teens 13 or older,6.26,138,9605,15421,975,0,,[],['Animaruya'],"['Comedy', 'Sports']","['School', 'Team Sports']"
5996,,Special,Manga,1,22,PG-13 - Teens 13 or older,6.78,3139,6452,8291,7217,6,,['Shounen'],['Production I.G'],['Sports'],[]
5997,Sabu & Ichi's Arrest Warrant,TV,Manga,52,25,R - 17+ (violence & profanity),7.29,777,3386,10757,3498,13,1968,['Shounen'],"['Toei Animation', 'Mushi Production', 'Studio Zero']","['Action', 'Adventure', 'Drama', 'Mystery']","['Detective', 'Historical', 'Martial Arts', 'Samurai']"
5998,Oblivion Island: Haruka and the Magic Mirror,Movie,Original,1,98,G - All Ages,7.33,4628,3109,7244,10243,19,,[],"['Production I.G', 'Polygon Pictures']",['Fantasy'],[]
6000,,OVA,Original,1,30,PG-13 - Teens 13 or older,4.31,519,14850,13547,1569,2,,[],['CoMix Wave Films'],['Action'],[]
6007,Spice and Wolf II: The Wolf and the Amber Melancholy,OVA,Light novel,1,23,PG-13 - Teens 13 or older,7.86,97933,1044,1524,182258,306,,[],"[""Brain's Base"", 'Marvy Jack']","['Adventure', 'Romance', 'Supernatural']",['Adult Cast']
6008,Jewelpet,TV,Original,52,23,PG - Children,6.94,4777,5482,6167,15065,48,2009,[],['Studio Comet'],[],"['Anthropomorphic', 'Mahou Shoujo']"
6012,Jeanie with the Light Brown Hair,TV,Novel,13,25,G - All Ages,5.99,356,11049,13591,1551,0,1979,[],['DAX Production'],['Drama'],['Historical']
6015,Detective Goddess,OVA,Manga,1,28,Rx - Hentai,5.22,418,,13360,1654,3,,[],['Shinjukuza'],['Hentai'],[]
6016,The Guyver: Bio-Booster Armor,OVA,Manga,6,29,R - 17+ (violence & profanity),7.15,6857,4303,5929,16726,129,,['Shounen'],['Visual 80'],"['Action', 'Horror', 'Sci-Fi']","['Gore', 'Super Power']"
6018,,Movie,Unknown,1,90,G - All Ages,,,19476,19479,429,0,,[],[],['Drama'],[]
6023,Haruka Nogizaka's Secret Purezza,TV,Light novel,12,24,PG-13 - Teens 13 or older,7.19,41985,4045,2877,74508,96,2009,[],['Diomedéa'],"['Comedy', 'Romance']","['Otaku Culture', 'School']"
6024,Chi's New Address,TV,Manga,104,3,G - All Ages,7.73,13137,1357,4512,32536,117,2009,['Seinen'],['Madhouse'],['Slice of Life'],['Pets']
6025,Battle Can2,OVA,Unknown,1,30,Rx - Hentai,4.56,602,,13306,1677,0,,[],['Studio G7'],"['Action', 'Sci-Fi', 'Hentai']",[]
6028,Dr. Slump and Arale-chan: Hoyoyo! The Treasure of Nanaba Castle,Movie,Manga,1,48,PG-13 - Teens 13 or older,6.74,926,6667,12245,2317,1,,['Shounen'],['Toei Animation'],"['Comedy', 'Sci-Fi']",['Gag Humor']
6030,Needless,TV,Manga,24,24,R - 17+ (violence & profanity),7.23,64023,3794,1793,149164,545,2009,['Seinen'],['Madhouse'],"['Action', 'Comedy', 'Sci-Fi', 'Ecchi']",['Super Power']
6031,Go!! Karate Club,OVA,Manga,4,50,R - 17+ (violence & profanity),7.04,1006,4943,11558,2807,5,,['Seinen'],['J.C.Staff'],['Action'],"['Martial Arts', 'School']"
6032,,Movie,Original,1,116,PG-13 - Teens 13 or older,6.75,2473,6593,8322,7167,4,,[],['Satelight'],"['Drama', 'Fantasy']",['Mecha']
6033,Dragon Ball Z Kai,TV,Manga,97,23,PG-13 - Teens 13 or older,7.79,266627,1205,619,434412,4020,2009,['Shounen'],['Toei Animation'],"['Action', 'Adventure', 'Comedy', 'Fantasy']",['Martial Arts']
6038,Transformers: Zone,OVA,Other,1,23,PG-13 - Teens 13 or older,5.75,1035,12237,11795,2632,2,,[],['Toei Animation'],['Sci-Fi'],['Mecha']
6041,Sexual Conquest,OVA,Visual novel,2,30,Rx - Hentai,6.83,3275,,7401,9655,18,,[],['T-Rex'],['Hentai'],"['Harem', 'School']"
6045,Kimi ni Todoke: From Me to You,TV,Manga,25,22,PG-13 - Teens 13 or older,8.01,522667,736,170,1073477,15490,2009,['Shoujo'],['Production I.G'],"['Drama', 'Romance']",['School']
6046,Tales of Vesperia ~The First Strike~,Movie,Game,1,110,PG-13 - Teens 13 or older,7.59,23149,1867,3558,51291,142,,[],['Production I.G'],"['Action', 'Adventure', 'Fantasy']",['Military']
6050,,OVA,Manga,4,29,PG-13 - Teens 13 or older,7.59,9500,1851,4934,26495,36,,['Shounen'],"['Shaft', 'Studio Pastoral']","['Action', 'Adventure', 'Supernatural', 'Ecchi']",[]
6055,,TV,Manga,31,25,PG-13 - Teens 13 or older,7.04,1263,4916,9735,4753,14,1988,['Seinen'],['Studio Deen'],[],['Racing']
6056,,TV,Manga,29,25,G - All Ages,7.42,868,2647,11176,3112,12,1968,['Shounen'],['TCJ'],['Action'],"['Historical', 'Martial Arts']"
6060,Christmas in January,OVA,Manga,1,46,G - All Ages,5.7,1183,12447,11823,2607,3,,[],['Magic Bus'],"['Drama', 'Romance']",[]
6061,,OVA,Original,3,30,R+ - Mild Nudity,5.64,1562,12762,9468,5176,8,,[],['AIC'],"['Fantasy', 'Horror']",['Gore']
6062,,Movie,Original,1,71,G - All Ages,5.86,354,11691,14236,1314,0,,['Kids'],[],"['Action', 'Adventure', 'Comedy']",['Strategy Game']
6063,,Movie,Unknown,1,23,G - All Ages,,,19491,20125,382,0,,['Kids'],[],['Comedy'],[]
6064,Higurashi: When They Cry – Kai Specials,Special,Visual novel,24,0,PG-13 - Teens 13 or older,7.14,21165,4351,3524,52365,123,,[],['Studio Deen'],['Comedy'],['Parody']
6065,,OVA,Manga,2,27,R+ - Mild Nudity,6.67,638,7143,13532,1575,0,,[],['MI'],['Romance'],['School']
6067,The Burning Wild Man,TV,Manga,24,24,PG-13 - Teens 13 or older,7.31,790,3250,12021,2477,13,1988,['Shounen'],['Studio Pierrot'],"['Action', 'Adventure', 'Comedy']",[]
6068,,OVA,4-koma manga,7,23,PG-13 - Teens 13 or older,6.57,1040,7764,11729,2682,2,,[],['J.C.Staff'],['Comedy'],['School']
6069,Gregory Horror Show,TV,Original,25,2,PG-13 - Teens 13 or older,6.65,1912,7253,9494,5139,76,1999,[],['Milky Cartoon'],"['Comedy', 'Horror', 'Mystery', 'Supernatural']",['Mythology']
6071,Eleven Cats,Movie,Picture book,1,83,G - All Ages,6.62,575,7407,13899,1426,4,,[],[],['Fantasy'],[]
6072,Eleven Cats and an Albatross,Movie,Picture book,1,90,G - All Ages,6.26,214,9565,15177,1032,2,,['Kids'],[],"['Adventure', 'Fantasy']",[]
6073,,Movie,Manga,1,91,G - All Ages,6.45,430,8442,14417,1250,1,,[],['Shin-Ei Animation'],"['Comedy', 'Sci-Fi']",['Space']
6074,21-Emon: To Space! The Barefoot Princess,Movie,Manga,1,40,G - All Ages,6.88,486,5798,14243,1310,3,,[],['Shin-Ei Animation'],"['Comedy', 'Sci-Fi']",['Space']
6075,,TV,Manga,12,4,PG-13 - Teens 13 or older,5.75,491,12212,13224,1719,0,1999,[],"['Gainax', 'Group TAC']",['Comedy'],[]
6076,,Movie,Manga,1,48,R - 17+ (violence & profanity),5.66,2053,12655,9811,4642,7,,[],"['Production I.G', 'animate Film']","['Comedy', 'Drama', 'Sports']",['Combat Sports']
6077,,TV,Unknown,26,4,PG - Children,5.66,314,12657,14648,1182,0,2006,[],['Tatsunoko Production'],"['Comedy', 'Fantasy']",[]
6078,Legacy of Aru Kararu,OVA,Manga,1,75,R+ - Mild Nudity,6.18,778,10009,12654,2058,0,,['Seinen'],['animate Film'],['Sci-Fi'],['Space']
6087,,TV,Original,27,23,G - All Ages,7.01,904,5102,12299,2287,5,1977,[],['Toei Animation'],"['Action', 'Drama', 'Sci-Fi']",[]
6090,Crimson Wolf,OVA,Manga,1,59,R+ - Mild Nudity,5.0,983,14341,11937,2523,0,,[],['APPP'],['Action'],['Martial Arts']
6091,,OVA,Manga,1,45,R+ - Mild Nudity,5.4,283,13560,15254,1015,0,,[],['Artland'],"['Action', 'Mystery']",[]
6093,Princess Anmitsu,TV,Manga,51,24,G - All Ages,7.46,793,2430,12262,2308,12,1986,['Shoujo'],['Studio Pierrot'],['Comedy'],['Historical']
6094,,OVA,Unknown,15,5,G - All Ages,6.22,1632,9792,9067,5805,29,,['Kids'],['Project Team Sarah'],['Fantasy'],[]
6095,,Movie,Manga,1,30,G - All Ages,6.14,461,10243,14156,1337,0,,['Shoujo'],['Madhouse'],"['Comedy', 'Romance']",[]
6096,,OVA,Manga,5,43,R - 17+ (violence & profanity),6.86,1008,5914,10359,3950,9,,['Seinen'],['J.C.Staff'],"['Action', 'Comedy']",['Delinquents']
6097,,OVA,Manga,1,47,Rx - Hentai,5.22,643,,12422,2207,3,,[],['Wise Guy'],"['Comedy', 'Hentai']",['School']
6098,At The Mercy of The Sky,TV,Manga,12,24,PG-13 - Teens 13 or older,7.09,18891,4689,3598,50205,67,2009,['Seinen'],['Studio Comet'],"['Comedy', 'Romance']",['School']
6107,CLAMP School Detectives Shorts,Special,Manga,13,1,G - All Ages,5.89,472,11540,13445,1616,1,,['Shoujo'],['Studio Pierrot'],"['Comedy', 'Mystery']","['Detective', 'School']"
6112,,TV,Visual novel,12,24,R+ - Mild Nudity,6.81,13061,6263,4404,34480,38,2009,[],['Doga Kobo'],"['Action', 'Adventure', 'Comedy', 'Ecchi']","['Historical', 'Martial Arts']"
6114,Rainbow,TV,Manga,26,22,R - 17+ (violence & profanity),8.46,167634,187,635,425766,8665,2010,['Seinen'],['Madhouse'],"['Drama', 'Suspense']","['Delinquents', 'Historical']"
6115,Lupin III vs. Detective Conan,TV Special,Manga,1,104,PG-13 - Teens 13 or older,7.77,20730,1269,4134,39294,49,,['Shounen'],['TMS Entertainment'],"['Action', 'Adventure', 'Comedy', 'Mystery']",[]
6116,Kaasan: Mom's Life,TV,Manga,142,20,PG - Children,7.18,1100,4108,10643,3604,24,2009,[],"['Gallop', 'TYO Animations', 'Dongwoo A&E']",['Comedy'],['Childcare']
6117,The Best!! Extremely Cool Student Council President,TV,Manga,51,24,PG - Children,6.55,2854,7866,7478,9399,20,2009,['Shoujo'],['Shogakukan Music & Digital Entertainment'],"['Comedy', 'Romance']",['School']
6119,,TV,Original,305,6,PG - Children,7.05,785,4860,11097,3187,10,2009,['Kids'],['Studio Deen'],"['Comedy', 'Gourmet']",[]
6120,Shinobi Seduction,OVA,Visual novel,2,27,Rx - Hentai,5.68,1302,,10044,4346,12,,[],['Melissa'],['Hentai'],[]
6122,Cosplay Sex Machine,OVA,Original,2,29,Rx - Hentai,6.67,3098,,8133,7631,30,,[],['Y.O.U.C'],['Hentai'],[]
6124,,OVA,Book,1,20,PG - Children,5.62,166,12845,18033,552,1,,['Kids'],[],"['Adventure', 'Drama', 'Fantasy']",[]
6127,Toradora!: SOS! Hurray for Gourmands,Special,Light novel,4,5,PG-13 - Teens 13 or older,6.42,56445,8691,2190,114127,85,,[],['J.C.Staff'],"['Comedy', 'Gourmet']",[]
6129,Umi Monogatari,TV,Game,12,24,PG-13 - Teens 13 or older,6.65,7947,7293,4612,31241,33,2009,[],['Zexcs'],"['Drama', 'Fantasy', 'Romance']",[]
6130,,TV,Original,40,5,PG-13 - Teens 13 or older,6.96,1662,5372,8808,6220,9,2009,[],['Toei Animation'],['Comedy'],['Educational']
6131,,TV,Original,365,3,PG-13 - Teens 13 or older,5.18,895,14050,11494,2853,3,2009,[],[],['Comedy'],[]
6133,,OVA,Unknown,1,41,Rx - Hentai,4.71,270,,15239,1019,1,,[],[],['Hentai'],[]
6137,,Music,Original,1,4,G - All Ages,6.4,1653,,11373,2950,4,,['Kids'],['Madhouse'],[],['Music']
6148,,OVA,4-koma manga,1,37,PG-13 - Teens 13 or older,6.43,3499,8642,8172,7547,4,,['Seinen'],['Triple A'],['Slice of Life'],['Adult Cast']
6149,Little Miss Maruko,TV,Manga,,23,G - All Ages,7.5,2528,2241,7631,8947,72,1995,['Shoujo'],['Nippon Animation'],['Comedy'],['School']
6150,Sparkling Red Star,Movie,Other,1,81,G - All Ages,6.18,111,10050,18610,497,0,,['Kids'],['Puzzle Animation Studio Limited'],['Slice of Life'],['Historical']
6151,,OVA,Novel,1,28,PG-13 - Teens 13 or older,7.1,13673,4599,4868,27502,11,,[],['A-1 Pictures'],"['Action', 'Fantasy']",['Super Power']
6152,Final Fantasy VII: Advent Children - Venice Film Festival Footage,Movie,Game,1,23,PG-13 - Teens 13 or older,7.69,6285,1492,6350,13957,18,,[],['Square Enix Visual Works'],"['Action', 'Drama', 'Fantasy', 'Sci-Fi']",[]
6153,Saint Seiya: Summary,TV Special,Manga,1,25,PG-13 - Teens 13 or older,7.14,3182,4379,8342,7142,11,,['Shounen'],['Toei Animation'],"['Adventure', 'Fantasy', 'Sci-Fi']",[]
6154,Saint Seiya: The Hades Chapter - Recaps,Special,Manga,2,54,PG-13 - Teens 13 or older,7.73,5178,1379,7042,10909,17,,['Shounen'],['Toei Animation'],"['Adventure', 'Sci-Fi']",[]
6156,Pleasant Goat and Big Big Wolf: The Super Snail Adventure,Movie,Unknown,1,85,G - All Ages,5.83,247,11882,16494,743,0,,['Kids'],[],"['Adventure', 'Comedy']",[]
6162,,Movie,Original,1,27,PG-13 - Teens 13 or older,6.68,9931,7095,5394,21507,37,,[],['Picograph'],"['Action', 'Adventure', 'Sci-Fi']",['Racing']
6163,Black Butler: The Story Thus Far,TV Special,Manga,1,24,R - 17+ (violence & profanity),7.18,16918,4099,3980,42400,89,,['Shounen'],['A-1 Pictures'],"['Action', 'Comedy', 'Mystery', 'Supernatural']","['Historical', 'Mythology']"
6164,Sweet Blue Flowers,TV,Manga,11,22,PG-13 - Teens 13 or older,7.12,39086,4457,2282,107443,422,2009,[],['J.C.Staff'],"['Drama', 'Girls Love']",['School']
6165,White Album Season 2,TV,Visual novel,13,25,PG-13 - Teens 13 or older,6.75,22295,6644,3384,55867,79,2009,[],['Seven Arcs'],"['Drama', 'Romance']","['Harem', 'Idols (Female)', 'Music']"
6166,Cat Planet Cuties,TV,Light novel,12,24,R+ - Mild Nudity,6.58,96042,7670,1309,214218,562,2010,[],['AIC PLUS+'],"['Comedy', 'Romance', 'Sci-Fi', 'Ecchi']",['Harem']
6169,,Movie,Original,1,90,PG-13 - Teens 13 or older,7.03,2790,5014,7736,8650,9,,[],['Kyoto Animation'],"['Action', 'Fantasy']",['Super Power']
6171,Saint Seiya: The Lost Canvas,OVA,Manga,13,24,PG-13 - Teens 13 or older,8.01,64187,741,2161,117004,1061,,['Shounen'],['TMS Entertainment'],"['Action', 'Adventure', 'Fantasy']","['Historical', 'Mythology']"
6172,Professor Layton and the Eternal Diva,Movie,Game,1,99,PG - Children,7.68,17433,1529,4585,31580,196,,[],"['OLM', 'P.A. Works']","['Adventure', 'Mystery']",[]
6178,Pokémon: Arceus and the Jewel of Life,Movie,Game,1,94,PG - Children,7.07,58566,4780,2452,96590,31,,['Kids'],['OLM'],"['Action', 'Adventure', 'Comedy', 'Drama', 'Fantasy']",[]
6181,,OVA,Original,1,28,PG-13 - Teens 13 or older,5.09,659,14209,13079,1787,2,,[],['Toei Animation'],['Fantasy'],[]
6182,,OVA,Other,1,30,R+ - Mild Nudity,6.58,580,7693,12117,2407,2,,[],['Toei Animation'],"['Drama', 'Romance']","['Historical', 'Performing Arts']"
6183,Yoh Shomei Art Gallery Line,OVA,Original,1,24,G - All Ages,5.27,394,13885,14842,1130,1,,[],['Toei Animation'],['Avant Garde'],[]
6184,,OVA,Manga,1,30,R+ - Mild Nudity,5.79,2053,12072,9699,4804,4,,[],['Studio Fantasia'],['Supernatural'],"['Gore', 'Mythology']"
6187,,OVA,Manga,1,21,PG-13 - Teens 13 or older,7.4,15024,2762,4715,29553,11,,['Josei'],['J.C.Staff'],"['Comedy', 'Romance']","['Adult Cast', 'Music', 'Performing Arts']"
6189,,Movie,Original,3,20,PG-13 - Teens 13 or older,5.66,872,12660,11370,2950,0,,[],[],"['Adventure', 'Sci-Fi']",[]
6194,,OVA,Manga,2,27,Rx - Hentai,7.02,5177,,6812,11823,50,,[],['Maboroshi Koubou'],['Hentai'],[]
6195,Rita et Machin,TV,Picture book,26,5,G - All Ages,6.01,128,10975,16318,772,0,2010,[],['Nippon Animation'],['Slice of Life'],[]
6198,Detective Conan OVA 08: High School Girl Detective Sonoko Suzuki's Case Files,OVA,Manga,1,25,PG-13 - Teens 13 or older,7.19,6748,4044,6357,13919,5,,['Shounen'],['TMS Entertainment'],"['Comedy', 'Mystery']",['Detective']
6201,,TV,Visual novel,12,23,R+ - Mild Nudity,6.68,118245,7091,1169,244314,409,2009,[],['GoHands'],"['Comedy', 'Romance', 'Ecchi']","['Harem', 'School']"
6202,King Fang,Special,Novel,1,67,PG-13 - Teens 13 or older,6.72,511,6793,13895,1429,4,,[],['Nippon Animation'],"['Adventure', 'Drama']",[]
6203,Whispered Words,TV,Manga,13,24,PG-13 - Teens 13 or older,7.09,28534,4687,2745,80862,319,2009,['Seinen'],['AIC'],"['Comedy', 'Girls Love']",['School']
6205,Kämpfer,TV,Light novel,12,24,PG-13 - Teens 13 or older,6.35,151962,9064,922,304871,830,2009,[],['Nomad'],"['Action', 'Comedy', 'Romance', 'Ecchi']","['Harem', 'Magical Sex Shift', 'School']"
6206,,Special,Unknown,13,25,,,,18230,20453,361,0,,[],[],['Comedy'],[]
6209,,Special,Original,11,2,PG-13 - Teens 13 or older,6.87,3473,5881,7821,8397,5,,[],['Ashi Productions'],"['Sci-Fi', 'Slice of Life']","['Mecha', 'Music', 'Space']"
6211,Tokyo Magnitude 8.0,TV,Original,11,22,PG-13 - Teens 13 or older,8.0,131530,757,898,314742,1818,2009,[],"['Bones', 'Kinema Citrus']","['Award Winning', 'Drama']",[]
6213,A Certain Scientific Railgun,TV,Manga,24,24,PG-13 - Teens 13 or older,7.65,303159,1644,379,648880,6175,2009,[],['J.C.Staff'],"['Action', 'Fantasy', 'Sci-Fi']","['Super Power', 'Urban Fantasy']"
6215,,Music,Original,1,5,G - All Ages,6.05,1424,,11353,2967,0,,[],['Sunrise'],"['Action', 'Adventure', 'Sci-Fi']","['Music', 'Super Power']"
6217,,Movie,Manga,1,96,G - All Ages,7.09,3840,4659,8431,6965,3,,['Seinen'],['Shin-Ei Animation'],"['Comedy', 'Sci-Fi']",['Historical']
6219,Rainbow Fireflies,Movie,Novel,1,104,G - All Ages,6.99,2327,5212,7636,8944,18,,[],['Toei Animation'],"['Fantasy', 'Romance']",['Time Travel']
6220,The Cougar Trap,OVA,Visual novel,2,27,Rx - Hentai,6.32,2432,,8761,6302,21,,[],['Y.O.U.C'],['Hentai'],[]
6226,,Special,Visual novel,2,15,PG-13 - Teens 13 or older,6.35,1328,9090,9864,4579,0,,[],['OLM'],"['Action', 'Drama', 'Fantasy']",[]
6227,Lovedol ~Lovely Idol~,OVA,Visual novel,1,28,PG-13 - Teens 13 or older,6.12,736,10373,11782,2639,2,,[],"['AIC ASTA', 'TNK']","['Comedy', 'Drama', 'Ecchi']","['Harem', 'Idols (Female)', 'Music']"
6229,,OVA,Novel,32,40,PG-13 - Teens 13 or older,6.94,495,5491,10557,3700,14,,[],['J.C.Staff'],"['Action', 'Drama']","['Historical', 'Military']"
6230,The Fleet of the Rising Sun,OVA,Novel,15,30,PG-13 - Teens 13 or older,6.36,201,9019,13184,1738,2,,[],['J.C.Staff'],"['Action', 'Drama']","['Historical', 'Military']"
6231,Detective Conan Magic File 3: Shinichi and Ran - Memories of Mahjong Tiles and Tanabata,OVA,Manga,1,20,PG-13 - Teens 13 or older,7.41,5984,2701,6488,13285,15,,['Shounen'],['TMS Entertainment'],['Mystery'],[]
6234,,Special,Original,7,0,G - All Ages,6.28,4915,9503,6925,11379,4,,[],['P.A. Works'],['Comedy'],"['Parody', 'School']"
6235,,OVA,Visual novel,2,28,Rx - Hentai,6.14,1494,,9403,5276,9,,[],['Himajin Planning'],['Hentai'],[]
6245,Spirit of Wonder: China-san Short Stories,Special,Manga,3,13,R+ - Mild Nudity,6.6,1190,7583,10724,3518,5,,['Seinen'],['Ajia-do'],"['Comedy', 'Sci-Fi']",[]
6246,,OVA,Manga,1,22,PG-13 - Teens 13 or older,6.73,1505,6725,10122,4241,2,,['Shounen'],['Tezuka Productions'],['Drama'],['Medical']
6251,,Special,4-koma manga,6,7,G - All Ages,6.42,980,8690,11244,3063,2,,[],['HAL Film Maker'],['Slice of Life'],"['CGDCT', 'Iyashikei', 'Visual Arts']"
6261,,TV,Original,26,24,PG - Children,6.09,245,10539,14931,1103,2,1979,['Kids'],['Nippon Animation'],"['Adventure', 'Comedy', 'Drama']",[]
6262,Manga Fairy Tales of the World,TV,Unknown,127,25,G - All Ages,7.47,893,2394,11711,2693,9,1976,[],['Madhouse'],"['Adventure', 'Drama', 'Fantasy']",['Historical']
6266,School Girl,OVA,Novel,1,24,PG-13 - Teens 13 or older,5.38,655,13611,12249,2314,5,,[],['Toei Animation'],['Drama'],['School']
6267,,OVA,Manga,1,24,R - 17+ (violence & profanity),5.67,208,12614,15156,1038,2,,['Shounen'],['Toei Animation'],"['Fantasy', 'Horror']",[]
6268,,OVA,Unknown,1,26,PG-13 - Teens 13 or older,5.67,390,12640,13141,1759,4,,[],['Toei Animation'],['Romance'],[]
6270,Cat City,OVA,Unknown,1,42,PG-13 - Teens 13 or older,6.23,264,9771,13180,1743,3,,[],['Toei Video'],"['Fantasy', 'Horror']",[]
6271,Strange Tales of Modern Mysterious Events,OVA,Unknown,1,46,,6.11,205,10413,13449,1615,1,,[],['Toei Animation'],['Horror'],[]
6272,,OVA,Unknown,1,48,PG-13 - Teens 13 or older,5.93,225,11376,13806,1467,1,,[],['Toei Animation'],[],"['Historical', 'Visual Arts']"
6273,A Drop of Dew: Shouji Ueda's Photographs that Woke the World,OVA,Unknown,1,36,,,,21178,17889,565,0,,[],['Toei Animation'],[],['Historical']
6275,Pokémon Mystery Dungeon: Explorers of Sky—Beyond Time and Darkness,TV Special,Game,1,25,PG - Children,6.65,5089,7276,6957,11250,3,,['Kids'],['OLM'],"['Adventure', 'Fantasy']",[]
6276,The Curse of Kazuo Umezu,OVA,Manga,1,43,R - 17+ (violence & profanity),6.26,4279,9627,7278,10100,38,,[],['Takahashi Studio'],['Horror'],[]
6277,,TV,Unknown,1471,25,G - All Ages,7.08,910,4729,12168,2362,2,1976,[],['Group TAC'],['Fantasy'],['Historical']
6280,,ONA,Manga,1,21,R - 17+ (violence & profanity),6.88,18736,5804,4609,31273,82,,[],['Anima'],"['Action', 'Fantasy']","['Anthropomorphic', 'Military']"
6281,The Asylum Session,Movie,Original,1,65,R - 17+ (violence & profanity),4.84,1229,14513,9819,4637,4,,[],['CoMix Wave Films'],['Sci-Fi'],[]
6286,Sex Starved Nurses,OVA,Visual novel,2,28,Rx - Hentai,6.01,2092,,8747,6323,19,,[],['T-Rex'],['Hentai'],[]
6287,Akikan! OVA,OVA,Light novel,1,23,R+ - Mild Nudity,6.2,13565,9905,4974,25966,5,,[],"[""Brain's Base""]","['Comedy', 'Ecchi']",['Anthropomorphic']
6288,Mobile Suit Gundam 00 The Movie: A Wakening of the Trailblazer,Movie,Original,1,120,R - 17+ (violence & profanity),7.31,41861,3243,3052,67715,254,,[],['Sunrise'],['Sci-Fi'],"['Mecha', 'Space']"
6291,,TV Special,Light novel,1,5,PG-13 - Teens 13 or older,7.35,18417,2985,3985,42298,35,,[],['Kyoto Animation'],[],"['Mecha', 'Military']"
6293,Crows,OVA,Manga,2,46,R - 17+ (violence & profanity),6.92,2623,5597,8930,6048,26,,['Shounen'],['Knack Productions'],['Action'],"['Delinquents', 'School']"
6297,,OVA,Other,12,4,G - All Ages,6.43,405,8597,14755,1153,1,,['Kids'],[],"['Action', 'Adventure', 'Comedy']",['Super Power']
6299,Keep it a Secret from Maria-sama,Special,Light novel,11,0,PG - Children,7.12,2727,4482,8703,6413,3,,['Shoujo'],['Studio Deen'],"['Comedy', 'Girls Love']",[]
6303,,TV,Manga,54,25,PG - Children,6.84,2986,6063,9514,5109,17,1967,[],"['Tokyo Movie Shinsha', 'Studio Zero']","['Adventure', 'Comedy']",[]
6305,,Movie,Unknown,1,4,G - All Ages,5.49,1342,13275,11309,3004,0,,[],[],[],"['Music', 'School']"
6310,,Movie,Manga,1,25,PG-13 - Teens 13 or older,7.01,826,5102,12789,1967,0,,[],['Toei Animation'],"['Comedy', 'Sports']",['Combat Sports']
6311,Sarutobi Ecchan,TV,Unknown,26,24,PG - Children,6.98,739,5264,13126,1764,1,1971,['Kids'],['Toei Animation'],['Comedy'],['School']
6312,You're Under Arrest: Full Throttle Special,Special,Manga,1,23,PG-13 - Teens 13 or older,7.0,1460,5176,10140,4225,1,,['Seinen'],['Studio Deen'],"['Action', 'Comedy']","['Adult Cast', 'Workplace']"
6318,,ONA,Unknown,3,11,PG-13 - Teens 13 or older,5.16,1105,14095,11602,2773,1,,[],['AIC ASTA'],"['Comedy', 'Ecchi']","['Mecha', 'Parody']"
6324,Omamori Himari,TV,Manga,12,24,R+ - Mild Nudity,6.82,125132,6197,1113,254009,785,2010,['Shounen'],['Zexcs'],"['Action', 'Comedy', 'Romance', 'Supernatural', 'Ecchi']","['Harem', 'Mythology', 'School']"
6325,Naruto Shippuden the Movie 3: The Will of Fire,Movie,Manga,1,95,PG-13 - Teens 13 or older,7.34,125532,3062,1258,224485,126,,['Shounen'],['Studio Pierrot'],"['Action', 'Adventure', 'Fantasy']",[]
6327,Miracle Train: Welcome to the Chuo Line,Special,Mixed media,1,1,PG-13 - Teens 13 or older,5.85,918,11766,10134,4228,4,,[],['Yumeta Company'],['Fantasy'],[]
6328,,Special,Visual novel,1,26,Rx - Hentai,5.07,1069,,10822,3440,5,,[],['ORADA COMPANY'],"['Suspense', 'Hentai']",['Psychological']
6330,,Special,Light novel,8,3,PG-13 - Teens 13 or older,6.54,4584,7957,6378,13834,3,,[],['J.C.Staff'],"['Comedy', 'Fantasy']",['Urban Fantasy']
6331,,OVA,Original,1,22,R+ - Mild Nudity,6.51,1146,8200,11707,2694,1,,[],"['AIC', 'Artmic', 'animate Film']","['Comedy', 'Sci-Fi']","['Mecha', 'Military', 'Parody', 'Space']"
6336,Mobile Suit Gundam Unicorn,OVA,Novel,7,62,PG-13 - Teens 13 or older,8.1,55284,597,2274,107981,1691,,[],['Sunrise'],"['Drama', 'Sci-Fi']","['Mecha', 'Military', 'Space']"
6337,,OVA,Manga,4,28,Rx - Hentai,6.23,2646,,8254,7305,20,,[],"['Office Take Off', 'Cafe de Jeilhouse']",['Hentai'],[]
6344,"Corpse Princess: Kuro - Even So, As a Person",Special,Manga,1,23,R - 17+ (violence & profanity),6.9,6522,5731,5914,16876,9,,['Shounen'],['Gainax'],"['Action', 'Horror', 'Supernatural']",[]
6346,Cherry no Manma,OVA,Manga,1,10,PG-13 - Teens 13 or older,4.7,1340,14651,11766,2655,2,,['Shoujo'],['Visual 80'],['Romance'],[]
6347,Baka & Test: Summon the Beasts,TV,Light novel,13,24,PG-13 - Teens 13 or older,7.5,360389,2236,367,668053,5830,2010,[],['SILVER LINK.'],"['Comedy', 'Romance']","['Love Polygon', 'School']"
6351,"Clannad: After Story - Another World, Kyou Chapter",Special,Visual novel,1,23,PG-13 - Teens 13 or older,7.77,176502,1259,1019,277084,591,,[],['Kyoto Animation'],"['Drama', 'Romance']",['School']
6355,,TV Special,Original,1,5,G - All Ages,5.72,777,12371,13135,1761,0,,[],['Toei Animation'],['Comedy'],['Educational']
6361,,Special,Visual novel,1,4,PG-13 - Teens 13 or older,7.02,13338,5034,4501,32706,18,,[],['Shaft'],['Drama'],['Music']
6366,,OVA,Manga,1,69,R+ - Mild Nudity,6.23,809,9757,12807,1952,2,,['Seinen'],['Kitty Film Mitaka Studio'],"['Comedy', 'Drama', 'Romance']",[]
6368,Legend of Regios,Special,Light novel,3,8,R - 17+ (violence & profanity),6.38,2974,8898,6945,11287,9,,[],['Zexcs'],[],[]
6372,Eden of The East the Movie I: The King of Eden,Movie,Original,1,81,PG-13 - Teens 13 or older,7.53,101975,2116,1548,178693,146,,[],['Production I.G'],"['Mystery', 'Romance', 'Sci-Fi', 'Suspense']","['Adult Cast', 'Psychological']"
6374,Eagle Riders,TV,Unknown,52,23,PG-13 - Teens 13 or older,6.79,1037,6358,11125,3159,7,1978,[],['Tatsunoko Production'],"['Action', 'Adventure', 'Sci-Fi']",[]
6375,Eagle Riders (2),TV,Unknown,48,24,PG-13 - Teens 13 or older,6.92,1153,5585,10972,3292,6,1979,[],['Tatsunoko Production'],"['Action', 'Adventure', 'Sci-Fi']",[]
6377,,TV,Manga,13,23,R - 17+ (violence & profanity),7.87,43404,1035,2193,114038,251,2009,['Shounen'],['Shaft'],['Comedy'],"['Gag Humor', 'Parody', 'School']"
6379,,OVA,Manga,1,28,PG-13 - Teens 13 or older,7.08,3860,4720,7427,9555,3,,['Seinen'],['Xebec'],"['Comedy', 'Ecchi']",['School']
6380,Birdy the Mighty: Decode OVA,OVA,Manga,1,27,PG-13 - Teens 13 or older,7.26,10603,3596,5136,24065,12,,['Seinen'],['A-1 Pictures'],"['Action', 'Comedy', 'Sci-Fi']",[]
6381,Strike Witches 2,TV,Original,12,24,R+ - Mild Nudity,7.32,42452,3214,2585,88829,273,2010,[],['AIC Spirits'],"['Action', 'Sci-Fi', 'Ecchi']",['Military']
6383,Chargeman Ken!,TV,Original,65,6,PG - Children,4.44,1871,14810,9516,5105,29,1974,[],['Knack Productions'],"['Action', 'Adventure', 'Sci-Fi']",[]
6384,,OVA,Manga,2,46,PG-13 - Teens 13 or older,6.25,275,9639,15329,997,2,,['Seinen'],"['J.C.Staff', 'animate Film']",['Gourmet'],[]
6385,Pokémon: Slowking's Day,Special,Game,1,3,PG - Children,6.15,6908,10215,6294,14314,2,,['Kids'],['OLM'],['Fantasy'],[]
6390,Route 20: Galactic Airport,Special,Original,1,3,PG-13 - Teens 13 or older,5.58,782,12985,12879,1906,1,,[],['Gainax'],['Sci-Fi'],[]
6392,,OVA,Original,1,24,PG-13 - Teens 13 or older,4.72,11241,14633,5150,23953,44,,[],['Studio Hibari'],"['Sports', 'Ecchi']",[]
6397,Song of the Ladybug,TV,Manga,104,25,G - All Ages,7.16,655,4269,13899,1428,4,1974,[],['Tatsunoko Production'],"['Adventure', 'Slice of Life']",[]
6399,,Music,Other,1,4,G - All Ages,7.33,7968,,6249,14493,16,,[],['Production I.G'],[],['Music']
6401,,Special,Visual novel,1,4,PG-13 - Teens 13 or older,7.21,8392,3894,5522,20070,10,,[],['Shaft'],[],['Music']
6402,,OVA,Original,2,29,Rx - Hentai,6.25,1986,,8911,6085,29,,[],['Studio Ten Carat'],['Hentai'],[]
6408,,Movie,Light novel,1,100,PG-13 - Teens 13 or older,7.33,28794,3087,2970,70994,220,,[],['Production I.G'],"['Drama', 'Mystery', 'Romance']",['School']
6412,,OVA,Original,6,6,PG-13 - Teens 13 or older,5.68,256,12601,14963,1095,2,,[],[],[],['Music']
6413,,OVA,Manga,1,15,PG-13 - Teens 13 or older,6.31,1807,9310,10784,3468,3,,['Shounen'],['Toei Animation'],"['Action', 'Comedy', 'Supernatural']",['Mythology']
6418,,Special,Manga,1,11,PG-13 - Teens 13 or older,6.69,2928,7001,8371,7071,4,,['Shounen'],['Gallop'],['Sports'],['Team Sports']
6419,,OVA,Manga,1,48,R+ - Mild Nudity,5.05,547,14276,12518,2146,2,,['Seinen'],[],"['Comedy', 'Romance', 'Ecchi']",[]
6421,Fullmetal Alchemist: Brotherhood OVA Collection,Special,Manga,4,15,PG-13 - Teens 13 or older,8.0,79400,753,1628,169345,213,,['Shounen'],['Bones'],"['Action', 'Adventure', 'Drama', 'Fantasy']",['Military']
6422,,OVA,Visual novel,2,31,Rx - Hentai,5.71,1607,,9584,4993,7,,[],['Blue Cat'],['Hentai'],[]
6425,,TV,Card game,16,2,PG-13 - Teens 13 or older,6.04,9002,10848,5281,22622,7,2009,[],['Studio Hibari'],"['Comedy', 'Ecchi']",['Strategy Game']
6428,,TV,Original,26,24,R+ - Mild Nudity,6.93,714,5554,12633,2076,2,1983,[],['Knack Productions'],['Sci-Fi'],"['Mecha', 'Super Power']"
6431,Chameko's Day,Movie,Original,1,6,G - All Ages,4.87,764,14478,13868,1439,0,,[],[],['Comedy'],[]
6437,Girl Who Leapt Through Space Picture Drama,Special,Original,9,3,R+ - Mild Nudity,6.25,855,9661,11842,2595,1,,[],['Sunrise'],"['Adventure', 'Comedy', 'Sci-Fi']",['Space']
6438,Detective Conan OVA 09: The Stranger in 10 Years...,OVA,Manga,1,22,PG-13 - Teens 13 or older,7.9,11559,949,5279,22638,15,,['Shounen'],['TMS Entertainment'],"['Adventure', 'Comedy', 'Mystery']",['Detective']
6443,,OVA,Original,3,26,R+ - Mild Nudity,5.86,7955,11683,5189,23536,39,,[],['Studio Fantasia'],"['Action', 'Adventure', 'Comedy', 'Ecchi']",[]
6444,Tegami Bachi: Letter Bee,TV,Manga,25,24,PG-13 - Teens 13 or older,7.6,46735,1830,2016,128031,754,2009,['Shounen'],['Pierrot Plus'],"['Adventure', 'Fantasy']",[]
6447,,OVA,Manga,1,43,PG-13 - Teens 13 or older,6.52,655,8037,13143,1758,0,,['Shounen'],['Ripple Film'],"['Romance', 'Sci-Fi']",['Mecha']
6448,Prince Planet,TV,Original,52,25,PG - Children,5.57,339,13030,14507,1228,1,1965,[],['TCJ'],"['Action', 'Sci-Fi']","['Space', 'Super Power']"
6452,Macron One,TV,Original,53,23,PG-13 - Teens 13 or older,7.27,690,3476,12009,2483,2,1983,[],['Kokusai Eigasha'],['Sci-Fi'],['Mecha']
6460,,Movie,Manga,1,99,G - All Ages,7.53,5711,2107,7489,9366,20,,['Seinen'],['Shin-Ei Animation'],"['Action', 'Adventure', 'Comedy']",[]
6462,Rain Boy,OVA,Manga,1,24,G - All Ages,6.66,1558,7170,11582,2785,5,,['Shounen'],['Tezuka Productions'],['Supernatural'],['Mythology']
6463,The Day I Bought a Star,Movie,Original,1,16,G - All Ages,7.05,870,4865,7626,8958,10,,['Kids'],['Studio Ghibli'],['Sci-Fi'],[]
6465,,OVA,Visual novel,4,27,Rx - Hentai,7.04,4583,,6846,11657,176,,[],['Anime Antenna Iinkai'],['Hentai'],[]
6467,Detective Conan Movie 14: The Lost Ship in the Sky,Movie,Manga,1,102,G - All Ages,8.12,36215,572,3172,63254,83,,['Shounen'],"['Tokyo Movie Shinsha', 'TMS Entertainment']","['Action', 'Mystery']",['Detective']
6468,,TV,Manga,40,30,G - All Ages,7.0,789,5174,12780,1971,2,1971,[],['Tokyo Movie'],['Comedy'],['Gag Humor']
6472,Scary High School Rumors,TV,Unknown,35,5,PG-13 - Teens 13 or older,6.96,835,5359,11211,3085,9,1994,[],['Group TAC'],['Horror'],[]
6479,,Special,Original,1,9,PG-13 - Teens 13 or older,6.72,14215,6791,5018,25565,16,,[],['AIC'],['Girls Love'],['School']
6481,,TV,Unknown,26,11,PG - Children,6.03,169,10884,15002,1082,3,2009,['Kids'],['Asahi Production'],[],[]
6482,,TV,Unknown,26,8,PG - Children,6.13,196,10336,15262,1012,3,2008,['Kids'],['Asahi Production'],[],[]
6484,Saving Soldier Cashman,OVA,Manga,1,15,PG - Children,5.82,1360,11894,11778,2645,1,,['Shounen'],[],"['Action', 'Comedy']",[]
6489,The Familiar of Zero: Rondo of Princesses Picture Drama,Special,Light novel,7,3,PG-13 - Teens 13 or older,6.9,23193,5735,3498,52889,67,,[],['J.C.Staff'],"['Action', 'Adventure', 'Comedy', 'Fantasy', 'Romance', 'Ecchi']","['Harem', 'Isekai', 'School']"
6491,,ONA,Music,12,1,G - All Ages,5.3,964,13817,12389,2223,9,,[],[],['Slice of Life'],['Music']
6492,Minky Momo: The Station of Your Memories,OVA,Original,1,30,G - All Ages,6.79,1008,6364,11735,2679,0,,[],[],['Drama'],['Mahou Shoujo']
6496,,Movie,Manga,1,38,R - 17+ (violence & profanity),6.47,1668,8336,9410,5267,1,,['Shoujo'],['Toei Animation'],"['Action', 'Adventure', 'Comedy', 'Romance', 'Ecchi']",[]
6500,The Qwaser of Stigmata,TV,Manga,24,24,R+ - Mild Nudity,6.31,138643,9334,783,351548,890,2010,['Seinen'],['Hoods Entertainment'],"['Action', 'Fantasy', 'Ecchi']","['Harem', 'School', 'Urban Fantasy']"
6505,There She Is!!,ONA,Original,5,4,G - All Ages,7.79,14053,1228,4997,25770,155,,[],[],"['Comedy', 'Romance']",['Anthropomorphic']
6509,Kiteretsu Encyclopedia,TV,Manga,331,25,PG - Children,7.04,4256,4934,8259,7294,29,1988,['Kids'],['Gallop'],"['Comedy', 'Drama']",[]
6511,Beast Wars Neo,TV,Other,35,23,G - All Ages,6.44,1079,8515,11075,3202,3,1999,[],['Ashi Productions'],"['Adventure', 'Sci-Fi']","['Mecha', 'Space']"
6512,Nyan Koi!,TV,Manga,12,24,PG-13 - Teens 13 or older,7.12,140971,4485,1003,279962,602,2009,[],['AIC'],"['Comedy', 'Romance', 'Supernatural']","['Harem', 'Pets']"
6513,,OVA,Unknown,1,18,G - All Ages,5.59,677,12955,13110,1772,1,,[],[],[],"['Music', 'Space']"
6517,Tamagotchi: Happiest Story in the Universe!,Movie,Unknown,1,90,G - All Ages,6.26,175,9579,16288,776,1,,['Kids'],['OLM'],[],[]
6518,Tamagotchi: The Movie,Movie,Other,1,87,G - All Ages,6.3,385,9361,15291,1003,3,,['Kids'],['OLM'],[],[]
6519,,Movie,Unknown,1,9,G - All Ages,5.97,147,11163,18018,553,1,,['Kids'],[],[],[]
6520,Animated Tamagotchi Found on Television!,TV,Other,27,20,G - All Ages,6.18,201,10009,15645,913,3,1997,['Kids'],[],"['Comedy', 'Fantasy']",[]
6522,,Special,Unknown,7,7,G - All Ages,6.0,156,11029,16896,683,0,,['Kids'],['Asahi Production'],[],[]
6523,,TV,Original,52,5,G - All Ages,6.04,512,10830,14357,1274,2,2003,['Kids'],['Ocon Studio'],[],[]
6524,Pororo to the Cookie Castle,Special,Unknown,1,71,G - All Ages,5.71,139,12436,18643,492,0,,['Kids'],['Ocon Studio'],['Adventure'],[]
6525,Peeping Life: The Perfect Edition,TV,Original,10,5,G - All Ages,5.13,1059,14150,10628,3616,3,2009,[],[],['Comedy'],[]
6527,,Movie,Original,1,70,G - All Ages,6.83,2851,6094,8793,6242,1,,[],['Toei Animation'],"['Action', 'Comedy']",['Mahou Shoujo']
6528,,OVA,Unknown,3,30,G - All Ages,,,21318,18157,540,2,,[],['DLE'],['Comedy'],[]
6531,Forbidden Love Club,OVA,Visual novel,2,29,Rx - Hentai,6.67,2418,,8766,6293,7,,[],['Studio Soul'],['Hentai'],[]
6533,New World,Music,Unknown,1,3,G - All Ages,6.46,1887,,10830,3428,5,,[],['Studio 4°C'],[],['Music']
6535,Love,Movie,Original,1,4,PG-13 - Teens 13 or older,4.22,2639,14868,9903,4525,6,,[],['Kuri Jikken Manga Koubou'],"['Avant Garde', 'Romance']",['Psychological']
6547,Angel Beats!,TV,Original,13,26,PG-13 - Teens 13 or older,8.05,1348378,668,35,2202262,50586,2010,[],['P.A. Works'],"['Drama', 'Fantasy']",['School']
6548,Gurren Lagann: Kirameki★Yoko Box - Pieces of Sweet Stars,Music,Original,1,4,PG-13 - Teens 13 or older,7.15,18145,,4496,32804,28,,[],['Gainax'],['Ecchi'],['Music']
6554,,TV Special,Unknown,1,75,G - All Ages,6.89,692,5755,12820,1946,6,,['Kids'],['Gallop'],"['Adventure', 'Slice of Life']","['Anthropomorphic', 'Iyashikei']"
6555,Pikachu's Great Sparking Search!,Special,Game,1,20,PG - Children,6.29,2817,9445,8168,7552,0,,['Kids'],['OLM'],"['Adventure', 'Comedy', 'Fantasy']",[]
6557,,OVA,Light novel,4,25,PG-13 - Teens 13 or older,6.31,614,9307,12640,2071,2,,[],['J.C.Staff'],"['Adventure', 'Comedy', 'Fantasy']",[]
6558,,OVA,Visual novel,3,27,Rx - Hentai,5.99,2293,,8257,7299,10,,[],['Lyrics'],['Hentai'],[]
6560,Popee the Clown,TV,Original,39,4,R - 17+ (violence & profanity),7.33,5740,3135,6498,13243,369,2000,[],['Zuiyo'],"['Avant Garde', 'Comedy']",['Gag Humor']
6566,,Special,Manga,1,3,PG-13 - Teens 13 or older,6.87,2627,5872,9413,5261,8,,['Shounen'],['Sunrise'],"['Comedy', 'Sci-Fi']",[]
6567,,Special,Manga,1,27,PG-13 - Teens 13 or older,7.12,2862,4512,8192,7486,12,,['Shounen'],['Sunrise'],"['Action', 'Comedy', 'Romance', 'Sci-Fi']",['School']
6568,Our Jury Story,ONA,Unknown,1,22,G - All Ages,5.37,175,13637,17483,608,2,,[],[],[],"['Educational', 'School']"
6571,Here Comes Koume!,TV,Manga,12,5,PG-13 - Teens 13 or older,5.78,505,12116,12728,2015,2,1999,[],"['Gainax', 'Group TAC']","['Comedy', 'Romance']","['Adult Cast', 'Workplace']"
6572,Shakugan no Shana S: OVA Series,OVA,Light novel,4,28,PG-13 - Teens 13 or older,7.34,42817,3072,2599,87874,101,,[],['J.C.Staff'],"['Action', 'Drama', 'Fantasy', 'Romance']","['School', 'Urban Fantasy']"
6573,Darker than Black: Gemini of the Meteor,TV,Original,12,24,R - 17+ (violence & profanity),7.42,238376,2614,627,429382,1523,2009,[],['Bones'],"['Action', 'Mystery']",['Super Power']
6574,Hanamaru Kindergarten,TV,Manga,12,24,PG-13 - Teens 13 or older,7.27,41570,3498,2341,104005,267,2010,['Seinen'],['Gainax'],['Slice of Life'],['Childcare']
6577,Leina-Stol in Wolf Sword Legend,OVA,Original,3,29,PG-13 - Teens 13 or older,7.13,604,4423,13295,1682,0,,[],[],['Fantasy'],"['Mecha', 'Super Power']"
6579,The Daichis: Earth's Defence Family - Into the Depths of Marital Hell,Special,Original,1,22,PG-13 - Teens 13 or older,6.34,274,9104,16147,802,0,,[],['Group TAC'],"['Action', 'Drama']",['Strategy Game']
6581,,Special,Game,1,23,PG-13 - Teens 13 or older,7.13,6024,4441,6476,13319,11,,[],['Production I.G'],['Action'],"['Historical', 'Martial Arts', 'Samurai']"
6582,,TV,Manga,26,13,PG-13 - Teens 13 or older,7.83,3809,1118,7675,8813,30,2009,['Seinen'],['AIC ASTA'],['Comedy'],"['Gag Humor', 'Parody', 'Super Power']"
6583,,TV,Unknown,44,24,G - All Ages,7.23,469,3802,14490,1234,2,1992,[],['Toei Animation'],"['Adventure', 'Comedy', 'Fantasy', 'Sci-Fi']",[]
6586,,TV,Manga,50,24,G - All Ages,7.88,42898,1005,2532,92019,1277,2009,['Shoujo'],['Studio Hibari'],['Gourmet'],['School']
6587,,TV Special,Manga,1,23,R - 17+ (violence & profanity),6.58,2352,7690,8525,6777,2,,['Seinen'],['Sunrise'],"['Action', 'Supernatural']",['Martial Arts']
6590,Hell Knight Ingrid,OVA,Visual novel,4,29,Rx - Hentai,7.03,6416,,5992,16298,220,,[],['Anime Antenna Iinkai'],"['Supernatural', 'Hentai']",[]
6591,Samurai X DVD-BOX Special Ending,Special,Manga,1,2,G - All Ages,7.65,7808,1638,5565,19648,59,,[],['Studio Deen'],['Romance'],['Historical']
6593,Elmer's Adventure: My Father's Dragon,OVA,Book,1,97,G - All Ages,5.94,155,11278,16228,789,0,,['Kids'],['Aubeck'],"['Adventure', 'Fantasy']",[]
6594,Katanagatari,TV,Light novel,12,49,R - 17+ (violence & profanity),8.29,224137,330,423,594317,11033,2010,[],['White Fox'],"['Action', 'Adventure', 'Romance']","['Historical', 'Martial Arts']"
6604,,TV,Manga,50,2,G - All Ages,7.17,1339,4173,9208,5565,11,2009,[],['DAX Production'],['Slice of Life'],['Pets']
6607,,Special,Original,1,3,G - All Ages,5.62,2255,12843,10383,3920,2,,[],[],"['Adventure', 'Fantasy']",[]
6609,,TV,Other,26,23,G - All Ages,6.73,10319,6760,5533,19977,40,2006,[],[],"['Comedy', 'Romance']",['Parody']
6610,King of Thorn,Movie,Manga,1,109,R+ - Mild Nudity,6.86,38271,5930,2694,83513,185,,['Seinen'],['Sunrise'],"['Action', 'Horror', 'Mystery', 'Sci-Fi', 'Suspense']","['Gore', 'Psychological', 'Survival']"
6622,,OVA,Manga,1,29,Rx - Hentai,5.18,733,,11930,2535,6,,[],['Sonsan Kikaku'],['Hentai'],[]
6624,The Garden of Sinners Remix: Gate of Seventh Heaven,Movie,Light novel,1,61,R - 17+ (violence & profanity),7.54,21634,2071,3552,51427,62,,[],['ufotable'],"['Action', 'Fantasy', 'Mystery', 'Romance', 'Suspense']",[]
6625,,TV,4-koma manga,61,25,G - All Ages,6.11,288,10437,13743,1484,2,2001,[],['Toei Animation'],['Comedy'],[]
6628,,Special,Light novel,1,3,G - All Ages,6.14,2373,10250,9209,5565,3,,[],[],['Comedy'],[]
6629,,TV,Manga,54,24,G - All Ages,6.89,568,5734,13530,1577,3,1982,['Shoujo'],['Toei Animation'],['Comedy'],[]
6630,Super Gal Asari: The Dreaming Girl in Fairy World,Movie,Manga,1,24,,5.76,167,12170,16961,674,1,,['Shoujo'],['Toei Animation'],"['Adventure', 'Slice of Life']",[]
6633,Queen's Blade: Inheritor of the Throne,TV,Other,12,24,R+ - Mild Nudity,6.52,23461,8066,3275,59374,95,2009,[],['Arms'],"['Action', 'Adventure', 'Fantasy', 'Ecchi']",[]
6634,Sengoku Basara: Samurai Kings 2,TV,Game,12,24,PG-13 - Teens 13 or older,7.5,34995,2270,2884,74194,168,2010,[],['Production I.G'],"['Action', 'Fantasy']","['Historical', 'Martial Arts', 'Samurai']"
6635,,OVA,Visual novel,2,29,Rx - Hentai,6.15,3198,,7542,9189,25,,[],['Schoolzone'],['Hentai'],[]
6636,Super High Speed Galvion,TV,Original,22,23,PG-13 - Teens 13 or older,6.59,710,7597,11920,2541,3,1984,[],['Artmic'],['Sci-Fi'],['Mecha']
6637,Eden of The East the Movie II: Paradise Lost,Movie,Original,1,92,PG-13 - Teens 13 or older,7.55,84610,2014,1756,152486,127,,[],['Production I.G'],"['Mystery', 'Romance', 'Sci-Fi', 'Suspense']","['Adult Cast', 'Psychological']"
6641,,OVA,4-koma manga,1,1,G - All Ages,5.68,1566,12596,10630,3614,1,,[],['A-1 Pictures'],['Comedy'],['Music']
6645,Chu-Bra!!,TV,Manga,12,23,R+ - Mild Nudity,6.22,23110,9802,3557,51265,50,2010,['Seinen'],['Zexcs'],"['Comedy', 'Ecchi']",['School']
6653,Galaxy Express 999: Claire of the Glass,Movie,Manga,1,15,G - All Ages,6.49,1200,8222,10801,3455,3,,[],['Toei Animation'],"['Drama', 'Sci-Fi']",['Space']
6654,The Dull Sword,Movie,Original,1,5,G - All Ages,5.48,6558,13304,7018,11015,14,,[],[],['Comedy'],['Samurai']
6657,High School Girls Specials,Special,Manga,3,8,PG-13 - Teens 13 or older,6.46,2028,8409,9436,5217,3,,['Seinen'],['Arms'],['Comedy'],['School']
6658,,TV,Original,13,2,PG - Children,4.73,227,14628,15500,952,2,2009,[],['Kachidoki Studio'],['Comedy'],[]
6666,,Music,Unknown,1,4,G - All Ages,6.48,1930,,10874,3381,5,,[],['Studio 4°C'],[],['Music']
6667,,Music,Unknown,1,4,PG-13 - Teens 13 or older,5.56,908,,13415,1632,1,,[],['Studio 4°C'],[],['Music']
6670,Symphony in August,Movie,Book,1,112,PG-13 - Teens 13 or older,6.66,454,7165,12690,2037,1,,[],['WAO World'],[],['Music']
6671,,Movie,Unknown,1,73,PG - Children,5.5,211,13238,17055,656,0,,[],[],"['Adventure', 'Sci-Fi']",[]
6672,Video Warrior Laserion,TV,Unknown,45,24,PG-13 - Teens 13 or older,7.33,733,3149,12659,2055,1,1984,[],['Toei Animation'],['Sci-Fi'],['Mecha']
6674,,TV,Original,52,22,PG-13 - Teens 13 or older,6.47,302,8365,13521,1580,2,1991,[],['TMS Entertainment'],"['Comedy', 'Mystery']",[]
6675,Redline,Movie,Original,1,102,R+ - Mild Nudity,8.29,226703,337,632,427405,6294,,[],['Madhouse'],"['Action', 'Sci-Fi']","['Adult Cast', 'Racing']"
6676,,TV,Light novel,13,24,PG-13 - Teens 13 or older,7.26,33564,3540,3134,64531,96,2009,[],['Seven Arcs'],"['Fantasy', 'Sci-Fi']","['Harem', 'Mecha', 'School']"
6680,Dojoji Temple,Movie,Other,1,18,PG-13 - Teens 13 or older,6.01,984,10951,12198,2337,3,,[],[],"['Award Winning', 'Supernatural']",['Historical']
6682,11eyes,TV,Visual novel,12,25,R - 17+ (violence & profanity),6.04,131054,10802,1151,247263,454,2009,[],['Doga Kobo'],"['Action', 'Supernatural', 'Ecchi']","['Harem', 'Super Power']"
6684,,TV Special,Original,1,4,G - All Ages,5.51,364,13216,15221,1020,0,,[],['Toei Animation'],['Comedy'],['Educational']
6685,,OVA,Visual novel,3,27,Rx - Hentai,6.29,2076,,8610,6594,11,,[],['Anime Antenna Iinkai'],['Hentai'],[]
6686,,OVA,Manga,2,29,Rx - Hentai,6.56,2251,,8450,6914,17,,[],['Suzuki Mirano'],['Hentai'],[]
6687,,OVA,Unknown,3,40,PG-13 - Teens 13 or older,,,15881,18071,548,1,,[],[],['Comedy'],[]
6688,,Movie,Other,1,90,G - All Ages,6.2,312,9912,14430,1249,0,,[],['Mushi Production'],['Slice of Life'],['Historical']
6689,Wife-Swap Diaries,OVA,Visual novel,2,27,Rx - Hentai,6.11,2256,,8761,6302,13,,[],['Y.O.U.C'],['Hentai'],[]
6690,"Tonight, Only Just For You",OVA,Original,5,25,Rx - Hentai,7.02,4097,,7152,10517,54,,[],['Studio Eromatick'],['Hentai'],['Harem']
6691,,OVA,Visual novel,1,27,Rx - Hentai,6.01,1680,,9713,4788,5,,[],['T-Rex'],"['Fantasy', 'Hentai']",[]
6692,Like A Mom,OVA,Visual novel,2,29,Rx - Hentai,6.79,3313,,7989,7919,33,,[],['Y.O.U.C'],['Hentai'],[]
6693,,Movie,Unknown,1,93,G - All Ages,6.12,347,10393,14350,1276,0,,['Kids'],['Tatsunoko Production'],['Comedy'],[]
6694,,OVA,Visual novel,2,29,Rx - Hentai,5.97,3150,,7940,8045,28,,[],['PoRO'],['Hentai'],[]
6695,Hammerboy,Movie,Unknown,1,72,PG - Children,6.08,592,10602,13740,1484,3,,[],[],"['Adventure', 'Comedy', 'Fantasy']",[]
6701,,TV,Book,26,23,PG - Children,6.22,135,9814,16583,731,0,1974,['Kids'],['Eiken'],"['Adventure', 'Fantasy']",[]
6702,Fairy Tail,TV,Manga,175,24,PG-13 - Teens 13 or older,7.57,1062437,1925,60,1846423,48034,2009,['Shounen'],"['Satelight', 'A-1 Pictures']","['Action', 'Adventure', 'Fantasy']",[]
6704,Queen's Blade: The Exiled Virgin,Special,Other,6,2,R+ - Mild Nudity,5.93,7005,11358,5908,16913,11,,[],['Arms'],"['Action', 'Adventure', 'Fantasy', 'Ecchi']",[]
6705,,Special,Visual novel,6,3,PG-13 - Teens 13 or older,6.33,3122,9220,7662,8856,8,,[],['SILVER LINK.'],['Comedy'],[]
6707,Black Butler II,TV,Manga,12,24,R - 17+ (violence & profanity),7.12,339399,4475,416,603244,3205,2010,['Shounen'],['A-1 Pictures'],"['Action', 'Comedy', 'Supernatural']","['Historical', 'Mythology']"
6709,Ai Yori Aoshi: Speaking of Dreams,Special,Manga,1,4,PG-13 - Teens 13 or older,6.73,5259,6717,6876,11545,6,,[],['J.C.Staff'],"['Comedy', 'Romance']",['Harem']
6712,Summer Storm! Open for Business,TV,Manga,13,24,PG-13 - Teens 13 or older,7.29,8526,3381,5250,22809,15,2009,['Shounen'],['Shaft'],"['Comedy', 'Romance', 'Supernatural']",['Time Travel']
6713,Ranma 1/2: Hot Song Contest,OVA,Manga,2,25,PG-13 - Teens 13 or older,7.07,2949,4781,7875,8233,3,,['Shounen'],['Kitty Film Mitaka Studio'],['Comedy'],['Music']
6714,Dragon Ball Z: Gather Together! Goku's World,OVA,Manga,1,30,G - All Ages,6.43,10916,8584,5124,24225,6,,['Shounen'],['Toei Animation'],"['Action', 'Adventure', 'Comedy', 'Fantasy']",['Martial Arts']
6718,,OVA,Original,3,58,PG-13 - Teens 13 or older,6.45,1045,8498,11509,2843,0,,[],['Studio Take Off'],"['Action', 'Adventure', 'Sci-Fi']",['Military']
6721,,ONA,Original,6,6,G - All Ages,5.71,1233,12397,11597,2777,2,,[],['Fanworks'],"['Action', 'Comedy']",['Anthropomorphic']
6726,,TV Special,Manga,3,24,PG-13 - Teens 13 or older,6.76,1458,6545,9868,4573,4,,['Shoujo'],['Studio Pierrot'],"['Drama', 'Romance']",['Reverse Harem']
6727,Mechanical Boy Dotakon,TV,Unknown,28,25,G - All Ages,6.0,181,11013,15282,1010,0,1981,[],[],"['Comedy', 'Sci-Fi']",[]
6728,The Story of Hellen Keller: Angel of Love and Light,TV Special,Unknown,1,72,G - All Ages,6.32,306,9258,14727,1161,1,,[],[],['Drama'],['Historical']
6730,,TV,Unknown,42,23,G - All Ages,6.5,139,8205,17600,595,0,1982,['Kids'],['Tokyo Movie Shinsha'],['Supernatural'],['Childcare']
6731,,TV,Other,26,7,PG - Children,6.65,441,7291,14414,1253,3,1986,['Kids'],[],['Comedy'],['Super Power']
6733,Galaxy Express 999: Can You Live Like A Warrior?,TV Special,Manga,1,93,G - All Ages,6.44,730,8519,12049,2457,0,,[],['Toei Animation'],"['Drama', 'Sci-Fi']",['Space']
6734,Galaxy Express 999: Eternal Traveller Emeraldas,TV Special,Manga,1,48,PG-13 - Teens 13 or older,7.0,1032,5152,11335,2982,0,,[],['Toei Animation'],['Sci-Fi'],['Space']
6735,Galaxy Express 999: Can You Love Like a Mother?!!,TV Special,Manga,1,93,G - All Ages,6.82,881,6166,11675,2719,1,,[],['Toei Animation'],['Sci-Fi'],['Space']
6736,,Special,Novel,1,16,R - 17+ (violence & profanity),6.56,3749,7823,8117,7667,0,,[],['Madhouse'],"['Mystery', 'Supernatural', 'Suspense']",['Historical']
6741,,Special,Game,1,5,PG-13 - Teens 13 or older,6.69,2054,7016,9424,5237,5,,[],['OLM'],"['Action', 'Comedy', 'Fantasy']",['Mythology']
6743,,Special,Visual novel,3,18,PG-13 - Teens 13 or older,6.33,2126,9223,8881,6126,3,,[],[],"['Comedy', 'Fantasy']",[]
6746,Durarara!!,TV,Light novel,24,24,R - 17+ (violence & profanity),8.09,691884,608,97,1492455,30467,2010,[],"[""Brain's Base""]","['Action', 'Mystery', 'Supernatural']",[]
6747,Dance in the Vampire Bund,TV,Manga,12,23,R+ - Mild Nudity,6.97,114380,5291,1158,245608,754,2010,['Seinen'],['Shaft'],"['Action', 'Drama', 'Romance', 'Supernatural']",['Vampire']
6748,Modern Magic Made Simple: Cruncha Cruncha Cruncha,Special,Light novel,1,23,PG-13 - Teens 13 or older,6.59,3337,7665,8587,6643,2,,[],['Nomad'],['Comedy'],[]
6749,,Music,Manga,1,11,PG-13 - Teens 13 or older,6.86,2447,,9176,5638,18,,[],"['Production I.G', 'Trans Arts']",[],['Music']
6758,Armed Librarians: The Book of Bantorra,TV,Light novel,27,24,R - 17+ (violence & profanity),7.19,18199,4058,2913,73130,239,2009,[],['David Production'],"['Action', 'Fantasy']","['Adult Cast', 'Super Power']"
6759,,Movie,Manga,1,8,G - All Ages,5.59,165,12931,18458,510,1,,[],[],['Comedy'],[]
6760,,Movie,Unknown,1,8,G - All Ages,5.38,154,13605,18771,484,0,,[],[],['Comedy'],[]
6761,,Movie,Unknown,1,8,G - All Ages,5.76,154,12173,19021,464,0,,[],[],['Comedy'],[]
6762,,Movie,Unknown,1,8,G - All Ages,5.62,159,12812,18695,490,0,,[],[],['Comedy'],[]
6768,Code Geass: Lelouch of the Rebellion R2 Special Edition - Zero Requiem,OVA,Original,1,116,R - 17+ (violence & profanity),7.77,19334,1261,3539,51820,86,,[],['Sunrise'],['Sci-Fi'],"['Mecha', 'Military', 'Super Power']"
6769,Harvest Festival,Movie,Original,1,2,G - All Ages,4.88,1582,14473,11415,2911,2,,[],[],[],['Music']
6771,Mock & Sweet,TV,Unknown,49,25,PG - Children,6.29,208,9418,15392,983,4,1986,['Kids'],[],"['Adventure', 'Fantasy']",[]
6772,Broken Blade,Movie,Manga,1,51,R - 17+ (violence & profanity),7.64,44981,1653,2593,88333,161,,['Shounen'],"['Production I.G', 'Xebec']",['Fantasy'],"['Adult Cast', 'Mecha', 'Military']"
6773,Shakugan no Shana: Season III,TV,Light novel,24,23,PG-13 - Teens 13 or older,7.51,122094,2223,1148,247498,1154,2011,[],['J.C.Staff'],"['Action', 'Drama', 'Fantasy', 'Romance']","['School', 'Urban Fantasy']"
6774,Welcome to Irabu's Office,TV,Novel,11,23,R - 17+ (violence & profanity),7.93,27677,866,2359,102782,1390,2009,[],['Toei Animation'],"['Avant Garde', 'Drama']","['Adult Cast', 'Medical', 'Psychological']"
6777,The Evening Traveling,Music,Music,1,4,G - All Ages,5.55,631,,14977,1092,3,,[],[],[],['Music']
6779,Rocky Rackat!,TV,Picture book,170,10,PG - Children,7.37,885,2899,13197,1729,10,1993,['Kids'],['Animation 21'],"['Comedy', 'Fantasy']",[]
6783,ef ~ A Tale of Melodies - Recollections,Special,Visual novel,1,58,PG-13 - Teens 13 or older,7.25,4350,3630,6328,14118,7,,[],['Shaft'],"['Drama', 'Mystery', 'Romance']",['Love Polygon']
6787,Goulart Knights: Evoked the Beginning Black,OVA,Original,1,22,PG-13 - Teens 13 or older,5.66,3897,12675,6763,12026,18,,[],['Studio Blanc.'],"['Action', 'Drama', 'Fantasy']",[]
6791,Kanokon: The Great Midsummer Carnival,OVA,Light novel,2,25,R+ - Mild Nudity,6.52,22442,8049,3690,48080,34,,[],['Xebec'],"['Romance', 'Ecchi']",[]
6792,Mobile Suit SD Gundam Mk-V,OVA,Original,3,10,G - All Ages,5.81,1247,11969,10678,3561,1,,[],['Sunrise'],"['Comedy', 'Sci-Fi']","['Mecha', 'Parody']"
6793,Black Butler Special,Special,Manga,1,26,PG-13 - Teens 13 or older,7.51,62095,2207,2081,123089,254,,['Shounen'],['A-1 Pictures'],['Supernatural'],"['Historical', 'Mythology']"
6794,,Special,Manga,1,23,R - 17+ (violence & profanity),6.8,3839,6305,7416,9594,4,,['Seinen'],['Sunrise'],"['Action', 'Supernatural']",['Martial Arts']
6795,,Movie,Original,5,16,R - 17+ (violence & profanity),7.14,8801,4347,5079,24806,86,,[],['Studio 4°C'],"['Avant Garde', 'Fantasy', 'Sci-Fi']",['Music']
6796,"The Ultimate Esper ""R""",OVA,Manga,1,73,PG-13 - Teens 13 or older,6.38,633,8894,12426,2204,5,,['Shounen'],['Studio Coa'],"['Comedy', 'Sci-Fi']",[]
6797,Your Choice!,Movie,Unknown,1,10,G - All Ages,5.49,498,13264,15231,1019,1,,['Kids'],['Yamamura Animation'],['Comedy'],[]
6798,Let's Go! Tamagotchi,TV,Unknown,12,2,G - All Ages,5.68,537,12586,14035,1374,1,2007,['Kids'],['OLM'],[],[]
6800,,OVA,Other,1,23,PG-13 - Teens 13 or older,5.75,1184,12238,11743,2677,3,,[],['Toei Animation'],['Sci-Fi'],['Mecha']
6802,Sound of the Sky,TV,Original,12,24,PG-13 - Teens 13 or older,7.55,58853,2045,1587,173863,1534,2010,[],['A-1 Pictures'],"['Sci-Fi', 'Slice of Life']","['CGDCT', 'Iyashikei', 'Military', 'Music']"
6809,,OVA,Original,1,41,R - 17+ (violence & profanity),5.85,1892,11781,8968,6002,12,,[],[],['Horror'],[]
6811,InuYasha: The Final Act,TV,Manga,26,24,PG-13 - Teens 13 or older,8.2,153877,447,919,306785,2325,2009,['Shounen'],['Sunrise'],"['Action', 'Adventure', 'Fantasy', 'Romance']","['Historical', 'Love Polygon', 'Mythology', 'Time Travel']"
6822,,TV,Picture book,26,5,G - All Ages,6.12,192,10390,16362,765,0,2009,['Kids'],['Nippon Animation'],['Slice of Life'],['Anthropomorphic']
6823,,Movie,Other,1,7,G - All Ages,4.62,905,14715,13003,1836,1,,[],[],['Fantasy'],[]
6827,The Sparrows' Lodge,Movie,Unknown,1,10,G - All Ages,5.18,517,14063,15151,1043,0,,[],[],['Fantasy'],[]
6828,The Sun and the Frogs,Movie,Original,1,1,G - All Ages,4.3,650,14851,14701,1166,0,,[],[],['Comedy'],[]
6829,Over a Drink,Movie,Original,1,10,G - All Ages,5.08,691,14230,13983,1397,0,,[],[],['Action'],[]
6830,Hatanosuke Takes Down the Inazuma Gang,Movie,Original,1,1,G - All Ages,4.64,636,14699,14551,1213,0,,[],[],['Action'],"['Historical', 'Samurai']"
6831,Hatanosuke and the Haunted House,Movie,Original,1,1,G - All Ages,4.7,669,14653,14054,1371,1,,[],[],['Supernatural'],[]
6832,Danemon's Monster Hunt at Shojoji,Movie,Original,1,9,G - All Ages,5.16,904,14097,13271,1693,1,,[],[],['Supernatural'],[]
6833,Ninja Fireball in Edo,Movie,Original,1,1,G - All Ages,3.96,917,14910,13206,1726,0,,[],[],['Action'],[]
6834,Ta-chan's Underwater Adventure,Movie,Original,1,1,G - All Ages,4.33,879,14843,13381,1646,0,,[],[],['Adventure'],[]
6835,Why is the Sea Water Salty?,Movie,Original,1,10,G - All Ages,5.65,858,12742,13326,1671,1,,[],[],[],['Historical']
6836,Tiny Chibisuke's Big Adventure,Movie,Original,1,9,G - All Ages,4.98,738,14370,13699,1505,0,,[],[],['Action'],['Samurai']
6837,Hyoei and Heibei's Tengu Hunt,Movie,Original,1,8,G - All Ages,5.01,813,14333,13505,1590,0,,[],[],['Comedy'],[]
6838,Dekobo the Big Head's Road Trip,Movie,Original,1,1,G - All Ages,4.06,1032,14894,13074,1789,1,,[],[],['Adventure'],[]
6839,Taro's Early Training Days,Movie,Original,1,5,G - All Ages,4.77,561,14586,15030,1078,0,,[],[],['Action'],['Samurai']
6840,Mabo's Big Race,Movie,Original,1,1,G - All Ages,4.61,752,14719,13991,1394,0,,[],[],"['Comedy', 'Sports']",[]
6841,Mabo as Tokichiro Kinoshita,Movie,Original,1,6,G - All Ages,5.0,827,14342,13434,1625,0,,[],[],[],['Samurai']
6842,"Swim, Monkey, Swim!",Movie,Original,1,10,G - All Ages,4.93,522,14423,15361,992,0,,[],[],['Sports'],[]
6843,Baby Kangaroo's Birthday Surprise,Movie,Original,1,9,G - All Ages,5.29,727,13838,13848,1448,3,,[],[],['Adventure'],['Anthropomorphic']
6844,Sankichi the Monkey: The Air Combat,Movie,Original,1,3,G - All Ages,4.39,826,14823,13855,1447,0,,[],[],[],['Military']
6846,The Bear Dodger,Movie,Original,1,9,G - All Ages,4.91,514,14446,15285,1008,0,,[],[],['Adventure'],['Music']
6847,Gulliver's Great Activities,Movie,Book,1,9,G - All Ages,5.05,517,14279,15324,1001,1,,[],[],['Adventure'],[]
6848,The Animal Village in Trouble,Movie,Original,1,8,G - All Ages,4.97,531,14383,15243,1018,0,,[],[],['Action'],[]
6849,Dankichi on a Tropical Island,Movie,Manga,1,1,G - All Ages,4.27,730,14856,14177,1332,0,,[],[],['Adventure'],[]
6850,2nd Lieutenant Norakuro: Sunday Magic,Movie,Manga,1,1,G - All Ages,4.79,631,14569,14385,1262,0,,[],[],['Action'],['Military']
6851,The Underwater Tyrant,Movie,Original,1,1,G - All Ages,4.43,703,14814,14385,1262,1,,[],[],['Adventure'],[]
6855,Uproar in Heaven,Movie,Novel,1,114,G - All Ages,6.73,554,6731,13887,1431,9,,[],['Shanghai Animation Film Studio'],['Adventure'],[]
6856,,Music,Unknown,1,4,G - All Ages,5.25,779,,14185,1329,2,,[],[],[],['Music']
6857,Momotaro's Sea Eagles,Movie,Original,1,36,G - All Ages,4.84,1076,14522,12220,2328,0,,['Kids'],['Shochiku Animation Institute'],[],"['Historical', 'Military']"
6861,Water Brain,Special,Original,1,14,G - All Ages,5.92,633,11416,13640,1533,0,,[],[],"['Avant Garde', 'Fantasy', 'Sci-Fi']",[]
6862,K-ON! Live House!,Special,4-koma manga,1,23,PG-13 - Teens 13 or older,7.85,104970,1057,1597,172870,297,,[],['Kyoto Animation'],['Comedy'],"['CGDCT', 'Music', 'School']"
6864,,OVA,Manga,2,34,PG-13 - Teens 13 or older,8.19,34811,474,2632,86615,197,,['Seinen'],['Production I.G'],"['Drama', 'Mystery', 'Supernatural']",[]
6867,Halo Legends,ONA,Game,8,14,PG-13 - Teens 13 or older,6.98,24734,5244,3861,44640,235,,[],"['Bones', 'Bee Train', 'Production I.G', 'Studio 4°C', 'Toei Animation']","['Action', 'Drama', 'Sci-Fi']",['Military']
6868,Little Wansa,TV,Manga,26,25,PG - Children,7.06,480,4844,13509,1586,1,1973,[],['Mushi Production'],['Comedy'],[]
6872,Cyborg 009,Movie,Manga,1,63,G - All Ages,6.34,1847,9106,9787,4678,2,,['Shounen'],['Toei Animation'],"['Action', 'Adventure', 'Drama', 'Sci-Fi']",[]
6875,Iron Man,TV,Other,12,24,PG-13 - Teens 13 or older,6.04,14518,10818,4587,31535,32,2010,[],['Madhouse'],"['Action', 'Drama']",['Super Power']
6877,Pokémon: Pichu Bros. in Party Panic,Special,Game,1,20,PG - Children,6.49,6871,8241,6302,14269,9,,['Kids'],['OLM'],"['Adventure', 'Comedy', 'Fantasy']",[]
6878,,Special,Original,2,1,G - All Ages,6.3,1229,9400,12380,2228,0,,[],['Kanaban Graphics'],"['Adventure', 'Comedy']","['Anthropomorphic', 'Gag Humor']"
6880,Deadman Wonderland,TV,Manga,12,24,R - 17+ (violence & profanity),7.13,719238,4395,120,1318051,7126,2011,['Shounen'],['Manglobe'],"['Action', 'Sci-Fi', 'Supernatural', 'Suspense']","['Gore', 'High Stakes Game', 'Survival']"
6882,Hatsukoi Limited Shorts,Special,Manga,6,4,PG-13 - Teens 13 or older,6.64,9162,7320,5730,18228,7,,['Shounen'],['J.C.Staff'],"['Comedy', 'Ecchi']",['School']
6883,Umi Monogatari: Faithful Hearts,Special,Game,1,23,PG-13 - Teens 13 or older,6.68,1757,7105,9494,5137,1,,[],['Zexcs'],"['Comedy', 'Fantasy']",[]
6884,Spice and Wolf II Specials,Special,Light novel,2,3,PG-13 - Teens 13 or older,7.05,30424,4882,3136,64391,150,,[],"[""Brain's Base"", 'Marvy Jack']",['Supernatural'],['Adult Cast']
6885,At The Mercy of The Sky Specials,Special,Manga,3,2,PG-13 - Teens 13 or older,6.53,3018,8020,8665,6491,2,,['Seinen'],['Studio Comet'],"['Comedy', 'Romance']",['School']
6889,,TV,Unknown,52,24,PG-13 - Teens 13 or older,6.2,466,9945,13382,1646,2,1979,[],['Tatsunoko Production'],"['Adventure', 'Comedy', 'Sci-Fi']","['Mecha', 'Super Power']"
6890,,ONA,Manga,5,12,G - All Ages,6.6,1326,7566,10989,3282,3,,['Seinen'],['Encourage Films'],['Comedy'],[]
6891,Sexual Pursuit 2,OVA,Visual novel,2,28,Rx - Hentai,6.36,2255,,9052,5848,8,,[],['Y.O.U.C'],['Hentai'],[]
6892,,OVA,Visual novel,2,29,Rx - Hentai,6.83,5368,,6517,13147,85,,[],['Suzuki Mirano'],['Hentai'],[]
6893,Demon Father,OVA,Visual novel,2,29,Rx - Hentai,6.93,30761,,3250,60515,488,,[],['PoRO'],['Hentai'],[]
6895,Hakuoki ~Demon of the Fleeting Blossom~,TV,Visual novel,12,23,R - 17+ (violence & profanity),7.36,72661,2935,1563,177466,1924,2010,['Josei'],['Studio Deen'],"['Action', 'Drama', 'Supernatural']","['Historical', 'Samurai']"
6896,,Special,Manga,9,4,PG-13 - Teens 13 or older,7.33,21928,3132,3720,47608,108,,[],['Xebec'],['Comedy'],[]
6899,Stitch! The Mischievous Alien's Great Adventure,TV,Other,29,25,G - All Ages,6.15,982,10230,11252,3052,4,2009,['Kids'],['Madhouse'],"['Adventure', 'Comedy', 'Sci-Fi']",[]
6900,,TV,Game,143,25,G - All Ages,6.96,593,5387,12327,2274,14,2009,['Kids'],['OLM Digital'],['Comedy'],[]
6901,,TV,Card game,50,23,PG - Children,7.17,1808,4147,9690,4818,12,2009,[],['Sunrise'],"['Adventure', 'Fantasy']","['Isekai', 'Military', 'Strategy Game']"
6902,The Legend of the Strongest General: Romance of the Three Kingdoms,TV,Novel,52,25,PG-13 - Teens 13 or older,6.83,460,6133,11090,3190,7,2010,[],"['Future Planet', 'Beijing Huihuang Animation Company']",[],['Historical']
6903,Naughty College School Girls,OVA,Unknown,1,28,Rx - Hentai,4.71,477,,13439,1623,2,,[],['Obtain Future'],['Hentai'],[]
6904,,OVA,Manga,1,28,R - 17+ (violence & profanity),7.59,16677,1844,3685,48215,70,,['Seinen'],['Satelight'],"['Action', 'Horror', 'Supernatural']","['Adult Cast', 'Gore', 'Military', 'Vampire']"
6907,Extraterrestrial Oranges,TV,Unknown,26,0,G - All Ages,5.45,265,13395,16324,771,2,,[],[],['Comedy'],[]
6909,Jungle Emperor Leo,TV Special,Manga,1,106,G - All Ages,6.76,1091,6550,11649,2740,2,,[],['Tezuka Productions'],['Adventure'],[]
6917,"Anyway, It Doesn't Matter",TV,Manga,43,25,G - All Ages,7.3,566,3335,13819,1458,7,1987,['Shounen'],['Studio Comet'],['Comedy'],['Gag Humor']
6918,Wolverine,TV,Other,12,23,PG-13 - Teens 13 or older,6.03,13678,10894,4734,29270,25,2011,[],['Madhouse'],"['Action', 'Drama']",['Super Power']
6919,X-Men,TV,Other,12,23,PG-13 - Teens 13 or older,6.31,13968,9348,4708,29724,31,2011,[],['Madhouse'],"['Action', 'Drama']",['Super Power']
6920,Blade,TV,Other,12,23,R - 17+ (violence & profanity),6.22,12309,9798,4624,31029,40,2011,[],['Madhouse'],"['Action', 'Drama', 'Horror', 'Supernatural']",['Vampire']
6922,Fate/stay night: Unlimited Blade Works,Movie,Visual novel,1,105,R - 17+ (violence & profanity),7.41,130485,2673,1161,245565,926,,[],['Studio Deen'],"['Action', 'Fantasy']",['Urban Fantasy']
6927,Eden of The East Compilation: Air Communication; Higashi no Eden Recap,Movie,Original,1,123,PG-13 - Teens 13 or older,7.57,14082,1932,4280,36670,22,,[],['Production I.G'],"['Mystery', 'Romance', 'Sci-Fi', 'Suspense']","['Adult Cast', 'Psychological']"
6930,Doraemon the Movie: The Record of Nobita's Spaceblazer,Movie,Unknown,1,102,PG - Children,7.41,5911,2670,7426,9562,2,,['Kids'],['Shin-Ei Animation'],"['Adventure', 'Comedy', 'Fantasy']",[]
6932,,OVA,4-koma manga,1,28,PG-13 - Teens 13 or older,5.93,975,11343,12115,2406,0,,[],['Indeprox'],['Comedy'],[]
6935,The Researcher's Search - Perspectivenbox,Movie,Original,1,4,G - All Ages,5.11,765,14179,13745,1483,2,,[],['Yamamura Animation'],['Slice of Life'],[]
6937,Hermes: Winds of Love,Movie,Novel,1,114,PG-13 - Teens 13 or older,5.19,653,14034,12893,1894,1,,[],['Animation Staff Room'],"['Drama', 'Fantasy']",[]
6939,The Laws of Eternity,Movie,Original,1,113,PG-13 - Teens 13 or older,5.03,613,14302,12912,1880,4,,[],['Group TAC'],"['Fantasy', 'Sci-Fi']",[]
6941,,Special,Manga,1,27,PG-13 - Teens 13 or older,6.96,4110,5388,7617,8987,9,,['Shounen'],['ufotable'],"['Action', 'Adventure', 'Comedy', 'Gourmet']",['Super Power']
6942,The Legend of Marine Snow,TV Special,Unknown,1,94,G - All Ages,7.02,573,5047,13746,1483,2,,[],[],['Sci-Fi'],[]
6945,Gintama: Jump Festa 2008 Special,Special,Manga,1,10,PG-13 - Teens 13 or older,8.36,37067,266,2848,75850,92,,[],['Sunrise'],"['Action', 'Comedy', 'Sci-Fi']","['Historical', 'Parody']"
6946,,OVA,Manga,3,8,R - 17+ (violence & profanity),6.87,6861,5887,6147,15199,39,,['Seinen'],['TYO Animations'],['Comedy'],"['Parody', 'Strategy Game']"
6947,,TV,Original,12,3,PG-13 - Teens 13 or older,5.51,709,13229,13255,1702,0,2009,[],['Robot Communications'],"['Comedy', 'Sci-Fi']",[]
6948,,TV Special,Light novel,1,24,R - 17+ (violence & profanity),7.29,23991,3342,3508,52659,53,,[],['Shaft'],"['Mystery', 'Romance', 'Supernatural']",[]
6950,,Movie,Original,1,9,R+ - Mild Nudity,3.6,1635,14950,11490,2857,1,,[],['Kuri Jikken Manga Koubou'],"['Avant Garde', 'Fantasy']",[]
6951,Yu-Gi-Oh! 3D: Bonds Beyond Time,Movie,Manga,1,49,PG-13 - Teens 13 or older,7.15,32662,4326,3491,53144,88,,['Shounen'],['Gallop'],['Adventure'],"['Strategy Game', 'Time Travel']"
6953,Clap Vocalism,Movie,Other,1,2,PG-13 - Teens 13 or older,2.77,3080,14988,9756,4724,2,,[],['Kuri Jikken Manga Koubou'],['Avant Garde'],[]
6954,The Garden of Sinners Chapter 8: Epilogue,Special,Light novel,1,33,PG-13 - Teens 13 or older,7.23,68340,3780,1981,131271,352,,[],['ufotable'],['Mystery'],[]
6956,Wagnaria!!,TV,4-koma manga,13,24,PG-13 - Teens 13 or older,7.64,214234,1687,586,455448,2538,2010,['Seinen'],['A-1 Pictures'],"['Comedy', 'Romance']","['Love Status Quo', 'Workplace']"
6958,,OVA,Manga,1,9,PG-13 - Teens 13 or older,6.73,5679,6741,7126,10623,5,,['Shounen'],['Nippon Animation'],"['Comedy', 'Gourmet']",['CGDCT']
6959,,OVA,4-koma manga,1,24,PG-13 - Teens 13 or older,7.06,2448,4806,9376,5304,1,,[],['AIC PLUS+'],['Slice of Life'],"['CGDCT', 'School', 'Visual Arts']"
6964,,Special,Manga,1,6,PG-13 - Teens 13 or older,6.47,5317,8383,6559,12944,13,,['Shounen'],['Studio Pierrot'],"['Action', 'Supernatural']","['Martial Arts', 'Mythology']"
6965,Kaiketsu Zorori Movie,Movie,Unknown,1,53,G - All Ages,6.03,236,10866,16479,746,1,,[],['TMS Entertainment'],"['Adventure', 'Comedy']",[]
6970,,TV,Original,31,25,PG-13 - Teens 13 or older,7.23,572,3759,13290,1683,3,1977,[],['Toei Animation'],"['Adventure', 'Sci-Fi']",['Mecha']
6971,,TV,Manga,45,24,G - All Ages,7.24,1232,3705,10464,3806,4,1971,['Shounen'],['Toei Animation'],"['Adventure', 'Supernatural']",['Mythology']
6973,Night Raid 1931,TV,Original,13,24,R - 17+ (violence & profanity),6.83,13252,6137,3698,47931,62,2010,[],['A-1 Pictures'],['Action'],"['Historical', 'Military', 'Super Power']"
6974,Occult Academy,TV,Original,13,24,R - 17+ (violence & profanity),7.06,44611,4831,2242,110203,201,2010,[],['A-1 Pictures'],"['Comedy', 'Mystery', 'Sci-Fi', 'Supernatural']","['School', 'Time Travel']"
6975,Koro's Big Day Out,Special,Original,1,14,G - All Ages,6.59,526,7612,10479,3790,2,,[],['Studio Ghibli'],['Adventure'],['Pets']
6978,The Monster Of Frankenstein,TV Special,Novel,1,89,R - 17+ (violence & profanity),5.69,843,12530,12139,2385,2,,[],['Toei Animation'],"['Drama', 'Horror', 'Sci-Fi']",[]
6979,Blessing of the Campanella,TV,Visual novel,12,24,R+ - Mild Nudity,6.32,12410,9285,4433,33996,29,2010,[],['AIC'],"['Adventure', 'Fantasy']",['Harem']
6980,,TV,Picture book,23,19,PG - Children,7.32,5942,3185,5714,18343,52,2009,['Kids'],['Toei Animation'],"['Horror', 'Mystery', 'Supernatural']",[]
6981,Super Zugan,TV,Manga,21,25,PG-13 - Teens 13 or older,6.95,437,5461,13470,1606,3,1992,['Shounen'],['Studio Deen'],['Comedy'],['Strategy Game']
6984,,Special,4-koma manga,3,24,PG-13 - Teens 13 or older,7.75,9943,1311,5604,19391,10,,[],['Shaft'],['Slice of Life'],"['CGDCT', 'Iyashikei', 'School', 'Visual Arts']"
6985,The Rebirth of Buddha,Movie,Book,1,114,PG-13 - Teens 13 or older,5.87,3303,11644,8155,7569,8,,[],['Group TAC'],"['Romance', 'Supernatural']",['Psychological']
6986,,OVA,Visual novel,2,28,Rx - Hentai,6.33,3233,,7551,9168,12,,[],['Suzuki Mirano'],['Hentai'],[]
6987,Aki Sora,OVA,Manga,1,21,R+ - Mild Nudity,5.88,66715,,2058,124705,351,,['Seinen'],['Hoods Entertainment'],['Erotica'],[]
6988,Doraemon the Movie: Nobita's Great Battle of the Mermaid KIng,Movie,Manga,1,99,PG - Children,7.32,5630,3167,7523,9254,5,,"['Kids', 'Shounen']",['Shin-Ei Animation'],"['Adventure', 'Comedy', 'Fantasy']",[]
6989,Space Ace,TV,Manga,52,25,G - All Ages,5.92,248,11425,14713,1163,2,1965,[],['Tatsunoko Production'],"['Action', 'Adventure', 'Sci-Fi']",[]
6992,,ONA,Original,1,39,PG-13 - Teens 13 or older,6.01,844,10959,12438,2196,0,,[],['Barnum Studio'],"['Adventure', 'Sci-Fi']",[]
6993,,Movie,Original,1,13,G - All Ages,5.84,1319,11807,11798,2628,2,,[],['Toei Animation'],['Comedy'],[]
6994,Kitty's Studio,Movie,Original,1,16,G - All Ages,6.15,1131,10201,12106,2412,4,,[],['Toei Animation'],['Comedy'],[]
6999,The Prince of Tennis: Another Story - Messages From Past and Future OVA Bonus,Special,Manga,2,3,PG-13 - Teens 13 or older,7.07,2662,4788,8593,6640,3,,[],['M.S.C'],['Comedy'],[]
7004,Calimero (1992),TV,Other,52,21,G - All Ages,6.21,1242,9894,11480,2869,2,1992,[],"['Visual 80', 'Teleimage']",['Comedy'],[]
7014,Buddha: The Great Departure,Movie,Manga,1,111,R - 17+ (violence & profanity),6.97,3573,5330,7006,11046,19,,[],['Toei Animation'],"['Drama', 'Supernatural']","['Historical', 'Military']"
7016,Valkyria Chronicles: Theater,Special,Game,9,3,PG-13 - Teens 13 or older,6.77,5210,6513,6713,12215,3,,[],['A-1 Pictures'],['Comedy'],[]
7017,K-On!: Ura-On!,Special,Original,7,2,G - All Ages,6.39,35593,8835,3075,66607,90,,[],['Kyoto Animation'],['Comedy'],[]
7020,,Movie,Original,1,4,G - All Ages,4.06,655,14895,14447,1245,2,,[],[],"['Avant Garde', 'Comedy']",[]
7021,,Movie,Original,1,22,G - All Ages,4.87,593,14481,14620,1192,0,,[],['Kuri Jikken Manga Koubou'],"['Award Winning', 'Comedy']",[]
7022,,Movie,Original,1,9,PG-13 - Teens 13 or older,3.64,923,14947,13478,1599,0,,[],['Kuri Jikken Manga Koubou'],"['Avant Garde', 'Comedy']",[]
7024,,Movie,Original,1,4,R+ - Mild Nudity,3.87,1272,14920,12542,2137,2,,[],['Kuri Jikken Manga Koubou'],"['Avant Garde', 'Award Winning', 'Comedy']",[]
7025,The Midnight Parasites,Movie,Original,1,9,R - 17+ (violence & profanity),5.1,1576,14196,11271,3042,9,,[],['Kuri Jikken Manga Koubou'],"['Avant Garde', 'Horror']",[]
7026,,Movie,Original,1,5,G - All Ages,4.66,700,14690,14394,1260,0,,[],['Kuri Jikken Manga Koubou'],['Comedy'],[]
7027,,Movie,Original,1,7,G - All Ages,4.67,861,14679,13632,1536,3,,[],['Kuri Jikken Manga Koubou'],['Comedy'],[]
7028,,Movie,Original,1,2,G - All Ages,3.81,1044,14933,13200,1729,1,,[],['Kuri Jikken Manga Koubou'],['Comedy'],[]
7029,The Man Next Door,Movie,Original,1,9,G - All Ages,4.64,710,14704,14205,1323,1,,[],['Kuri Jikken Manga Koubou'],['Comedy'],[]
7030,,Movie,Original,1,3,PG - Children,4.36,1000,14829,13182,1740,0,,[],['Kuri Jikken Manga Koubou'],['Comedy'],[]
7031,Au Fou!,Movie,Original,1,13,PG-13 - Teens 13 or older,4.71,789,14646,13847,1450,0,,[],['Kuri Jikken Manga Koubou'],['Fantasy'],[]
7032,,Movie,Original,1,6,G - All Ages,4.95,669,14403,14511,1227,0,,[],['Kuri Jikken Manga Koubou'],['Comedy'],[]
7041,Seto no Hanayome OVA Extras,Special,Manga,2,0,PG-13 - Teens 13 or older,7.33,5232,3144,6415,13630,2,,[],['Gonzo'],['Comedy'],"['Parody', 'School']"
7044,,OVA,Manga,2,26,R - 17+ (violence & profanity),7.77,17774,1280,3954,42847,39,,['Shounen'],['Shaft'],['Comedy'],"['Gag Humor', 'Parody', 'School']"
7045,Doraemon the Movie: Nobita's the Legend of the Sun King,Movie,Unknown,1,91,PG - Children,7.45,8746,2483,6409,13682,9,,"['Kids', 'Shounen']",['Shin-Ei Animation'],"['Adventure', 'Comedy', 'Fantasy']",['Historical']
7048,,TV,Unknown,50,23,PG-13 - Teens 13 or older,6.76,1050,6543,12167,2362,3,2003,[],['Sunrise'],['Sports'],['Racing']
7052,,OVA,Novel,4,28,R+ - Mild Nudity,5.82,163,11935,14679,1173,1,,['Seinen'],['Magic Bus'],['Action'],"['Historical', 'Martial Arts', 'Samurai']"
7053,,OVA,Visual novel,3,29,Rx - Hentai,7.11,10878,,4923,26667,159,,[],['T-Rex'],['Hentai'],[]
7054,Maid Sama!,TV,Manga,26,24,PG-13 - Teens 13 or older,7.99,776678,768,113,1340782,23819,2010,['Shoujo'],['J.C.Staff'],"['Comedy', 'Romance']",['School']
7058,The Betrayal Knows My Name,TV,Manga,24,23,R - 17+ (violence & profanity),7.22,40285,3872,2256,108908,1031,2010,['Shoujo'],['J.C.Staff'],"['Adventure', 'Boys Love', 'Drama', 'Supernatural']","['Mythology', 'Reincarnation']"
7059,,OVA,Other,1,52,PG-13 - Teens 13 or older,7.1,108600,4587,1546,179319,815,,[],['Ordet'],"['Action', 'Drama', 'Fantasy']","['School', 'Super Power']"
7060,Ring of Gundam,Special,Original,1,5,G - All Ages,5.15,2330,14121,9101,5744,4,,[],['Sunrise'],['Sci-Fi'],"['Mecha', 'Space']"
7062,,TV,4-koma manga,12,24,PG-13 - Teens 13 or older,7.94,14591,848,4610,31279,151,2010,[],['Shaft'],['Slice of Life'],"['CGDCT', 'Iyashikei', 'School', 'Visual Arts']"
7066,Mahoromatic: I'm Home!,TV Special,Manga,2,23,R+ - Mild Nudity,7.03,4389,4991,7083,10758,5,,['Seinen'],['Gainax'],"['Comedy', 'Romance', 'Sci-Fi', 'Ecchi']",[]
7071,Belly Drum Dance at Shojoji Temple,Movie,Original,1,1,G - All Ages,4.67,672,14682,14429,1250,0,,['Kids'],[],[],[]
7079,Okamikakushi: Masque of the Wolf,TV,Visual novel,12,24,PG-13 - Teens 13 or older,6.34,32174,9137,2829,76792,92,2010,[],['AIC'],"['Horror', 'Mystery', 'Supernatural', 'Suspense']",['Psychological']
7081,LBX: Little Battlers eXperience,TV,Game,44,23,G - All Ages,7.1,5367,4591,6817,11782,59,2011,['Kids'],['OLM'],[],['Mecha']
7082,,TV,Manga,25,21,PG - Children,6.69,38485,7031,2801,78261,181,2009,['Shoujo'],['Satelight'],['Comedy'],"['Mahou Shoujo', 'School']"
7083,,Special,Light novel,6,2,PG-13 - Teens 13 or older,6.38,2988,8885,7442,9512,9,,['Shoujo'],['Artland'],"['Adventure', 'Supernatural']","['Historical', 'Mythology']"
7088,Demon King Daimao,TV,Light novel,12,23,R+ - Mild Nudity,6.7,317528,6959,443,562701,1320,2010,[],['Artland'],"['Action', 'Comedy', 'Fantasy', 'Romance', 'Ecchi']","['Harem', 'School']"
7090,,OVA,Original,2,28,G - All Ages,6.47,196,8357,15557,938,0,,[],['Sunrise'],"['Comedy', 'Fantasy', 'Sci-Fi']",['Mecha']
7092,,OVA,Manga,1,29,PG-13 - Teens 13 or older,5.77,143,12161,14781,1147,1,,['Seinen'],['Production I.G'],"['Comedy', 'Sports']","['School', 'Team Sports']"
7103,Miracle Train: Welcome to the Oedo Line,TV,Mixed media,13,23,PG-13 - Teens 13 or older,6.51,7970,8114,5492,20376,41,2009,[],['Yumeta Company'],['Fantasy'],[]
7106,Golden Warrior: The Gold Lightan,TV,Original,52,25,PG-13 - Teens 13 or older,6.31,359,9329,13337,1662,3,1981,[],['Tatsunoko Production'],"['Adventure', 'Sci-Fi']",['Mecha']
7108,,Special,Manga,1,3,PG-13 - Teens 13 or older,6.07,1818,10684,9615,4938,2,,[],['Gainax'],['Comedy'],[]
7109,Captain Fatz and the Seamorphs,TV,Unknown,52,25,PG - Children,6.44,201,8522,15973,842,1,2001,[],[],"['Action', 'Adventure', 'Fantasy']",[]
7110,,OVA,Manga,1,33,Rx - Hentai,5.47,10279,,5313,22303,89,,[],['Zyc'],"['Boys Love', 'Hentai']",[]
7112,,Movie,Novel,1,48,G - All Ages,6.3,602,9363,11978,2500,4,,[],['KAGAYA Studio'],"['Avant Garde', 'Drama', 'Fantasy', 'Mystery']",[]
7113,,OVA,Original,1,2,G - All Ages,6.77,3765,6467,8015,7854,8,,[],['Sunrise'],['Sci-Fi'],['Mecha']
7117,,Movie,Unknown,1,9,R+ - Mild Nudity,6.36,608,9033,14212,1321,0,,[],[],['Drama'],['Historical']
7122,Great Yamato No. 0,OVA,Original,5,41,PG-13 - Teens 13 or older,6.62,622,7421,12484,2172,1,,[],['JCF'],['Sci-Fi'],"['Adult Cast', 'Space']"
7124,,OVA,Original,3,25,G - All Ages,6.34,196,9123,16712,710,1,,[],['Sunrise'],"['Comedy', 'Fantasy', 'Sci-Fi']",['Mecha']
7135,,Movie,Manga,1,84,PG-13 - Teens 13 or older,6.78,7044,6428,5288,22519,21,,[],"['Shaft', 'Studio Pastoral']","['Adventure', 'Supernatural']",[]
7139,,OVA,Light novel,1,44,R+ - Mild Nudity,5.65,751,12712,12968,1852,1,,[],['Ashi Productions'],"['Fantasy', 'Sci-Fi']",[]
7144,Space Battleship Yamato: Resurrection,Movie,Original,1,134,PG-13 - Teens 13 or older,7.07,1953,4789,9416,5252,7,,[],[],"['Action', 'Adventure', 'Drama', 'Sci-Fi']","['Adult Cast', 'Military', 'Space']"
7148,Ladies versus Butlers!,TV,Light novel,12,24,R+ - Mild Nudity,6.55,115127,7876,1193,238039,321,2010,[],['Xebec'],"['Comedy', 'Romance', 'Ecchi']","['Harem', 'School']"
7152,,TV,Original,50,23,G - All Ages,7.32,2641,3158,7235,10267,68,2009,[],['Satelight'],['Comedy'],[]
7154,,OVA,Visual novel,1,29,Rx - Hentai,4.91,272,,14951,1098,1,,[],[],['Hentai'],[]
7155,Watch Me Sink My Putz,OVA,Manga,1,27,Rx - Hentai,4.73,392,14618,13748,1480,1,,[],['Gainax'],['Sports'],[]
7156,Arei's Mirror ~ Way to the Virgin Space,Movie,Unknown,1,26,G - All Ages,5.86,1175,11684,11887,2561,0,,[],['Toei Animation'],"['Action', 'Adventure', 'Sci-Fi']",['Space']
7157,Dr. Slump and Arale-chan: N-cha! From Penguin Village with Love,Movie,Manga,1,31,PG-13 - Teens 13 or older,6.76,859,6544,12498,2164,0,,['Shounen'],['Toei Animation'],"['Comedy', 'Sci-Fi']",['Gag Humor']
7158,Dr. Slump and Arale-chan: N-cha!! Excited Heart of Summer Vacation,Movie,Manga,1,20,PG-13 - Teens 13 or older,6.82,796,6164,12757,1995,0,,['Shounen'],['Toei Animation'],"['Comedy', 'Sci-Fi']",['Gag Humor']
7160,Leave it to Mecha-Doc,TV,Manga,30,23,PG-13 - Teens 13 or older,7.26,992,3608,10595,3654,13,1984,['Shounen'],['Tatsunoko Production'],"['Action', 'Comedy', 'Mystery']","['Detective', 'Racing']"
7162,,OVA,Unknown,3,39,R+ - Mild Nudity,5.28,335,,14745,1157,2,,[],['Knack Productions'],"['Comedy', 'Hentai']",['Parody']
7164,,Special,Original,4,5,PG-13 - Teens 13 or older,5.85,461,11740,15350,995,0,,[],[],"['Comedy', 'Fantasy']",['Anthropomorphic']
7169,Briar-Rose or The Sleeping Beauty,Movie,Other,1,21,R+ - Mild Nudity,6.09,627,10535,13537,1571,1,,[],[],"['Award Winning', 'Drama']",['Historical']
7170,House of Flames,Movie,Other,1,19,PG-13 - Teens 13 or older,6.1,987,10475,11310,3007,7,,[],[],['Supernatural'],"['Historical', 'Mythology']"
7171,,Movie,Other,1,7,PG-13 - Teens 13 or older,6.06,1150,10737,12142,2383,2,,[],[],"['Award Winning', 'Supernatural']","['Historical', 'Mythology']"
7174,,TV Special,Other,4,2,PG - Children,5.97,789,11165,13882,1433,1,,['Kids'],['OLM'],[],[]
7175,,TV,Unknown,11,11,PG-13 - Teens 13 or older,5.69,210,12520,15867,865,0,2009,[],['DLE'],['Comedy'],"['Parody', 'Super Power']"
7176,,TV,Book,26,3,G - All Ages,6.42,1709,8651,10525,3733,3,2009,['Kids'],['GoHands'],['Comedy'],[]
7177,,TV,Manga,32,19,G - All Ages,,,16775,16043,827,2,2009,[],[],['Comedy'],[]
7178,,OVA,Original,2,29,Rx - Hentai,6.77,3107,,7674,8816,27,,[],['Melissa'],['Hentai'],[]
7179,,OVA,Visual novel,2,28,Rx - Hentai,6.25,1987,,9024,5913,13,,[],['Studio Soul'],"['Supernatural', 'Hentai']","['Harem', 'School']"
7189,Table Cat,TV,Other,26,3,G - All Ages,,,18079,16315,772,0,2009,[],[],['Comedy'],[]
7192,Superdimensional Romanesque Samy: Missing 99,OVA,Original,1,58,PG-13 - Teens 13 or older,5.24,1176,13932,11736,2681,3,,[],"['Anime R', 'Aubeck', 'Project Team Eikyuu Kikan']","['Action', 'Sci-Fi']",[]
7193,,TV,Novel,12,23,R - 17+ (violence & profanity),7.65,68386,1619,1211,234095,1614,2009,[],['Madhouse'],"['Drama', 'Suspense']","['Historical', 'Psychological']"
7211,,TV,Other,26,5,G - All Ages,,,19907,17009,667,0,2010,[],['TMS Entertainment'],['Comedy'],[]
7216,My Favorite Fairy Tales,OVA,Unknown,10,11,G - All Ages,5.91,186,11475,16554,734,5,,['Kids'],[],"['Adventure', 'Fantasy']",[]
7222,Macross Frontier: The Wings of Farewell,Movie,Original,1,114,PG-13 - Teens 13 or older,7.98,15066,791,4675,30277,141,,[],['Satelight'],"['Award Winning', 'Romance', 'Sci-Fi']","['Mecha', 'Military', 'Music', 'Space']"
7229,,ONA,Manga,12,16,PG - Children,6.5,783,8152,10968,3293,1,,[],[],['Drama'],['Medical']
7230,,ONA,Original,1,22,PG-13 - Teens 13 or older,6.1,946,10471,12039,2466,0,,[],['Barnum Studio'],"['Adventure', 'Sci-Fi']",[]
7243,Aquatic,Movie,Unknown,1,5,G - All Ages,5.01,945,14332,13067,1790,0,,[],[],"['Avant Garde', 'Comedy']",[]
7244,Japanese-English Pictionary,Movie,Unknown,1,12,G - All Ages,5.23,521,13952,15000,1085,0,,[],['Yamamura Animation'],['Comedy'],[]
7245,The World's Most Famous Tales,TV,Unknown,26,24,G - All Ages,7.27,649,3527,13275,1692,3,1995,[],['Toei Animation'],['Fantasy'],[]
7247,,TV,Original,52,5,PG - Children,5.66,312,12689,15479,959,5,2009,['Kids'],['Kate Arrow'],"['Comedy', 'Sports']",['Combat Sports']
7248,Gunbuster Renewal EX,Special,Original,3,2,PG-13 - Teens 13 or older,5.7,2884,12495,8081,7726,1,,[],['Gainax'],['Sci-Fi'],"['Mecha', 'Space']"
7252,The Enchanted Journey,Movie,Book,1,84,G - All Ages,6.09,264,10530,16211,791,2,,['Kids'],['Studio Korumi'],"['Adventure', 'Drama', 'Fantasy']",[]
7254,,TV Special,Visual novel,1,56,PG-13 - Teens 13 or older,6.82,1145,6172,10599,3647,3,,[],['Yumeta Company'],"['Action', 'Fantasy']","['Historical', 'Isekai', 'Military', 'Time Travel']"
7255,The Breaking of Branches is Forbidden,Movie,Original,1,13,G - All Ages,5.39,564,13577,14651,1182,0,,[],[],['Comedy'],[]
7257,A Poet's Life,Movie,Original,1,19,PG - Children,5.68,883,12587,12567,2114,6,,[],[],"['Award Winning', 'Drama', 'Fantasy']",['Psychological']
7258,,Movie,Original,1,12,PG-13 - Teens 13 or older,5.44,675,13425,13628,1535,2,,[],[],['Fantasy'],['Psychological']
7259,Anthropo-Cynical Farce,Movie,Original,1,8,PG-13 - Teens 13 or older,4.9,660,14454,14161,1335,0,,[],[],['Comedy'],"['Parody', 'Psychological']"
7261,,Special,Original,24,0,G - All Ages,6.96,2935,5365,9005,5948,21,,[],[],['Comedy'],[]
7262,,OVA,Visual novel,2,28,Rx - Hentai,5.95,2144,,8423,6975,14,,[],['PoRO'],['Hentai'],[]
7264,,OVA,Original,2,28,Rx - Hentai,5.76,1871,,8823,6197,11,,[],['T-Rex'],['Hentai'],[]
7265,Girl in the Shell,OVA,Visual novel,2,27,Rx - Hentai,5.64,2916,,7823,8394,24,,[],['Flavors Soft'],"['Mystery', 'Hentai']",[]
7266,,OVA,Visual novel,1,32,Rx - Hentai,6.4,3417,,7742,8624,16,,[],['T-Rex'],['Hentai'],[]
7268,,OVA,Visual novel,2,28,Rx - Hentai,6.17,2478,,8277,7248,19,,[],['PoRO'],['Hentai'],[]
7270,Mobile Suit Gundam 00 Special Edition,OVA,Original,3,99,PG-13 - Teens 13 or older,7.58,4570,1894,6556,12967,29,,[],['Sunrise'],"['Drama', 'Sci-Fi']","['Mecha', 'Military']"
7273,The Death Lullaby,Movie,Original,1,27,R+ - Mild Nudity,5.74,1861,12272,9721,4774,36,,[],[],"['Avant Garde', 'Drama']",[]
7276,,OVA,Manga,2,29,Rx - Hentai,6.44,2648,,8397,7024,7,,[],['Cafe de Jeilhouse'],['Hentai'],[]
7279,,OVA,Manga,2,43,PG-13 - Teens 13 or older,6.31,2250,9342,8903,6102,4,,['Seinen'],['Oxybot'],"['Action', 'Drama', 'Sci-Fi']",['Space']
7285,Galaxy Express 999: Beyond the Diamond Ring,Movie,Unknown,1,16,G - All Ages,6.62,330,7421,12705,2032,1,,[],['Toei Animation'],"['Adventure', 'Drama', 'Sci-Fi']",[]
7290,Cyborg 009 and the Monster Wars,Movie,Unknown,1,60,PG - Children,6.41,1273,8709,11230,3075,1,,[],['Toei Animation'],"['Action', 'Adventure', 'Sci-Fi']",[]
7294,Licca: Mysterious Magical Ring,OVA,Other,2,25,G - All Ages,6.82,752,6190,13270,1691,1,,[],['Ajia-do'],"['Adventure', 'Fantasy']",[]
7295,,Music,Original,1,2,G - All Ages,6.26,1290,,12555,2129,2,,['Kids'],[],['Fantasy'],['Music']
7296,,Music,Original,1,2,G - All Ages,5.25,471,,15864,866,0,,['Kids'],[],[],['Music']
7303,Detective Conan: Black History,TV Special,Manga,1,24,PG-13 - Teens 13 or older,7.54,3271,2076,7547,9175,6,,['Shounen'],['TMS Entertainment'],"['Adventure', 'Comedy', 'Mystery']",['Detective']
7304,Detective Conan Movie 08: Time Travel of the Silver Sky Recap,TV Special,Manga,1,25,PG-13 - Teens 13 or older,7.81,11311,1160,5218,23176,7,,[],['TMS Entertainment'],"['Adventure', 'Mystery']",[]
7305,Detective Conan Movie 10: Requiem of the Detectives Recap,TV Special,Manga,1,23,PG-13 - Teens 13 or older,7.64,4563,1670,6953,11258,4,,['Shounen'],['TMS Entertainment'],"['Adventure', 'Comedy', 'Mystery']",['Detective']
7307,,TV,Manga,108,23,G - All Ages,7.34,1256,3048,10562,3691,2,1985,[],['Toei Animation'],"['Comedy', 'Supernatural']",[]
7308,Future Boy Conan Movie,Movie,Novel,1,122,PG-13 - Teens 13 or older,7.15,1024,4310,10691,3551,4,,[],['Nippon Animation'],"['Adventure', 'Drama', 'Sci-Fi']",[]
7311,The Disappearance of Haruhi Suzumiya,Movie,Light novel,1,161,PG-13 - Teens 13 or older,8.6,329770,115,377,649984,14308,,[],['Kyoto Animation'],"['Award Winning', 'Mystery', 'Sci-Fi', 'Supernatural']",['School']
7314,,Movie,Unknown,1,87,G - All Ages,5.85,542,11785,13618,1539,0,,['Kids'],['Madhouse'],"['Adventure', 'Fantasy']",[]
7322,,Special,Manga,12,2,PG-13 - Teens 13 or older,6.74,7944,6688,5854,17303,13,,['Seinen'],['Madhouse'],"['Comedy', 'Ecchi']","['Crossdressing', 'School']"
7329,Hamtaro Movie 1: Ham Ham Land Big Adventure,Movie,Unknown,1,50,PG - Children,6.62,1299,7458,10932,3324,4,,['Kids'],['TMS Entertainment'],"['Adventure', 'Comedy']",[]
7330,,Movie,Unknown,1,54,PG - Children,6.58,878,7718,11896,2557,3,,['Kids'],['TMS Entertainment'],"['Adventure', 'Comedy']",[]
7333,Loving Angel Angelique: Radiant Tomorrow Special,Special,Visual novel,1,26,PG-13 - Teens 13 or older,6.65,899,7268,11931,2535,1,,['Shoujo'],['Satelight'],"['Fantasy', 'Romance']",['Reverse Harem']
7334,Bakugan: Gundalian Invaders,TV,Original,39,24,G - All Ages,6.41,32380,8700,3410,55310,122,2011,[],['TMS Entertainment'],"['Action', 'Adventure', 'Fantasy']",['Strategy Game']
7336,Cyborg 009: Legend of the Super Galaxy,Movie,Unknown,1,129,PG-13 - Teens 13 or older,6.78,1298,6412,10452,3819,5,,[],['Toei Animation'],"['Action', 'Sci-Fi']",['Space']
7337,"Hetalia Axis Powers: Paint it, White!",Movie,Web manga,1,80,PG-13 - Teens 13 or older,7.06,34791,4811,3206,61679,211,,[],['Studio Deen'],['Comedy'],"['Historical', 'Parody']"
7338,Darker Than Black: Gemini of the Meteor OVAs,Special,Original,4,24,R - 17+ (violence & profanity),7.9,147934,935,1046,269901,850,,[],['Bones'],"['Action', 'Mystery']",['Super Power']
7343,Youbi Masochist Animation,OVA,Unknown,2,33,Rx - Hentai,5.09,326,,15373,989,3,,[],[],['Hentai'],[]
7354,,Movie,Original,1,2,G - All Ages,5.82,161,11896,15877,862,0,,[],[],[],['Historical']
7363,,Special,Manga,1,6,PG-13 - Teens 13 or older,5.95,1733,11238,10124,4239,4,,[],['Toei Animation'],['Action'],['Martial Arts']
7364,Dragon Quest Great Adventure of Dai! Destroy!! The Reborn 6 Commanders,Movie,Manga,1,40,PG-13 - Teens 13 or older,6.57,959,7732,11326,2988,1,,['Shounen'],['Toei Animation'],"['Action', 'Adventure', 'Fantasy']",[]
7366,Please Save My Earth Movie: From Alice to Rin-kun,Movie,Manga,1,98,PG-13 - Teens 13 or older,6.64,548,7306,11629,2758,5,,['Shoujo'],['Production I.G'],"['Drama', 'Romance', 'Sci-Fi']",[]
7367,,Special,Manga,1,27,PG-13 - Teens 13 or older,6.78,26157,6431,3333,57599,37,,['Shounen'],['Studio Pierrot'],"['Action', 'Fantasy']",[]
7374,A Hundred Percents,OVA,Manga,1,53,R+ - Mild Nudity,5.09,357,14203,14083,1362,0,,[],['J.C.Staff'],['Drama'],[]
7375,,Special,Light novel,4,5,PG-13 - Teens 13 or older,6.84,10961,6068,5090,24612,3,,[],['J.C.Staff'],['Comedy'],['Parody']
7376,Nutcracker Fantasy,Movie,Unknown,1,94,G - All Ages,6.24,464,9700,13998,1390,6,,[],[],"['Drama', 'Fantasy', 'Romance']",[]
7377,Winter Sonata Prologue: The First Snow Wish,TV Special,Other,1,25,PG-13 - Teens 13 or older,6.51,2212,8098,9816,4639,2,,[],"['Studio Comet', 'KeyEast', 'REALTHING']","['Drama', 'Romance']",[]
7395,Mix Master: King of Cards,TV,Unknown,39,25,PG - Children,6.41,803,8703,12451,2187,9,2005,[],['Nippon Animation'],"['Adventure', 'Fantasy']",['Strategy Game']
7396,,OVA,Visual novel,1,8,PG-13 - Teens 13 or older,6.64,7525,7346,5608,19379,4,,[],['asread.'],"['Comedy', 'Fantasy', 'Romance']","['Harem', 'School', 'Urban Fantasy']"
7398,World Famous Fairy Tale Series,,Unknown,20,10,G - All Ages,6.07,230,10681,15299,1006,2,,[],[],['Fantasy'],[]
7405,,TV,Original,51,20,PG - Children,6.72,427,6806,14927,1103,2,1991,[],[],['Adventure'],['Super Power']
7411,Kanojo x Kanojo x Kanojo,OVA,Visual novel,3,29,Rx - Hentai,7.53,26222,,3481,53453,638,,[],['Studio Eromatick'],['Hentai'],['Harem']
7415,,Music,Original,1,5,G - All Ages,6.07,973,,13276,1691,6,,[],[],[],['Music']
7416,Socket,Movie,Unknown,1,10,G - All Ages,6.16,156,10157,19570,421,0,,['Kids'],[],[],[]
7419,,TV,Unknown,50,25,G - All Ages,,,21514,18052,551,3,1989,['Kids'],[],"['Action', 'Adventure', 'Comedy', 'Fantasy', 'Sci-Fi']","['Parody', 'Super Power']"
7420,,Movie,Unknown,6,12,PG-13 - Teens 13 or older,5.61,159,12852,17568,597,0,,[],[],['Drama'],['Psychological']
7423,,ONA,Original,1,3,G - All Ages,5.2,332,14017,17038,663,0,,[],[],['Fantasy'],[]
7427,,Special,Other,2,22,PG-13 - Teens 13 or older,5.91,476,11448,13177,1741,0,,[],['Gonzo'],"['Action', 'Comedy', 'Sci-Fi', 'Ecchi']","['Parody', 'Super Power']"
7430,,OVA,Manga,1,18,PG-13 - Teens 13 or older,6.42,1620,8666,10128,4232,0,,['Shounen'],['Toei Animation'],"['Action', 'Adventure', 'Comedy', 'Romance', 'Supernatural', 'Ecchi']",['Super Power']
7435,Dragon Quest: Great Adventure of Dai,Movie,Manga,1,31,G - All Ages,6.56,977,7804,10645,3596,7,,['Shounen'],['Toei Animation'],"['Action', 'Adventure', 'Fantasy']",[]
7436,Dragon Quest Great Adventure of Dai! Disciple of Aban.,Movie,Manga,1,40,PG-13 - Teens 13 or older,6.53,814,7988,11532,2827,3,,['Shounen'],['Toei Animation'],"['Action', 'Adventure', 'Fantasy']",[]
7445,Karo & Piyobupt: A House,Movie,Original,1,4,G - All Ages,4.94,515,14410,15484,957,1,,[],['Yamamura Animation'],['Comedy'],[]
7446,Karo & Piyobupt: The Sandwiches,Movie,Original,1,4,G - All Ages,4.91,504,14442,15619,925,0,,[],['Yamamura Animation'],['Comedy'],[]
7448,,TV,Original,18,1,G - All Ages,5.27,213,13878,16659,720,0,1994,[],[],['Comedy'],[]
7449,,Special,Original,1,1,G - All Ages,5.23,242,13964,17938,560,0,,[],[],['Comedy'],[]
7450,,Movie,Unknown,1,14,G - All Ages,5.33,410,13736,16241,785,1,,[],['Yamamura Animation'],['Comedy'],[]
7451,Kid's Castle,Movie,Unknown,1,4,G - All Ages,5.27,556,13870,15206,1024,0,,[],['Yamamura Animation'],['Comedy'],[]
7452,,TV,Other,66,1,G - All Ages,4.92,216,14426,16675,716,1,2001,[],[],['Comedy'],[]
7453,,Special,Original,3,4,R+ - Mild Nudity,5.52,2302,13162,8578,6664,8,,[],['Studio Fantasia'],['Ecchi'],[]
7455,,OVA,Visual novel,1,27,Rx - Hentai,5.31,970,,11134,3153,3,,[],['Studio 9 Maiami'],['Hentai'],['School']
7456,,OVA,Visual novel,2,28,Rx - Hentai,6.7,5500,,6382,13822,53,,[],['Studio 9 Maiami'],['Hentai'],[]
7458,,OVA,Visual novel,1,30,Rx - Hentai,6.07,2245,,8661,6495,18,,[],['Studio Eromatick'],['Hentai'],[]
7459,,OVA,Original,16,5,PG-13 - Teens 13 or older,5.67,177,12645,17502,606,0,,[],[],"['Avant Garde', 'Fantasy', 'Mystery']",[]
7461,A Komaneko Christmas: The Lost Present,Movie,Unknown,1,19,G - All Ages,6.12,264,10371,16954,676,0,,[],['dwarf'],"['Comedy', 'Fantasy']",[]
7463,,TV,Card game,12,2,PG-13 - Teens 13 or older,6.03,5463,10893,6671,12423,4,2010,[],['Studio Hibari'],"['Comedy', 'Ecchi']",['Strategy Game']
7465,Time of Eve,Movie,Original,1,106,PG-13 - Teens 13 or older,7.96,58665,821,1976,131435,597,,[],['Studio Rikka'],"['Sci-Fi', 'Slice of Life']",[]
7466,RUN!,ONA,Original,1,0,G - All Ages,5.8,708,12007,14320,1287,0,,[],[],['Comedy'],[]
7468,,Special,Visual novel,6,9,R+ - Mild Nudity,6.19,5961,9991,5906,16918,9,,[],['GoHands'],"['Comedy', 'Ecchi']","['Harem', 'School']"
7471,Detective Conan Movie 09: Strategy Above the Depths Recap,TV Special,Manga,1,24,PG-13 - Teens 13 or older,7.6,4241,1822,7135,10584,2,,['Shounen'],['TMS Entertainment'],"['Adventure', 'Comedy', 'Mystery']",['Detective']
7472,Gintama: The Movie,Movie,Manga,1,95,R - 17+ (violence & profanity),8.53,102348,147,1558,177755,641,,['Shounen'],['Sunrise'],"['Action', 'Comedy', 'Sci-Fi']","['Historical', 'Parody', 'Samurai']"
7473,Rennyo and His Mother,Movie,Unknown,1,93,PG - Children,,,19833,17643,590,0,,[],[],[],['Historical']
7474,Please Teacher!: Marie Love Theater,Special,Original,1,2,PG-13 - Teens 13 or older,6.68,5577,7088,6551,12978,5,,[],[],"['Comedy', 'Drama', 'Romance', 'Sci-Fi']",[]
7475,That Girl is 1000%,OVA,Manga,1,10,PG-13 - Teens 13 or older,5.36,1770,13656,10938,3321,0,,['Shoujo'],['Visual 80'],['Romance'],['School']
7477,To Shoot Without Shooting,Movie,Other,1,25,PG - Children,6.26,554,9586,14431,1248,2,,[],[],"['Action', 'Adventure', 'Supernatural']","['Historical', 'Martial Arts']"
7479,Karate Master,TV,Manga,47,24,PG-13 - Teens 13 or older,7.3,663,3299,12083,2432,3,1973,['Shounen'],['TMS Entertainment'],['Sports'],"['Combat Sports', 'Historical']"
7482,,OVA,Manga,1,36,PG-13 - Teens 13 or older,4.92,1209,14433,11821,2610,1,,[],['Shaft'],['Romance'],['School']
7485,,Movie,Other,1,1,G - All Ages,4.69,1947,14667,10777,3475,1,,[],[],[],['Historical']
7488,Karo & Piyobupt: Imagination,Movie,Original,1,4,G - All Ages,5.11,502,14180,15506,951,0,,[],['Yamamura Animation'],['Fantasy'],[]
7491,Dragon Quest - Emblem of Roto,Movie,Game,1,45,G - All Ages,6.17,842,10064,11848,2587,0,,['Shounen'],['Nippon Animation'],"['Action', 'Adventure', 'Fantasy']",[]
7494,,Movie,Other,1,9,G - All Ages,5.32,1053,13773,12963,1854,4,,[],[],['Fantasy'],[]
7495,,Movie,Other,1,5,G - All Ages,,,19207,19884,398,1,,[],[],['Supernatural'],[]
7496,,Movie,Novel,1,8,G - All Ages,5.33,632,13746,13505,1590,2,,[],[],['Adventure'],[]
7497,A Ship of Oranges,Movie,Other,1,6,G - All Ages,4.68,808,14674,13308,1679,1,,[],[],[],['Historical']
7498,The Animal Olympics,Movie,Original,1,13,G - All Ages,5.52,828,13170,13366,1650,2,,[],[],"['Comedy', 'Sports']",[]
7500,,Movie,Original,1,11,G - All Ages,,,18442,17630,591,0,,[],[],[],['Historical']
